2026-09-13 21:05:22 | INFO | [INFO] First download for TEST 5m, limit = 1500
2026-09-13 21:05:23 | WARNING | [RETRY] TEST 5m: 400 Client Error: Bad Request for url: https://api.toobit.com/quote/v1/klines?symbol=TEST&interval=5m&limit=1500, retrying in 1s...
2026-09-13 21:05:26 | WARNING | [RETRY] TEST 5m: 400 Client Error: Bad Request for url: https://api.toobit.com/quote/v1/klines?symbol=TEST&interval=5m&limit=1500, retrying in 2s...
2026-09-13 21:05:29 | ERROR | [ERROR] Download failed for TEST 5m after 3 attempts: 400 Client Error: Bad Request for url: https://api.toobit.com/quote/v1/klines?symbol=TEST&interval=5m&limit=1500
2026-09-13 21:05:29 | ERROR | [ERROR] Download failed for TEST 5m: 400 Client Error: Bad Request for url: https://api.toobit.com/quote/v1/klines?symbol=TEST&interval=5m&limit=1500
2026-09-13 21:56:18 | WARNING | [WARN] BTC-SWAP-USDT 5m: data is 2101.3 min old (max 15 min), skipping
2026-09-13 21:56:18 | WARNING | [WARN] BTC-SWAP-USDT 15m: data is 2111.3 min old (max 45 min), skipping
2026-09-13 21:56:18 | WARNING | [WARN] BTC-SWAP-USDT 1h: data is 2156.3 min old (max 180 min), skipping
2026-09-13 21:56:18 | WARNING | [WARN] BTC-SWAP-USDT 4h: data is 2276.3 min old (max 720 min), skipping
2026-09-13 21:56:18 | WARNING | [WARN] BTC-SWAP-USDT: no fresh data available for any TF, skipping pipeline
2026-09-13 21:56:19 | WARNING | [WARN] BTC-SWAP-USDT 5m: data is 2101.3 min old (max 15 min), skipping
2026-09-13 21:56:19 | WARNING | [WARN] BTC-SWAP-USDT 15m: data is 2111.3 min old (max 45 min), skipping
2026-09-13 21:56:19 | WARNING | [WARN] BTC-SWAP-USDT 1h: data is 2156.3 min old (max 180 min), skipping
2026-09-13 21:56:19 | WARNING | [WARN] BTC-SWAP-USDT 4h: data is 2276.3 min old (max 720 min), skipping
2026-09-13 21:56:19 | WARNING | [WARN] BTC-SWAP-USDT: no fresh data available for any TF, skipping pipeline
2026-09-13 21:57:46 | WARNING | [WARN] BTC-SWAP-USDT 5m: data is 2102.8 min old (max 15 min), skipping
2026-09-13 21:57:46 | WARNING | [WARN] BTC-SWAP-USDT 15m: data is 2112.8 min old (max 45 min), skipping
2026-09-13 21:57:46 | WARNING | [WARN] BTC-SWAP-USDT 1h: data is 2157.8 min old (max 180 min), skipping
2026-09-13 21:57:46 | WARNING | [WARN] BTC-SWAP-USDT 4h: data is 2277.8 min old (max 720 min), skipping
2026-09-13 21:57:46 | WARNING | [WARN] BTC-SWAP-USDT: no fresh data available for any TF, skipping pipeline
2026-09-13 21:57:46 | WARNING | [WARN] BTC-SWAP-USDT 5m: data is 2102.8 min old (max 15 min), skipping
2026-09-13 21:57:46 | WARNING | [WARN] BTC-SWAP-USDT 15m: data is 2112.8 min old (max 45 min), skipping
2026-09-13 21:57:46 | WARNING | [WARN] BTC-SWAP-USDT 1h: data is 2157.8 min old (max 180 min), skipping
2026-09-13 21:57:46 | WARNING | [WARN] BTC-SWAP-USDT 4h: data is 2277.8 min old (max 720 min), skipping
2026-09-13 21:57:46 | WARNING | [WARN] BTC-SWAP-USDT: no fresh data available for any TF, skipping pipeline
2026-09-13 21:59:18 | WARNING | [WARN] BTC-SWAP-USDT 5m: data is 2104.3 min old (max 15 min), skipping
2026-09-13 21:59:18 | WARNING | [WARN] BTC-SWAP-USDT 15m: data is 2114.3 min old (max 45 min), skipping
2026-09-13 21:59:18 | WARNING | [WARN] BTC-SWAP-USDT 1h: data is 2159.3 min old (max 180 min), skipping
2026-09-13 21:59:18 | WARNING | [WARN] BTC-SWAP-USDT 4h: data is 2279.3 min old (max 720 min), skipping
2026-09-13 21:59:18 | WARNING | [WARN] BTC-SWAP-USDT: no fresh data available for any TF, skipping pipeline
2026-09-13 21:59:18 | WARNING | [WARN] BTC-SWAP-USDT 5m: data is 2104.3 min old (max 15 min), skipping
2026-09-13 21:59:18 | WARNING | [WARN] BTC-SWAP-USDT 15m: data is 2114.3 min old (max 45 min), skipping
2026-09-13 21:59:18 | WARNING | [WARN] BTC-SWAP-USDT 1h: data is 2159.3 min old (max 180 min), skipping
2026-09-13 21:59:18 | WARNING | [WARN] BTC-SWAP-USDT 4h: data is 2279.3 min old (max 720 min), skipping
2026-09-13 21:59:18 | WARNING | [WARN] BTC-SWAP-USDT: no fresh data available for any TF, skipping pipeline
2026-09-13 22:07:25 | INFO | ============================================================
2026-09-13 22:07:25 | INFO | 🤖 TOOBIT AI SIGNAL BOT (IN-MEMORY PIPELINE)
2026-09-13 22:07:25 | INFO | 📊 21 symbols, 4 timeframes
2026-09-13 22:07:25 | INFO | ============================================================
2026-09-13 22:07:25 | INFO | 
[2026-09-13 22:07:25] Cycle start
2026-09-13 22:07:30 | INFO | [✓] BTC-SWAP-USDT 5m  →  +5 candles
2026-09-13 22:07:30 | INFO | [✓] BTC-SWAP-USDT 15m  →  +5 candles
2026-09-13 22:07:30 | INFO | [✓] BTC-SWAP-USDT 1h  →  +5 candles
2026-09-13 22:07:30 | INFO | [✓] BTC-SWAP-USDT 4h  →  +5 candles
2026-09-13 22:07:30 | INFO | [✓] ETH-SWAP-USDT 5m  →  +422 candles
2026-09-13 22:07:30 | INFO | [✓] ETH-SWAP-USDT 15m  →  +141 candles
2026-09-13 22:07:30 | INFO | [✓] ETH-SWAP-USDT 1h  →  +36 candles
2026-09-13 22:07:30 | INFO | [✓] ETH-SWAP-USDT 4h  →  +9 candles
2026-09-13 22:07:30 | INFO | [✓] SOL-SWAP-USDT 5m  →  +422 candles
2026-09-13 22:07:30 | INFO | [✓] SOL-SWAP-USDT 15m  →  +141 candles
2026-09-13 22:07:30 | INFO | [✓] SOL-SWAP-USDT 1h  →  +36 candles
2026-09-13 22:07:30 | INFO | [✓] SOL-SWAP-USDT 4h  →  +9 candles
2026-09-13 22:07:30 | INFO | [✓] BNB-SWAP-USDT 5m  →  +422 candles
2026-09-13 22:07:30 | INFO | [✓] BNB-SWAP-USDT 15m  →  +141 candles
2026-09-13 22:07:30 | INFO | [✓] BNB-SWAP-USDT 1h  →  +36 candles
2026-09-13 22:07:30 | INFO | [✓] BNB-SWAP-USDT 4h  →  +9 candles
2026-09-13 22:07:31 | INFO | [✓] XRP-SWAP-USDT 5m  →  +422 candles
2026-09-13 22:07:31 | INFO | [✓] XRP-SWAP-USDT 15m  →  +141 candles
2026-09-13 22:07:31 | INFO | [✓] XRP-SWAP-USDT 1h  →  +36 candles
2026-09-13 22:07:31 | INFO | [✓] XRP-SWAP-USDT 4h  →  +9 candles
2026-09-13 22:07:31 | INFO | [✓] DOGE-SWAP-USDT 5m  →  +422 candles
2026-09-13 22:07:31 | INFO | [✓] DOGE-SWAP-USDT 15m  →  +141 candles
2026-09-13 22:07:31 | INFO | [✓] DOGE-SWAP-USDT 1h  →  +36 candles
2026-09-13 22:07:31 | INFO | [✓] DOGE-SWAP-USDT 4h  →  +9 candles
2026-09-13 22:07:31 | INFO | [✓] ADA-SWAP-USDT 5m  →  +422 candles
2026-09-13 22:07:31 | INFO | [✓] ADA-SWAP-USDT 15m  →  +141 candles
2026-09-13 22:07:31 | INFO | [✓] ADA-SWAP-USDT 1h  →  +36 candles
2026-09-13 22:07:31 | INFO | [✓] ADA-SWAP-USDT 4h  →  +9 candles
2026-09-13 22:07:31 | INFO | [✓] AVAX-SWAP-USDT 5m  →  +422 candles
2026-09-13 22:07:31 | INFO | [✓] AVAX-SWAP-USDT 15m  →  +141 candles
2026-09-13 22:07:31 | INFO | [✓] AVAX-SWAP-USDT 1h  →  +36 candles
2026-09-13 22:07:31 | INFO | [✓] AVAX-SWAP-USDT 4h  →  +9 candles
2026-09-13 22:07:31 | INFO | [✓] DOT-SWAP-USDT 5m  →  +422 candles
2026-09-13 22:07:32 | INFO | [✓] DOT-SWAP-USDT 15m  →  +141 candles
2026-09-13 22:07:32 | INFO | [✓] DOT-SWAP-USDT 1h  →  +36 candles
2026-09-13 22:07:32 | INFO | [✓] DOT-SWAP-USDT 4h  →  +9 candles
2026-09-13 22:07:32 | INFO | [✓] RATSUSDT 5m  →  +422 candles
2026-09-13 22:07:32 | INFO | [✓] RATSUSDT 15m  →  +141 candles
2026-09-13 22:07:32 | INFO | [✓] RATSUSDT 1h  →  +36 candles
2026-09-13 22:07:32 | INFO | [✓] RATSUSDT 4h  →  +9 candles
2026-09-13 22:07:32 | INFO | [✓] LINK-SWAP-USDT 5m  →  +422 candles
2026-09-13 22:07:32 | INFO | [✓] LINK-SWAP-USDT 15m  →  +141 candles
2026-09-13 22:07:32 | INFO | [✓] LINK-SWAP-USDT 1h  →  +36 candles
2026-09-13 22:07:32 | INFO | [✓] LINK-SWAP-USDT 4h  →  +9 candles
2026-09-13 22:07:32 | INFO | [✓] UNI-SWAP-USDT 5m  →  +422 candles
2026-09-13 22:07:32 | INFO | [✓] UNI-SWAP-USDT 15m  →  +141 candles
2026-09-13 22:07:32 | INFO | [✓] UNI-SWAP-USDT 1h  →  +36 candles
2026-09-13 22:07:32 | INFO | [✓] UNI-SWAP-USDT 4h  →  +9 candles
2026-09-13 22:07:32 | INFO | [✓] ATOM-SWAP-USDT 5m  →  +422 candles
2026-09-13 22:07:32 | INFO | [✓] ATOM-SWAP-USDT 15m  →  +141 candles
2026-09-13 22:07:33 | INFO | [✓] ATOM-SWAP-USDT 1h  →  +36 candles
2026-09-13 22:07:33 | INFO | [✓] ATOM-SWAP-USDT 4h  →  +9 candles
2026-09-13 22:07:33 | INFO | [✓] LTC-SWAP-USDT 5m  →  +422 candles
2026-09-13 22:07:33 | INFO | [✓] LTC-SWAP-USDT 15m  →  +141 candles
2026-09-13 22:07:33 | INFO | [✓] LTC-SWAP-USDT 1h  →  +36 candles
2026-09-13 22:07:33 | INFO | [✓] LTC-SWAP-USDT 4h  →  +9 candles
2026-09-13 22:07:33 | INFO | [✓] EDEN-SWAP-USDT 5m  →  +422 candles
2026-09-13 22:07:33 | INFO | [✓] EDEN-SWAP-USDT 15m  →  +141 candles
2026-09-13 22:07:33 | INFO | [✓] EDEN-SWAP-USDT 1h  →  +36 candles
2026-09-13 22:07:33 | INFO | [✓] EDEN-SWAP-USDT 4h  →  +9 candles
2026-09-13 22:07:33 | INFO | [✓] ARB-SWAP-USDT 5m  →  +422 candles
2026-09-13 22:07:33 | INFO | [✓] ARB-SWAP-USDT 15m  →  +141 candles
2026-09-13 22:07:33 | INFO | [✓] ARB-SWAP-USDT 1h  →  +36 candles
2026-09-13 22:07:33 | INFO | [✓] ARB-SWAP-USDT 4h  →  +9 candles
2026-09-13 22:07:33 | INFO | [✓] OP-SWAP-USDT 5m  →  +422 candles
2026-09-13 22:07:33 | INFO | [✓] OP-SWAP-USDT 15m  →  +141 candles
2026-09-13 22:07:33 | INFO | [✓] OP-SWAP-USDT 1h  →  +36 candles
2026-09-13 22:07:33 | INFO | [✓] OP-SWAP-USDT 4h  →  +9 candles
2026-09-13 22:07:33 | INFO | [✓] WLD-SWAP-USDT 5m  →  +422 candles
2026-09-13 22:07:34 | INFO | [✓] WLD-SWAP-USDT 15m  →  +141 candles
2026-09-13 22:07:34 | INFO | [✓] WLD-SWAP-USDT 1h  →  +36 candles
2026-09-13 22:07:34 | INFO | [✓] WLD-SWAP-USDT 4h  →  +9 candles
2026-09-13 22:07:34 | INFO | [✓] SHIBUSDT 5m  →  +422 candles
2026-09-13 22:07:34 | INFO | [✓] SHIBUSDT 15m  →  +141 candles
2026-09-13 22:07:34 | INFO | [✓] SHIBUSDT 1h  →  +36 candles
2026-09-13 22:07:34 | INFO | [✓] SHIBUSDT 4h  →  +9 candles
2026-09-13 22:07:34 | INFO | [✓] ACEUSDT 5m  →  +422 candles
2026-09-13 22:07:34 | INFO | [✓] ACEUSDT 15m  →  +141 candles
2026-09-13 22:07:34 | INFO | [✓] ACEUSDT 1h  →  +36 candles
2026-09-13 22:07:34 | INFO | [✓] ACEUSDT 4h  →  +9 candles
2026-09-13 22:07:34 | INFO | [✓] OPN-SWAP-USDT 5m  →  +422 candles
2026-09-13 22:07:34 | INFO | [✓] OPN-SWAP-USDT 15m  →  +141 candles
2026-09-13 22:07:34 | INFO | [✓] OPN-SWAP-USDT 1h  →  +36 candles
2026-09-13 22:07:34 | INFO | [✓] OPN-SWAP-USDT 4h  →  +9 candles
2026-09-13 22:07:34 | INFO | LOG: Entering run_pipeline_parallel
2026-09-13 22:12:59 | INFO | [✓] BTC-SWAP-USDT -> no signal
2026-09-13 22:12:59 | INFO | [✓] ETH-SWAP-USDT -> no signal
2026-09-13 22:12:59 | INFO | [✓] SOL-SWAP-USDT -> no signal
2026-09-13 22:12:59 | INFO | [✓] BNB-SWAP-USDT -> no signal
2026-09-13 22:12:59 | INFO | [✓] XRP-SWAP-USDT -> no signal
2026-09-13 22:12:59 | INFO | [✓] DOGE-SWAP-USDT -> no signal
2026-09-13 22:12:59 | INFO | [✓] ADA-SWAP-USDT -> no signal
2026-09-13 22:12:59 | INFO | [✓] AVAX-SWAP-USDT -> no signal
2026-09-13 22:12:59 | INFO | [✓] DOT-SWAP-USDT -> no signal
2026-09-13 22:12:59 | INFO | [✓] RATSUSDT -> no signal
2026-09-13 22:12:59 | INFO | [✓] LINK-SWAP-USDT -> no signal
2026-09-13 22:12:59 | INFO | [✓] UNI-SWAP-USDT -> no signal
2026-09-13 22:12:59 | INFO | [✓] ATOM-SWAP-USDT -> no signal
2026-09-13 22:12:59 | INFO | [✓] LTC-SWAP-USDT -> no signal
2026-09-13 22:12:59 | INFO | [✓] EDEN-SWAP-USDT -> no signal
2026-09-13 22:12:59 | INFO | [✓] ARB-SWAP-USDT -> no signal
2026-09-13 22:12:59 | INFO | [✓] OP-SWAP-USDT -> no signal
2026-09-13 22:12:59 | INFO | [✓] WLD-SWAP-USDT -> no signal
2026-09-13 22:12:59 | INFO | [✓] SHIBUSDT -> no signal
2026-09-13 22:12:59 | INFO | [✓] ACEUSDT -> no signal
2026-09-13 22:12:59 | INFO | [✓] OPN-SWAP-USDT -> no signal
2026-09-13 22:12:59 | INFO | LOG: run_pipeline_parallel returned 0 signals
2026-09-13 22:12:59 | INFO | LOG: Entering notifier.deliver
2026-09-13 22:12:59 | INFO | [MAIN] No active signal.
2026-09-13 22:12:59 | INFO | LOG: Entering tracker.evaluate_open_signals
2026-09-13 22:12:59 | INFO | 
2026-09-13 22:12:59 | INFO | ============================================================
2026-09-13 22:12:59 | INFO | 📊 CYCLE METRICS
2026-09-13 22:12:59 | INFO | ============================================================
2026-09-13 22:12:59 | INFO |   Total cycle time : 333846.3 ms
2026-09-13 22:12:59 | INFO |   Fetch            : 0.0 ms (0.0%)
2026-09-13 22:12:59 | INFO |   Cache            : 0.0 ms (0.0%)
2026-09-13 22:12:59 | INFO |   Phase 2 (indicators) : 8596.3 ms
2026-09-13 22:12:59 | INFO |   Phase 3 (structure)  : 7841.2 ms
2026-09-13 22:12:59 | INFO |   Phase 4 (FVG/OB)     : 1361.0 ms
2026-09-13 22:12:59 | INFO |   Phase 5 (patterns)   : 1057.2 ms
2026-09-13 22:12:59 | INFO |   Phase 6 (volume)     : 396.6 ms
2026-09-13 22:12:59 | INFO |   Phase 7 (scoring)    : 2228.3 ms
2026-09-13 22:12:59 | INFO |   Tracker            : 0.0 ms
2026-09-13 22:12:59 | INFO |   API requests       : 0
2026-09-13 22:12:59 | INFO |   Candles downloaded : 12180
2026-09-13 22:12:59 | INFO |   Cache hits/misses  : 0/0
2026-09-13 22:12:59 | INFO |   Signals generated  : 0
2026-09-13 22:12:59 | INFO |   Signals rejected   : 0
2026-09-13 22:12:59 | INFO | ============================================================
2026-09-13 22:12:59 | INFO | [MAIN] Cycle done in 333.85s
2026-09-13 22:13:00 | INFO | 
[2026-09-13 22:13:00] Cycle start
2026-09-13 22:13:03 | INFO | [✓] BTC-SWAP-USDT 5m  →  +1000 candles
2026-09-13 22:13:03 | INFO | [✓] BTC-SWAP-USDT 15m  →  +1000 candles
2026-09-13 22:13:03 | INFO | [✓] BTC-SWAP-USDT 1h  →  +500 candles
2026-09-13 22:13:03 | INFO | [✓] BTC-SWAP-USDT 4h  →  +200 candles
2026-09-13 22:13:03 | INFO | [✓] ETH-SWAP-USDT 5m  →  +1000 candles
2026-09-13 22:13:03 | INFO | [✓] ETH-SWAP-USDT 15m  →  +1000 candles
2026-09-13 22:13:03 | INFO | [✓] ETH-SWAP-USDT 1h  →  +500 candles
2026-09-13 22:13:03 | INFO | [✓] ETH-SWAP-USDT 4h  →  +200 candles
2026-09-13 22:13:03 | INFO | [✓] SOL-SWAP-USDT 5m  →  +1000 candles
2026-09-13 22:13:03 | INFO | [✓] SOL-SWAP-USDT 15m  →  +1000 candles
2026-09-13 22:13:03 | INFO | [✓] SOL-SWAP-USDT 1h  →  +500 candles
2026-09-13 22:13:03 | INFO | [✓] SOL-SWAP-USDT 4h  →  +200 candles
2026-09-13 22:13:04 | INFO | [✓] BNB-SWAP-USDT 5m  →  +1000 candles
2026-09-13 22:13:04 | INFO | [✓] BNB-SWAP-USDT 15m  →  +1000 candles
2026-09-13 22:13:04 | INFO | [✓] BNB-SWAP-USDT 1h  →  +500 candles
2026-09-13 22:13:04 | INFO | [✓] BNB-SWAP-USDT 4h  →  +200 candles
2026-09-13 22:13:04 | INFO | [✓] XRP-SWAP-USDT 5m  →  +1000 candles
2026-09-13 22:13:04 | INFO | [✓] XRP-SWAP-USDT 15m  →  +1000 candles
2026-09-13 22:13:04 | INFO | [✓] XRP-SWAP-USDT 1h  →  +500 candles
2026-09-13 22:13:04 | INFO | [✓] XRP-SWAP-USDT 4h  →  +200 candles
2026-09-13 22:13:04 | INFO | [✓] DOGE-SWAP-USDT 5m  →  +1000 candles
2026-09-13 22:13:04 | INFO | [✓] DOGE-SWAP-USDT 15m  →  +1000 candles
2026-09-13 22:13:04 | INFO | [✓] DOGE-SWAP-USDT 1h  →  +500 candles
2026-09-13 22:13:04 | INFO | [✓] DOGE-SWAP-USDT 4h  →  +200 candles
2026-09-13 22:13:04 | INFO | [✓] ADA-SWAP-USDT 5m  →  +1000 candles
2026-09-13 22:13:04 | INFO | [✓] ADA-SWAP-USDT 15m  →  +1000 candles
2026-09-13 22:13:04 | INFO | [✓] ADA-SWAP-USDT 1h  →  +500 candles
2026-09-13 22:13:04 | INFO | [✓] ADA-SWAP-USDT 4h  →  +200 candles
2026-09-13 22:13:04 | INFO | [✓] AVAX-SWAP-USDT 5m  →  +1000 candles
2026-09-13 22:13:04 | INFO | [✓] AVAX-SWAP-USDT 15m  →  +1000 candles
2026-09-13 22:13:04 | INFO | [✓] AVAX-SWAP-USDT 1h  →  +500 candles
2026-09-13 22:13:04 | INFO | [✓] AVAX-SWAP-USDT 4h  →  +200 candles
2026-09-13 22:13:04 | INFO | [✓] DOT-SWAP-USDT 5m  →  +1000 candles
2026-09-13 22:13:04 | INFO | [✓] DOT-SWAP-USDT 15m  →  +1000 candles
2026-09-13 22:13:04 | INFO | [✓] DOT-SWAP-USDT 1h  →  +500 candles
2026-09-13 22:13:04 | INFO | [✓] DOT-SWAP-USDT 4h  →  +200 candles
2026-09-13 22:13:04 | INFO | [✓] RATSUSDT 5m  →  +1000 candles
2026-09-13 22:13:04 | INFO | [✓] RATSUSDT 15m  →  +1000 candles
2026-09-13 22:13:04 | INFO | [✓] RATSUSDT 1h  →  +500 candles
2026-09-13 22:13:04 | INFO | [✓] RATSUSDT 4h  →  +200 candles
2026-09-13 22:13:04 | INFO | [✓] LINK-SWAP-USDT 5m  →  +1000 candles
2026-09-13 22:13:04 | INFO | [✓] LINK-SWAP-USDT 15m  →  +1000 candles
2026-09-13 22:13:04 | INFO | [✓] LINK-SWAP-USDT 1h  →  +500 candles
2026-09-13 22:13:04 | INFO | [✓] LINK-SWAP-USDT 4h  →  +200 candles
2026-09-13 22:13:04 | INFO | [✓] UNI-SWAP-USDT 5m  →  +1000 candles
2026-09-13 22:13:04 | INFO | [✓] UNI-SWAP-USDT 15m  →  +1000 candles
2026-09-13 22:13:04 | INFO | [✓] UNI-SWAP-USDT 1h  →  +500 candles
2026-09-13 22:13:04 | INFO | [✓] UNI-SWAP-USDT 4h  →  +200 candles
2026-09-13 22:13:04 | INFO | [✓] ATOM-SWAP-USDT 5m  →  +1000 candles
2026-09-13 22:13:04 | INFO | [✓] ATOM-SWAP-USDT 15m  →  +1000 candles
2026-09-13 22:13:04 | INFO | [✓] ATOM-SWAP-USDT 1h  →  +500 candles
2026-09-13 22:13:04 | INFO | [✓] ATOM-SWAP-USDT 4h  →  +200 candles
2026-09-13 22:13:04 | INFO | [✓] LTC-SWAP-USDT 5m  →  +1000 candles
2026-09-13 22:13:04 | INFO | [✓] LTC-SWAP-USDT 15m  →  +1000 candles
2026-09-13 22:13:04 | INFO | [✓] LTC-SWAP-USDT 1h  →  +500 candles
2026-09-13 22:13:04 | INFO | [✓] LTC-SWAP-USDT 4h  →  +200 candles
2026-09-13 22:13:04 | INFO | [✓] EDEN-SWAP-USDT 5m  →  +1000 candles
2026-09-13 22:13:04 | INFO | [✓] EDEN-SWAP-USDT 15m  →  +1000 candles
2026-09-13 22:13:05 | INFO | [✓] EDEN-SWAP-USDT 1h  →  +500 candles
2026-09-13 22:13:05 | INFO | [✓] EDEN-SWAP-USDT 4h  →  +200 candles
2026-09-13 22:13:05 | INFO | [✓] ARB-SWAP-USDT 5m  →  +1000 candles
2026-09-13 22:13:05 | INFO | [✓] ARB-SWAP-USDT 15m  →  +1000 candles
2026-09-13 22:13:05 | INFO | [✓] ARB-SWAP-USDT 1h  →  +500 candles
2026-09-13 22:13:05 | INFO | [✓] ARB-SWAP-USDT 4h  →  +200 candles
2026-09-13 22:13:05 | INFO | [✓] OP-SWAP-USDT 5m  →  +1000 candles
2026-09-13 22:13:05 | INFO | [✓] OP-SWAP-USDT 15m  →  +1000 candles
2026-09-13 22:13:05 | INFO | [✓] OP-SWAP-USDT 1h  →  +500 candles
2026-09-13 22:13:05 | INFO | [✓] OP-SWAP-USDT 4h  →  +200 candles
2026-09-13 22:13:05 | INFO | [✓] WLD-SWAP-USDT 5m  →  +1000 candles
2026-09-13 22:13:05 | INFO | [✓] WLD-SWAP-USDT 15m  →  +1000 candles
2026-09-13 22:13:05 | INFO | [✓] WLD-SWAP-USDT 1h  →  +500 candles
2026-09-13 22:13:05 | INFO | [✓] WLD-SWAP-USDT 4h  →  +200 candles
2026-09-13 22:13:05 | INFO | [✓] SHIBUSDT 5m  →  +1000 candles
2026-09-13 22:13:05 | INFO | [✓] SHIBUSDT 15m  →  +1000 candles
2026-09-13 22:13:05 | INFO | [✓] SHIBUSDT 1h  →  +500 candles
2026-09-13 22:13:05 | INFO | [✓] SHIBUSDT 4h  →  +200 candles
2026-09-13 22:13:05 | INFO | [✓] ACEUSDT 5m  →  +1000 candles
2026-09-13 22:13:05 | INFO | [✓] ACEUSDT 15m  →  +1000 candles
2026-09-13 22:13:05 | INFO | [✓] ACEUSDT 1h  →  +500 candles
2026-09-13 22:13:05 | INFO | [✓] ACEUSDT 4h  →  +200 candles
2026-09-13 22:13:05 | INFO | [✓] OPN-SWAP-USDT 5m  →  +1000 candles
2026-09-13 22:13:05 | INFO | [✓] OPN-SWAP-USDT 15m  →  +1000 candles
2026-09-13 22:13:05 | INFO | [✓] OPN-SWAP-USDT 1h  →  +500 candles
2026-09-13 22:13:05 | INFO | [✓] OPN-SWAP-USDT 4h  →  +200 candles
2026-09-13 22:13:05 | INFO | LOG: Entering run_pipeline_parallel
2026-09-13 22:14:21 | ERROR | [✗] BTC-SWAP-USDT error: Cannot convert non-finite values (NA or inf) to integer.Replace or remove non-finite values or cast to an integer typethat supports these values (e.g. 'Int64')
2026-09-13 22:14:21 | INFO | [✓] ETH-SWAP-USDT -> no signal
2026-09-13 22:14:21 | ERROR | [✗] SOL-SWAP-USDT error: Cannot convert non-finite values (NA or inf) to integer.Replace or remove non-finite values or cast to an integer typethat supports these values (e.g. 'Int64')
2026-09-13 22:14:21 | ERROR | [✗] BNB-SWAP-USDT error: Cannot convert non-finite values (NA or inf) to integer.Replace or remove non-finite values or cast to an integer typethat supports these values (e.g. 'Int64')
2026-09-13 22:14:21 | ERROR | [✗] XRP-SWAP-USDT error: Cannot convert non-finite values (NA or inf) to integer.Replace or remove non-finite values or cast to an integer typethat supports these values (e.g. 'Int64')
2026-09-13 22:14:21 | ERROR | [✗] DOGE-SWAP-USDT error: Cannot convert non-finite values (NA or inf) to integer.Replace or remove non-finite values or cast to an integer typethat supports these values (e.g. 'Int64')
2026-09-13 22:14:21 | ERROR | [✗] ADA-SWAP-USDT error: Cannot convert non-finite values (NA or inf) to integer.Replace or remove non-finite values or cast to an integer typethat supports these values (e.g. 'Int64')
2026-09-13 22:14:21 | ERROR | [✗] AVAX-SWAP-USDT error: Cannot convert non-finite values (NA or inf) to integer.Replace or remove non-finite values or cast to an integer typethat supports these values (e.g. 'Int64')
2026-09-13 22:14:21 | ERROR | [✗] DOT-SWAP-USDT error: Cannot convert non-finite values (NA or inf) to integer.Replace or remove non-finite values or cast to an integer typethat supports these values (e.g. 'Int64')
2026-09-13 22:14:21 | ERROR | [✗] RATSUSDT error: Cannot convert non-finite values (NA or inf) to integer.Replace or remove non-finite values or cast to an integer typethat supports these values (e.g. 'Int64')
2026-09-13 22:14:21 | INFO | [✓] LINK-SWAP-USDT -> no signal
2026-09-13 22:14:21 | ERROR | [✗] UNI-SWAP-USDT error: Cannot convert non-finite values (NA or inf) to integer.Replace or remove non-finite values or cast to an integer typethat supports these values (e.g. 'Int64')
2026-09-13 22:14:21 | ERROR | [✗] ATOM-SWAP-USDT error: Cannot convert non-finite values (NA or inf) to integer.Replace or remove non-finite values or cast to an integer typethat supports these values (e.g. 'Int64')
2026-09-13 22:14:21 | ERROR | [✗] LTC-SWAP-USDT error: Cannot convert non-finite values (NA or inf) to integer.Replace or remove non-finite values or cast to an integer typethat supports these values (e.g. 'Int64')
2026-09-13 22:14:21 | ERROR | [✗] EDEN-SWAP-USDT error: Cannot convert non-finite values (NA or inf) to integer.Replace or remove non-finite values or cast to an integer typethat supports these values (e.g. 'Int64')
2026-09-13 22:14:21 | INFO | [✓] ARB-SWAP-USDT -> no signal
2026-09-13 22:14:21 | ERROR | [✗] OP-SWAP-USDT error: Cannot convert non-finite values (NA or inf) to integer.Replace or remove non-finite values or cast to an integer typethat supports these values (e.g. 'Int64')
2026-09-13 22:14:21 | INFO | [✓] WLD-SWAP-USDT -> no signal
2026-09-13 22:14:21 | ERROR | [✗] SHIBUSDT error: Cannot convert non-finite values (NA or inf) to integer.Replace or remove non-finite values or cast to an integer typethat supports these values (e.g. 'Int64')
2026-09-13 22:14:21 | ERROR | [✗] ACEUSDT error: Cannot convert non-finite values (NA or inf) to integer.Replace or remove non-finite values or cast to an integer typethat supports these values (e.g. 'Int64')
2026-09-13 22:14:21 | ERROR | [✗] OPN-SWAP-USDT error: Cannot convert non-finite values (NA or inf) to integer.Replace or remove non-finite values or cast to an integer typethat supports these values (e.g. 'Int64')
2026-09-13 22:14:21 | INFO | LOG: run_pipeline_parallel returned 0 signals
2026-09-13 22:14:21 | INFO | LOG: Entering notifier.deliver
2026-09-13 22:14:21 | INFO | [MAIN] No active signal.
2026-09-13 22:14:21 | INFO | LOG: Entering tracker.evaluate_open_signals
2026-09-13 22:14:21 | INFO | 
2026-09-13 22:14:21 | INFO | ============================================================
2026-09-13 22:14:21 | INFO | 📊 CYCLE METRICS
2026-09-13 22:14:21 | INFO | ============================================================
2026-09-13 22:14:21 | INFO |   Total cycle time : 81371.5 ms
2026-09-13 22:14:21 | INFO |   Fetch            : 0.0 ms (0.0%)
2026-09-13 22:14:21 | INFO |   Cache            : 0.0 ms (0.0%)
2026-09-13 22:14:21 | INFO |   Phase 2 (indicators) : 0.0 ms
2026-09-13 22:14:21 | INFO |   Phase 3 (structure)  : 0.0 ms
2026-09-13 22:14:21 | INFO |   Phase 4 (FVG/OB)     : 1575.0 ms
2026-09-13 22:14:21 | INFO |   Phase 5 (patterns)   : 1398.7 ms
2026-09-13 22:14:21 | INFO |   Phase 6 (volume)     : 973.3 ms
2026-09-13 22:14:21 | INFO |   Phase 7 (scoring)    : 0.0 ms
2026-09-13 22:14:21 | INFO |   Tracker            : 0.0 ms
2026-09-13 22:14:21 | INFO |   API requests       : 0
2026-09-13 22:14:21 | INFO |   Candles downloaded : 56700
2026-09-13 22:14:21 | INFO |   Cache hits/misses  : 0/0
2026-09-13 22:14:21 | INFO |   Signals generated  : 0
2026-09-13 22:14:21 | INFO |   Signals rejected   : 0
2026-09-13 22:14:21 | INFO | ============================================================
2026-09-13 22:14:21 | INFO | [MAIN] Cycle done in 81.37s
2026-09-13 22:15:44 | INFO | ============================================================
2026-09-13 22:15:44 | INFO | 🤖 TOOBIT AI SIGNAL BOT (IN-MEMORY PIPELINE)
2026-09-13 22:15:44 | INFO | 📊 21 symbols, 4 timeframes
2026-09-13 22:15:44 | INFO | ============================================================
2026-09-13 22:15:44 | INFO | 
[2026-09-13 22:15:44] Cycle start
2026-09-13 22:15:46 | INFO | [✓] BTC-SWAP-USDT 5m  →  +1000 candles
2026-09-13 22:15:46 | INFO | [✓] BTC-SWAP-USDT 15m  →  +1000 candles
2026-09-13 22:15:46 | INFO | [✓] BTC-SWAP-USDT 1h  →  +500 candles
2026-09-13 22:15:46 | INFO | [✓] BTC-SWAP-USDT 4h  →  +200 candles
2026-09-13 22:15:46 | INFO | [✓] ETH-SWAP-USDT 5m  →  +1000 candles
2026-09-13 22:15:46 | INFO | [✓] ETH-SWAP-USDT 15m  →  +1000 candles
2026-09-13 22:15:46 | INFO | [✓] ETH-SWAP-USDT 1h  →  +500 candles
2026-09-13 22:15:46 | INFO | [✓] ETH-SWAP-USDT 4h  →  +200 candles
2026-09-13 22:15:46 | INFO | [✓] SOL-SWAP-USDT 5m  →  +1000 candles
2026-09-13 22:15:46 | INFO | [✓] SOL-SWAP-USDT 15m  →  +1000 candles
2026-09-13 22:15:46 | INFO | [✓] SOL-SWAP-USDT 1h  →  +500 candles
2026-09-13 22:15:46 | INFO | [✓] SOL-SWAP-USDT 4h  →  +200 candles
2026-09-13 22:15:46 | INFO | [✓] BNB-SWAP-USDT 5m  →  +1000 candles
2026-09-13 22:15:46 | INFO | [✓] BNB-SWAP-USDT 15m  →  +1000 candles
2026-09-13 22:15:46 | INFO | [✓] BNB-SWAP-USDT 1h  →  +500 candles
2026-09-13 22:15:46 | INFO | [✓] BNB-SWAP-USDT 4h  →  +200 candles
2026-09-13 22:15:46 | INFO | [✓] XRP-SWAP-USDT 5m  →  +1000 candles
2026-09-13 22:15:46 | INFO | [✓] XRP-SWAP-USDT 15m  →  +1000 candles
2026-09-13 22:15:46 | INFO | [✓] XRP-SWAP-USDT 1h  →  +500 candles
2026-09-13 22:15:46 | INFO | [✓] XRP-SWAP-USDT 4h  →  +200 candles
2026-09-13 22:15:46 | INFO | [✓] DOGE-SWAP-USDT 5m  →  +1000 candles
2026-09-13 22:15:46 | INFO | [✓] DOGE-SWAP-USDT 15m  →  +1000 candles
2026-09-13 22:15:46 | INFO | [✓] DOGE-SWAP-USDT 1h  →  +500 candles
2026-09-13 22:15:46 | INFO | [✓] DOGE-SWAP-USDT 4h  →  +200 candles
2026-09-13 22:15:47 | INFO | [✓] ADA-SWAP-USDT 5m  →  +1000 candles
2026-09-13 22:15:47 | INFO | [✓] ADA-SWAP-USDT 15m  →  +1000 candles
2026-09-13 22:15:47 | INFO | [✓] ADA-SWAP-USDT 1h  →  +500 candles
2026-09-13 22:15:47 | INFO | [✓] ADA-SWAP-USDT 4h  →  +200 candles
2026-09-13 22:15:47 | INFO | [✓] AVAX-SWAP-USDT 5m  →  +1000 candles
2026-09-13 22:15:47 | INFO | [✓] AVAX-SWAP-USDT 15m  →  +1000 candles
2026-09-13 22:15:47 | INFO | [✓] AVAX-SWAP-USDT 1h  →  +500 candles
2026-09-13 22:15:47 | INFO | [✓] AVAX-SWAP-USDT 4h  →  +200 candles
2026-09-13 22:15:47 | INFO | [✓] DOT-SWAP-USDT 5m  →  +1000 candles
2026-09-13 22:15:47 | INFO | [✓] DOT-SWAP-USDT 15m  →  +1000 candles
2026-09-13 22:15:47 | INFO | [✓] DOT-SWAP-USDT 1h  →  +500 candles
2026-09-13 22:15:47 | INFO | [✓] DOT-SWAP-USDT 4h  →  +200 candles
2026-09-13 22:15:47 | INFO | [✓] RATSUSDT 5m  →  +1000 candles
2026-09-13 22:15:47 | INFO | [✓] RATSUSDT 15m  →  +1000 candles
2026-09-13 22:15:47 | INFO | [✓] RATSUSDT 1h  →  +500 candles
2026-09-13 22:15:47 | INFO | [✓] RATSUSDT 4h  →  +200 candles
2026-09-13 22:15:47 | INFO | [✓] LINK-SWAP-USDT 5m  →  +1000 candles
2026-09-13 22:15:47 | INFO | [✓] LINK-SWAP-USDT 15m  →  +1000 candles
2026-09-13 22:15:47 | INFO | [✓] LINK-SWAP-USDT 1h  →  +500 candles
2026-09-13 22:15:47 | INFO | [✓] LINK-SWAP-USDT 4h  →  +200 candles
2026-09-13 22:15:47 | INFO | [✓] UNI-SWAP-USDT 5m  →  +1000 candles
2026-09-13 22:15:47 | INFO | [✓] UNI-SWAP-USDT 15m  →  +1000 candles
2026-09-13 22:15:47 | INFO | [✓] UNI-SWAP-USDT 1h  →  +500 candles
2026-09-13 22:15:47 | INFO | [✓] UNI-SWAP-USDT 4h  →  +200 candles
2026-09-13 22:15:47 | INFO | [✓] ATOM-SWAP-USDT 5m  →  +1000 candles
2026-09-13 22:15:47 | INFO | [✓] ATOM-SWAP-USDT 15m  →  +1000 candles
2026-09-13 22:15:47 | INFO | [✓] ATOM-SWAP-USDT 1h  →  +500 candles
2026-09-13 22:15:47 | INFO | [✓] ATOM-SWAP-USDT 4h  →  +200 candles
2026-09-13 22:15:47 | INFO | [✓] LTC-SWAP-USDT 5m  →  +1000 candles
2026-09-13 22:15:47 | INFO | [✓] LTC-SWAP-USDT 15m  →  +1000 candles
2026-09-13 22:15:47 | INFO | [✓] LTC-SWAP-USDT 1h  →  +500 candles
2026-09-13 22:15:47 | INFO | [✓] LTC-SWAP-USDT 4h  →  +200 candles
2026-09-13 22:15:47 | INFO | [✓] EDEN-SWAP-USDT 5m  →  +1000 candles
2026-09-13 22:15:47 | INFO | [✓] EDEN-SWAP-USDT 15m  →  +1000 candles
2026-09-13 22:15:47 | INFO | [✓] EDEN-SWAP-USDT 1h  →  +500 candles
2026-09-13 22:15:47 | INFO | [✓] EDEN-SWAP-USDT 4h  →  +200 candles
2026-09-13 22:15:47 | INFO | [✓] ARB-SWAP-USDT 5m  →  +1000 candles
2026-09-13 22:15:47 | INFO | [✓] ARB-SWAP-USDT 15m  →  +1000 candles
2026-09-13 22:15:47 | INFO | [✓] ARB-SWAP-USDT 1h  →  +500 candles
2026-09-13 22:15:47 | INFO | [✓] ARB-SWAP-USDT 4h  →  +200 candles
2026-09-13 22:15:47 | INFO | [✓] OP-SWAP-USDT 5m  →  +1000 candles
2026-09-13 22:15:47 | INFO | [✓] OP-SWAP-USDT 15m  →  +1000 candles
2026-09-13 22:15:47 | INFO | [✓] OP-SWAP-USDT 1h  →  +500 candles
2026-09-13 22:15:47 | INFO | [✓] OP-SWAP-USDT 4h  →  +200 candles
2026-09-13 22:15:47 | INFO | [✓] WLD-SWAP-USDT 5m  →  +1000 candles
2026-09-13 22:15:47 | INFO | [✓] WLD-SWAP-USDT 15m  →  +1000 candles
2026-09-13 22:15:47 | INFO | [✓] WLD-SWAP-USDT 1h  →  +500 candles
2026-09-13 22:15:47 | INFO | [✓] WLD-SWAP-USDT 4h  →  +200 candles
2026-09-13 22:15:47 | INFO | [✓] SHIBUSDT 5m  →  +1000 candles
2026-09-13 22:15:47 | INFO | [✓] SHIBUSDT 15m  →  +1000 candles
2026-09-13 22:15:47 | INFO | [✓] SHIBUSDT 1h  →  +500 candles
2026-09-13 22:15:48 | INFO | [✓] SHIBUSDT 4h  →  +200 candles
2026-09-13 22:15:48 | INFO | [✓] ACEUSDT 5m  →  +1000 candles
2026-09-13 22:15:48 | INFO | [✓] ACEUSDT 15m  →  +1000 candles
2026-09-13 22:15:48 | INFO | [✓] ACEUSDT 1h  →  +500 candles
2026-09-13 22:15:48 | INFO | [✓] ACEUSDT 4h  →  +200 candles
2026-09-13 22:15:48 | INFO | [✓] OPN-SWAP-USDT 5m  →  +1000 candles
2026-09-13 22:15:48 | INFO | [✓] OPN-SWAP-USDT 15m  →  +1000 candles
2026-09-13 22:15:48 | INFO | [✓] OPN-SWAP-USDT 1h  →  +500 candles
2026-09-13 22:15:48 | INFO | [✓] OPN-SWAP-USDT 4h  →  +200 candles
2026-09-13 22:15:48 | INFO | LOG: Entering run_pipeline_parallel
2026-09-13 22:20:20 | INFO | [✓] BTC-SWAP-USDT -> no signal
2026-09-13 22:20:20 | INFO | [✓] ETH-SWAP-USDT -> no signal
2026-09-13 22:20:20 | INFO | [✓] SOL-SWAP-USDT -> no signal
2026-09-13 22:20:20 | INFO | [✓] BNB-SWAP-USDT -> no signal
2026-09-13 22:20:20 | INFO | [✓] XRP-SWAP-USDT -> no signal
2026-09-13 22:20:20 | INFO | [✓] DOGE-SWAP-USDT -> no signal
2026-09-13 22:20:20 | INFO | [✓] ADA-SWAP-USDT -> no signal
2026-09-13 22:20:20 | INFO | [✓] AVAX-SWAP-USDT -> no signal
2026-09-13 22:20:20 | INFO | [✓] DOT-SWAP-USDT -> no signal
2026-09-13 22:20:20 | INFO | [✓] RATSUSDT -> no signal
2026-09-13 22:20:20 | INFO | [✓] LINK-SWAP-USDT -> no signal
2026-09-13 22:20:20 | INFO | [✓] UNI-SWAP-USDT -> no signal
2026-09-13 22:20:20 | INFO | [✓] ATOM-SWAP-USDT -> no signal
2026-09-13 22:20:20 | INFO | [✓] LTC-SWAP-USDT -> no signal
2026-09-13 22:20:20 | INFO | [✓] EDEN-SWAP-USDT -> no signal
2026-09-13 22:20:20 | INFO | [✓] ARB-SWAP-USDT -> no signal
2026-09-13 22:20:20 | INFO | [✓] OP-SWAP-USDT -> no signal
2026-09-13 22:20:20 | INFO | [✓] WLD-SWAP-USDT -> no signal
2026-09-13 22:20:20 | INFO | [✓] SHIBUSDT -> no signal
2026-09-13 22:20:20 | INFO | [✓] ACEUSDT -> no signal
2026-09-13 22:20:20 | INFO | [✓] OPN-SWAP-USDT -> no signal
2026-09-13 22:20:20 | INFO | LOG: run_pipeline_parallel returned 0 signals
2026-09-13 22:20:20 | INFO | LOG: Entering notifier.deliver
2026-09-13 22:20:20 | INFO | [MAIN] No active signal.
2026-09-13 22:20:20 | INFO | LOG: Entering tracker.evaluate_open_signals
2026-09-13 22:20:20 | INFO | 
2026-09-13 22:20:20 | INFO | ============================================================
2026-09-13 22:20:20 | INFO | 📊 CYCLE METRICS
2026-09-13 22:20:20 | INFO | ============================================================
2026-09-13 22:20:20 | INFO |   Total cycle time : 275604.5 ms
2026-09-13 22:20:20 | INFO |   Fetch            : 0.0 ms (0.0%)
2026-09-13 22:20:20 | INFO |   Cache            : 0.0 ms (0.0%)
2026-09-13 22:20:20 | INFO |   Phase 2 (indicators) : 14320.8 ms
2026-09-13 22:20:20 | INFO |   Phase 3 (structure)  : 6955.9 ms
2026-09-13 22:20:20 | INFO |   Phase 4 (FVG/OB)     : 1602.9 ms
2026-09-13 22:20:20 | INFO |   Phase 5 (patterns)   : 1170.8 ms
2026-09-13 22:20:20 | INFO |   Phase 6 (volume)     : 918.3 ms
2026-09-13 22:20:20 | INFO |   Phase 7 (scoring)    : 0.0 ms
2026-09-13 22:20:20 | INFO |   Tracker            : 0.0 ms
2026-09-13 22:20:20 | INFO |   API requests       : 0
2026-09-13 22:20:20 | INFO |   Candles downloaded : 56700
2026-09-13 22:20:20 | INFO |   Cache hits/misses  : 0/0
2026-09-13 22:20:20 | INFO |   Signals generated  : 0
2026-09-13 22:20:20 | INFO |   Signals rejected   : 0
2026-09-13 22:20:20 | INFO | ============================================================
2026-09-13 22:20:20 | INFO | [MAIN] Cycle done in 275.59s
2026-09-13 22:20:21 | INFO | 
[2026-09-13 22:20:21] Cycle start
2026-09-13 22:20:24 | INFO | [✓] BTC-SWAP-USDT 5m  →  +1 candles
2026-09-13 22:20:24 | INFO | [✓] ETH-SWAP-USDT 5m  →  +1 candles
2026-09-13 22:20:24 | INFO | [✓] SOL-SWAP-USDT 5m  →  +1 candles
2026-09-13 22:20:24 | INFO | [✓] BNB-SWAP-USDT 5m  →  +1 candles
2026-09-13 22:20:25 | INFO | [✓] XRP-SWAP-USDT 5m  →  +1 candles
2026-09-13 22:20:25 | INFO | [✓] DOGE-SWAP-USDT 5m  →  +1 candles
2026-09-13 22:20:25 | INFO | [✓] ADA-SWAP-USDT 5m  →  +1 candles
2026-09-13 22:20:25 | INFO | [✓] AVAX-SWAP-USDT 5m  →  +1 candles
2026-09-13 22:20:25 | INFO | [✓] DOT-SWAP-USDT 5m  →  +1 candles
2026-09-13 22:20:25 | INFO | [✓] RATSUSDT 5m  →  +1 candles
2026-09-13 22:20:25 | INFO | [✓] LINK-SWAP-USDT 5m  →  +1 candles
2026-09-13 22:20:25 | INFO | [✓] UNI-SWAP-USDT 5m  →  +1 candles
2026-09-13 22:20:26 | INFO | [✓] ATOM-SWAP-USDT 5m  →  +1 candles
2026-09-13 22:20:26 | INFO | [✓] LTC-SWAP-USDT 5m  →  +1 candles
2026-09-13 22:20:26 | INFO | [✓] EDEN-SWAP-USDT 5m  →  +1 candles
2026-09-13 22:20:26 | INFO | [✓] ARB-SWAP-USDT 5m  →  +1 candles
2026-09-13 22:20:26 | INFO | [✓] OP-SWAP-USDT 5m  →  +1 candles
2026-09-13 22:20:26 | INFO | [✓] WLD-SWAP-USDT 5m  →  +1 candles
2026-09-13 22:20:26 | INFO | [✓] SHIBUSDT 5m  →  +1 candles
2026-09-13 22:20:27 | INFO | [✓] ACEUSDT 5m  →  +1 candles
2026-09-13 22:20:27 | INFO | [✓] OPN-SWAP-USDT 5m  →  +1 candles
2026-09-13 22:20:27 | INFO | LOG: Entering run_pipeline_parallel
2026-09-13 22:24:10 | INFO | [✓] BTC-SWAP-USDT -> no signal
2026-09-13 22:24:10 | INFO | [✓] ETH-SWAP-USDT -> no signal
2026-09-13 22:24:10 | INFO | [✓] SOL-SWAP-USDT -> no signal
2026-09-13 22:24:10 | INFO | [✓] BNB-SWAP-USDT -> no signal
2026-09-13 22:24:10 | INFO | [✓] XRP-SWAP-USDT -> no signal
2026-09-13 22:24:10 | INFO | [✓] DOGE-SWAP-USDT -> no signal
2026-09-13 22:24:10 | INFO | [✓] ADA-SWAP-USDT -> no signal
2026-09-13 22:24:10 | INFO | [✓] AVAX-SWAP-USDT -> no signal
2026-09-13 22:24:10 | INFO | [✓] DOT-SWAP-USDT -> no signal
2026-09-13 22:24:10 | INFO | [✓] RATSUSDT -> no signal
2026-09-13 22:24:10 | INFO | [✓] LINK-SWAP-USDT -> no signal
2026-09-13 22:24:10 | INFO | [✓] UNI-SWAP-USDT -> no signal
2026-09-13 22:24:10 | INFO | [✓] ATOM-SWAP-USDT -> no signal
2026-09-13 22:24:10 | INFO | [✓] LTC-SWAP-USDT -> no signal
2026-09-13 22:24:10 | INFO | [✓] EDEN-SWAP-USDT -> no signal
2026-09-13 22:24:10 | INFO | [✓] ARB-SWAP-USDT -> no signal
2026-09-13 22:24:10 | INFO | [✓] OP-SWAP-USDT -> no signal
2026-09-13 22:24:10 | INFO | [✓] WLD-SWAP-USDT -> no signal
2026-09-13 22:24:10 | INFO | [✓] SHIBUSDT -> no signal
2026-09-13 22:24:10 | INFO | [✓] ACEUSDT -> no signal
2026-09-13 22:24:10 | INFO | [✓] OPN-SWAP-USDT -> no signal
2026-09-13 22:24:10 | INFO | LOG: run_pipeline_parallel returned 0 signals
2026-09-13 22:24:10 | INFO | LOG: Entering notifier.deliver
2026-09-13 22:24:10 | INFO | [MAIN] No active signal.
2026-09-13 22:24:10 | INFO | LOG: Entering tracker.evaluate_open_signals
2026-09-13 22:24:10 | INFO | 
2026-09-13 22:24:10 | INFO | ============================================================
2026-09-13 22:24:10 | INFO | 📊 CYCLE METRICS
2026-09-13 22:24:10 | INFO | ============================================================
2026-09-13 22:24:10 | INFO |   Total cycle time : 229105.1 ms
2026-09-13 22:24:10 | INFO |   Fetch            : 0.0 ms (0.0%)
2026-09-13 22:24:10 | INFO |   Cache            : 0.0 ms (0.0%)
2026-09-13 22:24:10 | INFO |   Phase 2 (indicators) : 7422.9 ms
2026-09-13 22:24:10 | INFO |   Phase 3 (structure)  : 8978.9 ms
2026-09-13 22:24:10 | INFO |   Phase 4 (FVG/OB)     : 1718.3 ms
2026-09-13 22:24:10 | INFO |   Phase 5 (patterns)   : 1053.4 ms
2026-09-13 22:24:10 | INFO |   Phase 6 (volume)     : 369.8 ms
2026-09-13 22:24:10 | INFO |   Phase 7 (scoring)    : 1955.9 ms
2026-09-13 22:24:10 | INFO |   Tracker            : 0.0 ms
2026-09-13 22:24:10 | INFO |   API requests       : 0
2026-09-13 22:24:10 | INFO |   Candles downloaded : 21
2026-09-13 22:24:10 | INFO |   Cache hits/misses  : 0/0
2026-09-13 22:24:10 | INFO |   Signals generated  : 0
2026-09-13 22:24:10 | INFO |   Signals rejected   : 0
2026-09-13 22:24:10 | INFO | ============================================================
2026-09-13 22:24:10 | INFO | [MAIN] Cycle done in 229.10s
2026-09-13 22:24:11 | INFO | 
[2026-09-13 22:24:11] Cycle start
2026-09-13 22:24:17 | INFO | [MAIN] No new data, skipping pipeline...
2026-09-13 22:24:17 | INFO | [MAIN] Cycle done in 6.08s
2026-09-13 22:26:11 | INFO | 
[2026-09-13 22:26:11] Cycle start
2026-09-13 22:26:15 | INFO | [✓] BTC-SWAP-USDT 5m  →  +1 candles
2026-09-13 22:26:15 | INFO | [✓] ETH-SWAP-USDT 5m  →  +1 candles
2026-09-13 22:26:15 | INFO | [✓] SOL-SWAP-USDT 5m  →  +1 candles
2026-09-13 22:26:15 | INFO | [✓] BNB-SWAP-USDT 5m  →  +1 candles
2026-09-13 22:26:16 | INFO | [✓] XRP-SWAP-USDT 5m  →  +1 candles
2026-09-13 22:26:16 | INFO | [✓] DOGE-SWAP-USDT 5m  →  +1 candles
2026-09-13 22:26:16 | INFO | [✓] ADA-SWAP-USDT 5m  →  +1 candles
2026-09-13 22:26:16 | INFO | [✓] AVAX-SWAP-USDT 5m  →  +1 candles
2026-09-13 22:26:16 | INFO | [✓] DOT-SWAP-USDT 5m  →  +1 candles
2026-09-13 22:26:16 | INFO | [✓] RATSUSDT 5m  →  +1 candles
2026-09-13 22:26:16 | INFO | [✓] LINK-SWAP-USDT 5m  →  +1 candles
2026-09-13 22:26:16 | INFO | [✓] UNI-SWAP-USDT 5m  →  +1 candles
2026-09-13 22:26:17 | INFO | [✓] ATOM-SWAP-USDT 5m  →  +1 candles
2026-09-13 22:26:17 | INFO | [✓] LTC-SWAP-USDT 5m  →  +1 candles
2026-09-13 22:26:17 | INFO | [✓] EDEN-SWAP-USDT 5m  →  +1 candles
2026-09-13 22:26:17 | INFO | [✓] ARB-SWAP-USDT 5m  →  +1 candles
2026-09-13 22:26:17 | INFO | [✓] OP-SWAP-USDT 5m  →  +1 candles
2026-09-13 22:26:17 | INFO | [✓] WLD-SWAP-USDT 5m  →  +1 candles
2026-09-13 22:26:17 | INFO | [✓] SHIBUSDT 5m  →  +1 candles
2026-09-13 22:26:17 | INFO | [✓] ACEUSDT 5m  →  +1 candles
2026-09-13 22:26:17 | INFO | [✓] OPN-SWAP-USDT 5m  →  +1 candles
2026-09-13 22:26:17 | INFO | LOG: Entering run_pipeline_parallel
2026-09-13 22:30:23 | INFO | [✓] BTC-SWAP-USDT -> no signal
2026-09-13 22:30:23 | INFO | [✓] ETH-SWAP-USDT -> no signal
2026-09-13 22:30:23 | INFO | [✓] SOL-SWAP-USDT -> no signal
2026-09-13 22:30:23 | INFO | [✓] BNB-SWAP-USDT -> no signal
2026-09-13 22:30:23 | INFO | [✓] XRP-SWAP-USDT -> no signal
2026-09-13 22:30:23 | INFO | [✓] DOGE-SWAP-USDT -> no signal
2026-09-13 22:30:23 | INFO | [✓] ADA-SWAP-USDT -> no signal
2026-09-13 22:30:23 | INFO | [✓] AVAX-SWAP-USDT -> no signal
2026-09-13 22:30:23 | INFO | [✓] DOT-SWAP-USDT -> no signal
2026-09-13 22:30:23 | INFO | [✓] RATSUSDT -> no signal
2026-09-13 22:30:23 | INFO | [✓] LINK-SWAP-USDT -> no signal
2026-09-13 22:30:23 | INFO | [✓] UNI-SWAP-USDT -> no signal
2026-09-13 22:30:23 | INFO | [✓] ATOM-SWAP-USDT -> no signal
2026-09-13 22:30:23 | INFO | [✓] LTC-SWAP-USDT -> no signal
2026-09-13 22:30:23 | INFO | [✓] EDEN-SWAP-USDT -> no signal
2026-09-13 22:30:23 | INFO | [✓] ARB-SWAP-USDT -> no signal
2026-09-13 22:30:23 | INFO | [✓] OP-SWAP-USDT -> no signal
2026-09-13 22:30:23 | INFO | [✓] WLD-SWAP-USDT -> no signal
2026-09-13 22:30:23 | INFO | [✓] SHIBUSDT -> no signal
2026-09-13 22:30:23 | INFO | [✓] ACEUSDT -> no signal
2026-09-13 22:30:23 | INFO | [✓] OPN-SWAP-USDT -> no signal
2026-09-13 22:30:23 | INFO | LOG: run_pipeline_parallel returned 0 signals
2026-09-13 22:30:23 | INFO | LOG: Entering notifier.deliver
2026-09-13 22:30:23 | INFO | [MAIN] No active signal.
2026-09-13 22:30:23 | INFO | LOG: Entering tracker.evaluate_open_signals
2026-09-13 22:30:23 | INFO | 
2026-09-13 22:30:23 | INFO | ============================================================
2026-09-13 22:30:23 | INFO | 📊 CYCLE METRICS
2026-09-13 22:30:23 | INFO | ============================================================
2026-09-13 22:30:23 | INFO |   Total cycle time : 251979.2 ms
2026-09-13 22:30:23 | INFO |   Fetch            : 0.0 ms (0.0%)
2026-09-13 22:30:23 | INFO |   Cache            : 0.0 ms (0.0%)
2026-09-13 22:30:23 | INFO |   Phase 2 (indicators) : 4856.3 ms
2026-09-13 22:30:23 | INFO |   Phase 3 (structure)  : 5835.2 ms
2026-09-13 22:30:23 | INFO |   Phase 4 (FVG/OB)     : 1124.3 ms
2026-09-13 22:30:23 | INFO |   Phase 5 (patterns)   : 847.5 ms
2026-09-13 22:30:23 | INFO |   Phase 6 (volume)     : 332.2 ms
2026-09-13 22:30:23 | INFO |   Phase 7 (scoring)    : 1838.6 ms
2026-09-13 22:30:23 | INFO |   Tracker            : 0.0 ms
2026-09-13 22:30:23 | INFO |   API requests       : 0
2026-09-13 22:30:23 | INFO |   Candles downloaded : 21
2026-09-13 22:30:23 | INFO |   Cache hits/misses  : 0/0
2026-09-13 22:30:23 | INFO |   Signals generated  : 0
2026-09-13 22:30:23 | INFO |   Signals rejected   : 0
2026-09-13 22:30:23 | INFO | ============================================================
2026-09-13 22:30:23 | INFO | [MAIN] Cycle done in 251.98s
2026-09-13 22:30:24 | INFO | 
[2026-09-13 22:30:24] Cycle start
2026-09-13 22:30:37 | WARNING | [RETRY] ADA-SWAP-USDT 1h: Cannot connect to host api.toobit.com:443 ssl:default [getaddrinfo failed], retrying in 1s...
2026-09-13 22:30:37 | WARNING | [RETRY] BNB-SWAP-USDT 1h: Cannot connect to host api.toobit.com:443 ssl:default [getaddrinfo failed], retrying in 1s...
2026-09-13 22:30:37 | WARNING | [RETRY] XRP-SWAP-USDT 15m: Cannot connect to host api.toobit.com:443 ssl:default [getaddrinfo failed], retrying in 1s...
2026-09-13 22:30:37 | WARNING | [RETRY] RATSUSDT 15m: Cannot connect to host api.toobit.com:443 ssl:default [getaddrinfo failed], retrying in 1s...
2026-09-13 22:30:37 | WARNING | [RETRY] EDEN-SWAP-USDT 5m: Cannot connect to host api.toobit.com:443 ssl:default [getaddrinfo failed], retrying in 1s...
2026-09-13 22:30:37 | WARNING | [RETRY] SHIBUSDT 4h: Cannot connect to host api.toobit.com:443 ssl:default [getaddrinfo failed], retrying in 1s...
2026-09-13 22:30:37 | WARNING | [RETRY] OPN-SWAP-USDT 15m: Cannot connect to host api.toobit.com:443 ssl:default [getaddrinfo failed], retrying in 1s...
2026-09-13 22:30:37 | WARNING | [RETRY] AVAX-SWAP-USDT 15m: Cannot connect to host api.toobit.com:443 ssl:default [getaddrinfo failed], retrying in 1s...
2026-09-13 22:30:37 | WARNING | [RETRY] AVAX-SWAP-USDT 5m: Cannot connect to host api.toobit.com:443 ssl:default [getaddrinfo failed], retrying in 1s...
2026-09-13 22:30:37 | WARNING | [RETRY] OP-SWAP-USDT 15m: Cannot connect to host api.toobit.com:443 ssl:default [getaddrinfo failed], retrying in 1s...
2026-09-13 22:30:37 | WARNING | [RETRY] DOGE-SWAP-USDT 1h: Cannot connect to host api.toobit.com:443 ssl:default [getaddrinfo failed], retrying in 1s...
2026-09-13 22:30:37 | WARNING | [RETRY] ATOM-SWAP-USDT 15m: Cannot connect to host api.toobit.com:443 ssl:default [getaddrinfo failed], retrying in 1s...
2026-09-13 22:30:37 | WARNING | [RETRY] ATOM-SWAP-USDT 4h: Cannot connect to host api.toobit.com:443 ssl:default [getaddrinfo failed], retrying in 1s...
2026-09-13 22:30:37 | WARNING | [RETRY] WLD-SWAP-USDT 1h: Cannot connect to host api.toobit.com:443 ssl:default [getaddrinfo failed], retrying in 1s...
2026-09-13 22:30:37 | WARNING | [RETRY] ARB-SWAP-USDT 15m: Cannot connect to host api.toobit.com:443 ssl:default [getaddrinfo failed], retrying in 1s...
2026-09-13 22:30:37 | WARNING | [RETRY] OPN-SWAP-USDT 4h: Cannot connect to host api.toobit.com:443 ssl:default [getaddrinfo failed], retrying in 1s...
2026-09-13 22:30:37 | WARNING | [RETRY] BTC-SWAP-USDT 4h: Cannot connect to host api.toobit.com:443 ssl:default [getaddrinfo failed], retrying in 1s...
2026-09-13 22:30:37 | WARNING | [RETRY] LTC-SWAP-USDT 5m: Cannot connect to host api.toobit.com:443 ssl:default [getaddrinfo failed], retrying in 1s...
2026-09-13 22:30:37 | WARNING | [RETRY] ADA-SWAP-USDT 5m: Cannot connect to host api.toobit.com:443 ssl:default [getaddrinfo failed], retrying in 1s...
2026-09-13 22:30:37 | WARNING | [RETRY] ACEUSDT 1h: Cannot connect to host api.toobit.com:443 ssl:default [getaddrinfo failed], retrying in 1s...
2026-09-13 22:30:37 | WARNING | [RETRY] OP-SWAP-USDT 5m: Cannot connect to host api.toobit.com:443 ssl:default [getaddrinfo failed], retrying in 1s...
2026-09-13 22:30:37 | WARNING | [RETRY] XRP-SWAP-USDT 4h: Cannot connect to host api.toobit.com:443 ssl:default [getaddrinfo failed], retrying in 1s...
2026-09-13 22:30:37 | WARNING | [RETRY] ARB-SWAP-USDT 4h: Cannot connect to host api.toobit.com:443 ssl:default [getaddrinfo failed], retrying in 1s...
2026-09-13 22:30:37 | WARNING | [RETRY] DOT-SWAP-USDT 5m: Cannot connect to host api.toobit.com:443 ssl:default [getaddrinfo failed], retrying in 1s...
2026-09-13 22:30:37 | WARNING | [RETRY] OPN-SWAP-USDT 1h: Cannot connect to host api.toobit.com:443 ssl:default [getaddrinfo failed], retrying in 1s...
2026-09-13 22:30:37 | WARNING | [RETRY] ETH-SWAP-USDT 4h: Cannot connect to host api.toobit.com:443 ssl:default [getaddrinfo failed], retrying in 1s...
2026-09-13 22:30:37 | WARNING | [RETRY] OP-SWAP-USDT 1h: Cannot connect to host api.toobit.com:443 ssl:default [getaddrinfo failed], retrying in 1s...
2026-09-13 22:30:37 | WARNING | [RETRY] UNI-SWAP-USDT 15m: Cannot connect to host api.toobit.com:443 ssl:default [getaddrinfo failed], retrying in 1s...
2026-09-13 22:30:37 | WARNING | [RETRY] DOGE-SWAP-USDT 5m: Cannot connect to host api.toobit.com:443 ssl:default [getaddrinfo failed], retrying in 1s...
2026-09-13 22:30:37 | WARNING | [RETRY] BNB-SWAP-USDT 5m: Cannot connect to host api.toobit.com:443 ssl:default [getaddrinfo failed], retrying in 1s...
2026-09-13 22:30:37 | WARNING | [RETRY] OP-SWAP-USDT 4h: Cannot connect to host api.toobit.com:443 ssl:default [getaddrinfo failed], retrying in 1s...
2026-09-13 22:30:37 | WARNING | [RETRY] WLD-SWAP-USDT 5m: Cannot connect to host api.toobit.com:443 ssl:default [getaddrinfo failed], retrying in 1s...
2026-09-13 22:30:37 | WARNING | [RETRY] AVAX-SWAP-USDT 1h: Cannot connect to host api.toobit.com:443 ssl:default [getaddrinfo failed], retrying in 1s...
2026-09-13 22:30:37 | WARNING | [RETRY] LTC-SWAP-USDT 4h: Cannot connect to host api.toobit.com:443 ssl:default [getaddrinfo failed], retrying in 1s...
2026-09-13 22:30:37 | WARNING | [RETRY] SHIBUSDT 15m: Cannot connect to host api.toobit.com:443 ssl:default [getaddrinfo failed], retrying in 1s...
2026-09-13 22:30:37 | WARNING | [RETRY] EDEN-SWAP-USDT 1h: Cannot connect to host api.toobit.com:443 ssl:default [getaddrinfo failed], retrying in 1s...
2026-09-13 22:30:37 | WARNING | [RETRY] SOL-SWAP-USDT 1h: Cannot connect to host api.toobit.com:443 ssl:default [getaddrinfo failed], retrying in 1s...
2026-09-13 22:30:37 | WARNING | [RETRY] LINK-SWAP-USDT 4h: Cannot connect to host api.toobit.com:443 ssl:default [getaddrinfo failed], retrying in 1s...
2026-09-13 22:30:37 | WARNING | [RETRY] ACEUSDT 5m: Cannot connect to host api.toobit.com:443 ssl:default [getaddrinfo failed], retrying in 1s...
2026-09-13 22:30:37 | WARNING | [RETRY] EDEN-SWAP-USDT 4h: Cannot connect to host api.toobit.com:443 ssl:default [getaddrinfo failed], retrying in 1s...
2026-09-13 22:30:37 | WARNING | [RETRY] ETH-SWAP-USDT 15m: Cannot connect to host api.toobit.com:443 ssl:default [getaddrinfo failed], retrying in 1s...
2026-09-13 22:30:37 | WARNING | [RETRY] DOT-SWAP-USDT 1h: Cannot connect to host api.toobit.com:443 ssl:default [getaddrinfo failed], retrying in 1s...
2026-09-13 22:30:37 | WARNING | [RETRY] BNB-SWAP-USDT 15m: Cannot connect to host api.toobit.com:443 ssl:default [getaddrinfo failed], retrying in 1s...
2026-09-13 22:30:37 | WARNING | [RETRY] EDEN-SWAP-USDT 15m: Cannot connect to host api.toobit.com:443 ssl:default [getaddrinfo failed], retrying in 1s...
2026-09-13 22:30:37 | WARNING | [RETRY] SHIBUSDT 5m: Cannot connect to host api.toobit.com:443 ssl:default [getaddrinfo failed], retrying in 1s...
2026-09-13 22:30:37 | WARNING | [RETRY] RATSUSDT 4h: Cannot connect to host api.toobit.com:443 ssl:default [getaddrinfo failed], retrying in 1s...
2026-09-13 22:30:37 | WARNING | [RETRY] RATSUSDT 5m: Cannot connect to host api.toobit.com:443 ssl:default [getaddrinfo failed], retrying in 1s...
2026-09-13 22:30:37 | WARNING | [RETRY] ATOM-SWAP-USDT 5m: Cannot connect to host api.toobit.com:443 ssl:default [getaddrinfo failed], retrying in 1s...
2026-09-13 22:30:37 | WARNING | [RETRY] BNB-SWAP-USDT 4h: Cannot connect to host api.toobit.com:443 ssl:default [getaddrinfo failed], retrying in 1s...
2026-09-13 22:30:37 | WARNING | [RETRY] SOL-SWAP-USDT 4h: Cannot connect to host api.toobit.com:443 ssl:default [getaddrinfo failed], retrying in 1s...
2026-09-13 22:30:37 | WARNING | [RETRY] SOL-SWAP-USDT 15m: Cannot connect to host api.toobit.com:443 ssl:default [getaddrinfo failed], retrying in 1s...
2026-09-13 22:30:37 | WARNING | [RETRY] WLD-SWAP-USDT 15m: Cannot connect to host api.toobit.com:443 ssl:default [getaddrinfo failed], retrying in 1s...
2026-09-13 22:30:37 | WARNING | [RETRY] DOGE-SWAP-USDT 4h: Cannot connect to host api.toobit.com:443 ssl:default [getaddrinfo failed], retrying in 1s...
2026-09-13 22:30:37 | WARNING | [RETRY] UNI-SWAP-USDT 5m: Cannot connect to host api.toobit.com:443 ssl:default [getaddrinfo failed], retrying in 1s...
2026-09-13 22:30:37 | WARNING | [RETRY] LTC-SWAP-USDT 15m: Cannot connect to host api.toobit.com:443 ssl:default [getaddrinfo failed], retrying in 1s...
2026-09-13 22:30:37 | WARNING | [RETRY] AVAX-SWAP-USDT 4h: Cannot connect to host api.toobit.com:443 ssl:default [getaddrinfo failed], retrying in 1s...
2026-09-13 22:30:37 | WARNING | [RETRY] SHIBUSDT 1h: Cannot connect to host api.toobit.com:443 ssl:default [getaddrinfo failed], retrying in 1s...
2026-09-13 22:30:37 | WARNING | [RETRY] ATOM-SWAP-USDT 1h: Cannot connect to host api.toobit.com:443 ssl:default [getaddrinfo failed], retrying in 1s...
2026-09-13 22:30:37 | WARNING | [RETRY] BTC-SWAP-USDT 1h: Cannot connect to host api.toobit.com:443 ssl:default [getaddrinfo failed], retrying in 1s...
2026-09-13 22:30:37 | WARNING | [RETRY] ADA-SWAP-USDT 15m: Cannot connect to host api.toobit.com:443 ssl:default [getaddrinfo failed], retrying in 1s...
2026-09-13 22:30:37 | WARNING | [RETRY] LTC-SWAP-USDT 1h: Cannot connect to host api.toobit.com:443 ssl:default [getaddrinfo failed], retrying in 1s...
2026-09-13 22:30:37 | WARNING | [RETRY] DOGE-SWAP-USDT 15m: Cannot connect to host api.toobit.com:443 ssl:default [getaddrinfo failed], retrying in 1s...
2026-09-13 22:30:37 | WARNING | [RETRY] SOL-SWAP-USDT 5m: Cannot connect to host api.toobit.com:443 ssl:default [getaddrinfo failed], retrying in 1s...
2026-09-13 22:30:37 | WARNING | [RETRY] ARB-SWAP-USDT 5m: Cannot connect to host api.toobit.com:443 ssl:default [getaddrinfo failed], retrying in 1s...
2026-09-13 22:30:37 | WARNING | [RETRY] RATSUSDT 1h: Cannot connect to host api.toobit.com:443 ssl:default [getaddrinfo failed], retrying in 1s...
2026-09-13 22:30:37 | WARNING | [RETRY] DOT-SWAP-USDT 15m: Cannot connect to host api.toobit.com:443 ssl:default [getaddrinfo failed], retrying in 1s...
2026-09-13 22:30:37 | WARNING | [RETRY] XRP-SWAP-USDT 5m: Cannot connect to host api.toobit.com:443 ssl:default [getaddrinfo failed], retrying in 1s...
2026-09-13 22:30:37 | WARNING | [RETRY] ARB-SWAP-USDT 1h: Cannot connect to host api.toobit.com:443 ssl:default [getaddrinfo failed], retrying in 1s...
2026-09-13 22:30:37 | WARNING | [RETRY] ETH-SWAP-USDT 1h: Cannot connect to host api.toobit.com:443 ssl:default [getaddrinfo failed], retrying in 1s...
2026-09-13 22:30:37 | WARNING | [RETRY] OPN-SWAP-USDT 5m: Cannot connect to host api.toobit.com:443 ssl:default [getaddrinfo failed], retrying in 1s...
2026-09-13 22:30:37 | WARNING | [RETRY] ACEUSDT 15m: Cannot connect to host api.toobit.com:443 ssl:default [getaddrinfo failed], retrying in 1s...
2026-09-13 22:30:37 | WARNING | [RETRY] XRP-SWAP-USDT 1h: Cannot connect to host api.toobit.com:443 ssl:default [getaddrinfo failed], retrying in 1s...
2026-09-13 22:30:37 | WARNING | [RETRY] LINK-SWAP-USDT 1h: Cannot connect to host api.toobit.com:443 ssl:default [getaddrinfo failed], retrying in 1s...
2026-09-13 22:30:37 | WARNING | [RETRY] ADA-SWAP-USDT 4h: Cannot connect to host api.toobit.com:443 ssl:default [getaddrinfo failed], retrying in 1s...
2026-09-13 22:30:37 | WARNING | [RETRY] UNI-SWAP-USDT 1h: Cannot connect to host api.toobit.com:443 ssl:default [getaddrinfo failed], retrying in 1s...
2026-09-13 22:30:37 | WARNING | [RETRY] WLD-SWAP-USDT 4h: Cannot connect to host api.toobit.com:443 ssl:default [getaddrinfo failed], retrying in 1s...
2026-09-13 22:30:37 | WARNING | [RETRY] ETH-SWAP-USDT 5m: Cannot connect to host api.toobit.com:443 ssl:default [getaddrinfo failed], retrying in 1s...
2026-09-13 22:30:37 | WARNING | [RETRY] UNI-SWAP-USDT 4h: Cannot connect to host api.toobit.com:443 ssl:default [getaddrinfo failed], retrying in 1s...
2026-09-13 22:30:37 | WARNING | [RETRY] LINK-SWAP-USDT 15m: Cannot connect to host api.toobit.com:443 ssl:default [getaddrinfo failed], retrying in 1s...
2026-09-13 22:30:37 | WARNING | [RETRY] DOT-SWAP-USDT 4h: Cannot connect to host api.toobit.com:443 ssl:default [getaddrinfo failed], retrying in 1s...
2026-09-13 22:30:37 | WARNING | [RETRY] LINK-SWAP-USDT 5m: Cannot connect to host api.toobit.com:443 ssl:default [getaddrinfo failed], retrying in 1s...
2026-09-13 22:30:37 | WARNING | [RETRY] BTC-SWAP-USDT 15m: Cannot connect to host api.toobit.com:443 ssl:default [getaddrinfo failed], retrying in 1s...
2026-09-13 22:30:37 | WARNING | [RETRY] ACEUSDT 4h: Cannot connect to host api.toobit.com:443 ssl:default [getaddrinfo failed], retrying in 1s...
2026-09-13 22:30:37 | WARNING | [RETRY] BTC-SWAP-USDT 5m: Cannot connect to host api.toobit.com:443 ssl:default [getaddrinfo failed], retrying in 1s...
2026-09-13 22:30:40 | INFO | [✓] BTC-SWAP-USDT 5m  →  +1 candles
2026-09-13 22:30:40 | INFO | [✓] BTC-SWAP-USDT 15m  →  +1 candles
2026-09-13 22:30:40 | INFO | [✓] ETH-SWAP-USDT 5m  →  +1 candles
2026-09-13 22:30:40 | INFO | [✓] ETH-SWAP-USDT 15m  →  +1 candles
2026-09-13 22:30:40 | INFO | [✓] SOL-SWAP-USDT 5m  →  +1 candles
2026-09-13 22:30:40 | INFO | [✓] SOL-SWAP-USDT 15m  →  +1 candles
2026-09-13 22:30:40 | INFO | [✓] BNB-SWAP-USDT 5m  →  +1 candles
2026-09-13 22:30:40 | INFO | [✓] BNB-SWAP-USDT 15m  →  +1 candles
2026-09-13 22:30:40 | INFO | [✓] XRP-SWAP-USDT 5m  →  +1 candles
2026-09-13 22:30:41 | INFO | [✓] XRP-SWAP-USDT 15m  →  +1 candles
2026-09-13 22:30:41 | INFO | [✓] DOGE-SWAP-USDT 5m  →  +1 candles
2026-09-13 22:30:41 | INFO | [✓] DOGE-SWAP-USDT 15m  →  +1 candles
2026-09-13 22:30:41 | INFO | [✓] ADA-SWAP-USDT 5m  →  +1 candles
2026-09-13 22:30:41 | INFO | [✓] ADA-SWAP-USDT 15m  →  +1 candles
2026-09-13 22:30:41 | INFO | [✓] AVAX-SWAP-USDT 5m  →  +1 candles
2026-09-13 22:30:41 | INFO | [✓] AVAX-SWAP-USDT 15m  →  +1 candles
2026-09-13 22:30:41 | INFO | [✓] DOT-SWAP-USDT 5m  →  +1 candles
2026-09-13 22:30:41 | INFO | [✓] DOT-SWAP-USDT 15m  →  +1 candles
2026-09-13 22:30:41 | INFO | [✓] RATSUSDT 5m  →  +1 candles
2026-09-13 22:30:41 | INFO | [✓] RATSUSDT 15m  →  +1 candles
2026-09-13 22:30:41 | INFO | [✓] LINK-SWAP-USDT 5m  →  +1 candles
2026-09-13 22:30:41 | INFO | [✓] LINK-SWAP-USDT 15m  →  +1 candles
2026-09-13 22:30:41 | INFO | [✓] UNI-SWAP-USDT 5m  →  +1 candles
2026-09-13 22:30:41 | INFO | [✓] UNI-SWAP-USDT 15m  →  +1 candles
2026-09-13 22:30:42 | INFO | [✓] ATOM-SWAP-USDT 5m  →  +1 candles
2026-09-13 22:30:42 | INFO | [✓] ATOM-SWAP-USDT 15m  →  +1 candles
2026-09-13 22:30:42 | INFO | [✓] LTC-SWAP-USDT 5m  →  +1 candles
2026-09-13 22:30:42 | INFO | [✓] LTC-SWAP-USDT 15m  →  +1 candles
2026-09-13 22:30:42 | INFO | [✓] EDEN-SWAP-USDT 5m  →  +1 candles
2026-09-13 22:30:42 | INFO | [✓] EDEN-SWAP-USDT 15m  →  +1 candles
2026-09-13 22:30:42 | INFO | [✓] ARB-SWAP-USDT 5m  →  +1 candles
2026-09-13 22:30:42 | INFO | [✓] ARB-SWAP-USDT 15m  →  +1 candles
2026-09-13 22:30:42 | INFO | [✓] OP-SWAP-USDT 5m  →  +1 candles
2026-09-13 22:30:42 | INFO | [✓] OP-SWAP-USDT 15m  →  +1 candles
2026-09-13 22:30:42 | INFO | [✓] WLD-SWAP-USDT 5m  →  +1 candles
2026-09-13 22:30:42 | INFO | [✓] WLD-SWAP-USDT 15m  →  +1 candles
2026-09-13 22:30:42 | INFO | [✓] SHIBUSDT 5m  →  +1 candles
2026-09-13 22:30:42 | INFO | [✓] SHIBUSDT 15m  →  +1 candles
2026-09-13 22:30:42 | INFO | [✓] ACEUSDT 5m  →  +1 candles
2026-09-13 22:30:42 | INFO | [✓] ACEUSDT 15m  →  +1 candles
2026-09-13 22:30:43 | INFO | [✓] OPN-SWAP-USDT 5m  →  +1 candles
2026-09-13 22:30:43 | INFO | [✓] OPN-SWAP-USDT 15m  →  +1 candles
2026-09-13 22:30:43 | INFO | LOG: Entering run_pipeline_parallel
2026-09-13 22:34:49 | INFO | [✓] BTC-SWAP-USDT -> no signal
2026-09-13 22:34:49 | INFO | [✓] ETH-SWAP-USDT -> no signal
2026-09-13 22:34:49 | INFO | [✓] SOL-SWAP-USDT -> no signal
2026-09-13 22:34:49 | INFO | [✓] BNB-SWAP-USDT -> no signal
2026-09-13 22:34:49 | INFO | [✓] XRP-SWAP-USDT -> no signal
2026-09-13 22:34:49 | INFO | [✓] DOGE-SWAP-USDT -> no signal
2026-09-13 22:34:49 | INFO | [✓] ADA-SWAP-USDT -> no signal
2026-09-13 22:34:49 | INFO | [✓] AVAX-SWAP-USDT -> no signal
2026-09-13 22:34:49 | INFO | [✓] DOT-SWAP-USDT -> no signal
2026-09-13 22:34:49 | INFO | [✓] RATSUSDT -> no signal
2026-09-13 22:34:49 | INFO | [✓] LINK-SWAP-USDT -> no signal
2026-09-13 22:34:49 | INFO | [✓] UNI-SWAP-USDT -> no signal
2026-09-13 22:34:49 | INFO | [✓] ATOM-SWAP-USDT -> no signal
2026-09-13 22:34:49 | INFO | [✓] LTC-SWAP-USDT -> no signal
2026-09-13 22:34:49 | INFO | [✓] EDEN-SWAP-USDT -> no signal
2026-09-13 22:34:49 | INFO | [✓] ARB-SWAP-USDT -> no signal
2026-09-13 22:34:49 | INFO | [✓] OP-SWAP-USDT -> no signal
2026-09-13 22:34:49 | INFO | [✓] WLD-SWAP-USDT -> no signal
2026-09-13 22:34:49 | INFO | [✓] SHIBUSDT -> no signal
2026-09-13 22:34:49 | INFO | [✓] ACEUSDT -> no signal
2026-09-13 22:34:49 | INFO | [✓] OPN-SWAP-USDT -> no signal
2026-09-13 22:34:49 | INFO | LOG: run_pipeline_parallel returned 0 signals
2026-09-13 22:34:49 | INFO | LOG: Entering notifier.deliver
2026-09-13 22:34:49 | INFO | [MAIN] No active signal.
2026-09-13 22:34:49 | INFO | LOG: Entering tracker.evaluate_open_signals
2026-09-13 22:34:49 | INFO | 
2026-09-13 22:34:49 | INFO | ============================================================
2026-09-13 22:34:49 | INFO | 📊 CYCLE METRICS
2026-09-13 22:34:49 | INFO | ============================================================
2026-09-13 22:34:49 | INFO |   Total cycle time : 265131.8 ms
2026-09-13 22:34:49 | INFO |   Fetch            : 0.0 ms (0.0%)
2026-09-13 22:34:49 | INFO |   Cache            : 0.0 ms (0.0%)
2026-09-13 22:34:49 | INFO |   Phase 2 (indicators) : 6211.9 ms
2026-09-13 22:34:49 | INFO |   Phase 3 (structure)  : 6585.8 ms
2026-09-13 22:34:49 | INFO |   Phase 4 (FVG/OB)     : 1104.9 ms
2026-09-13 22:34:49 | INFO |   Phase 5 (patterns)   : 865.2 ms
2026-09-13 22:34:49 | INFO |   Phase 6 (volume)     : 378.2 ms
2026-09-13 22:34:49 | INFO |   Phase 7 (scoring)    : 1759.4 ms
2026-09-13 22:34:49 | INFO |   Tracker            : 0.0 ms
2026-09-13 22:34:49 | INFO |   API requests       : 0
2026-09-13 22:34:49 | INFO |   Candles downloaded : 42
2026-09-13 22:34:49 | INFO |   Cache hits/misses  : 0/0
2026-09-13 22:34:49 | INFO |   Signals generated  : 0
2026-09-13 22:34:49 | INFO |   Signals rejected   : 0
2026-09-13 22:34:49 | INFO | ============================================================
2026-09-13 22:34:49 | INFO | [MAIN] Cycle done in 265.13s
2026-09-13 22:34:50 | INFO | 
[2026-09-13 22:34:50] Cycle start
2026-09-13 22:34:55 | INFO | [MAIN] No new data, skipping pipeline...
2026-09-13 22:34:55 | INFO | [MAIN] Cycle done in 5.07s
2026-09-13 22:36:50 | INFO | 
[2026-09-13 22:36:50] Cycle start
2026-09-13 22:36:54 | INFO | [✓] BTC-SWAP-USDT 5m  →  +1 candles
2026-09-13 22:36:54 | INFO | [✓] ETH-SWAP-USDT 5m  →  +1 candles
2026-09-13 22:36:54 | INFO | [✓] SOL-SWAP-USDT 5m  →  +1 candles
2026-09-13 22:36:54 | INFO | [✓] BNB-SWAP-USDT 5m  →  +1 candles
2026-09-13 22:36:54 | INFO | [✓] XRP-SWAP-USDT 5m  →  +1 candles
2026-09-13 22:36:54 | INFO | [✓] DOGE-SWAP-USDT 5m  →  +1 candles
2026-09-13 22:36:54 | INFO | [✓] ADA-SWAP-USDT 5m  →  +1 candles
2026-09-13 22:36:55 | INFO | [✓] AVAX-SWAP-USDT 5m  →  +1 candles
2026-09-13 22:36:55 | INFO | [✓] DOT-SWAP-USDT 5m  →  +1 candles
2026-09-13 22:36:55 | INFO | [✓] RATSUSDT 5m  →  +1 candles
2026-09-13 22:36:55 | INFO | [✓] LINK-SWAP-USDT 5m  →  +1 candles
2026-09-13 22:36:55 | INFO | [✓] UNI-SWAP-USDT 5m  →  +1 candles
2026-09-13 22:36:55 | INFO | [✓] ATOM-SWAP-USDT 5m  →  +1 candles
2026-09-13 22:36:55 | INFO | [✓] LTC-SWAP-USDT 5m  →  +1 candles
2026-09-13 22:36:55 | INFO | [✓] EDEN-SWAP-USDT 5m  →  +1 candles
2026-09-13 22:36:56 | INFO | [✓] ARB-SWAP-USDT 5m  →  +1 candles
2026-09-13 22:36:56 | INFO | [✓] OP-SWAP-USDT 5m  →  +1 candles
2026-09-13 22:36:56 | INFO | [✓] WLD-SWAP-USDT 5m  →  +1 candles
2026-09-13 22:36:56 | INFO | [✓] SHIBUSDT 5m  →  +1 candles
2026-09-13 22:36:56 | INFO | [✓] ACEUSDT 5m  →  +1 candles
2026-09-13 22:36:56 | INFO | [✓] OPN-SWAP-USDT 5m  →  +1 candles
2026-09-13 22:36:56 | INFO | LOG: Entering run_pipeline_parallel
2026-09-13 22:40:51 | INFO | [✓] BTC-SWAP-USDT -> no signal
2026-09-13 22:40:51 | INFO | [✓] ETH-SWAP-USDT -> no signal
2026-09-13 22:40:51 | INFO | [✓] SOL-SWAP-USDT -> no signal
2026-09-13 22:40:51 | INFO | [✓] BNB-SWAP-USDT -> no signal
2026-09-13 22:40:51 | INFO | [✓] XRP-SWAP-USDT -> no signal
2026-09-13 22:40:51 | INFO | [✓] DOGE-SWAP-USDT -> no signal
2026-09-13 22:40:51 | INFO | [✓] ADA-SWAP-USDT -> no signal
2026-09-13 22:40:51 | INFO | [✓] AVAX-SWAP-USDT -> no signal
2026-09-13 22:40:51 | INFO | [✓] DOT-SWAP-USDT -> no signal
2026-09-13 22:40:51 | INFO | [✓] RATSUSDT -> no signal
2026-09-13 22:40:51 | INFO | [✓] LINK-SWAP-USDT -> no signal
2026-09-13 22:40:51 | INFO | [✓] UNI-SWAP-USDT -> no signal
2026-09-13 22:40:51 | INFO | [✓] ATOM-SWAP-USDT -> no signal
2026-09-13 22:40:51 | INFO | [✓] LTC-SWAP-USDT -> no signal
2026-09-13 22:40:51 | INFO | [✓] EDEN-SWAP-USDT -> no signal
2026-09-13 22:40:51 | INFO | [✓] ARB-SWAP-USDT -> no signal
2026-09-13 22:40:51 | INFO | [✓] OP-SWAP-USDT -> no signal
2026-09-13 22:40:51 | INFO | [✓] WLD-SWAP-USDT -> no signal
2026-09-13 22:40:51 | INFO | [✓] SHIBUSDT -> no signal
2026-09-13 22:40:51 | INFO | [✓] ACEUSDT -> no signal
2026-09-13 22:40:51 | INFO | [✓] OPN-SWAP-USDT -> no signal
2026-09-13 22:40:51 | INFO | LOG: run_pipeline_parallel returned 0 signals
2026-09-13 22:40:51 | INFO | LOG: Entering notifier.deliver
2026-09-13 22:40:51 | INFO | [MAIN] No active signal.
2026-09-13 22:40:51 | INFO | LOG: Entering tracker.evaluate_open_signals
2026-09-13 22:40:51 | INFO | 
2026-09-13 22:40:51 | INFO | ============================================================
2026-09-13 22:40:51 | INFO | 📊 CYCLE METRICS
2026-09-13 22:40:51 | INFO | ============================================================
2026-09-13 22:40:51 | INFO |   Total cycle time : 240544.1 ms
2026-09-13 22:40:51 | INFO |   Fetch            : 0.0 ms (0.0%)
2026-09-13 22:40:51 | INFO |   Cache            : 0.0 ms (0.0%)
2026-09-13 22:40:51 | INFO |   Phase 2 (indicators) : 7495.5 ms
2026-09-13 22:40:51 | INFO |   Phase 3 (structure)  : 7631.5 ms
2026-09-13 22:40:51 | INFO |   Phase 4 (FVG/OB)     : 1148.6 ms
2026-09-13 22:40:51 | INFO |   Phase 5 (patterns)   : 877.5 ms
2026-09-13 22:40:51 | INFO |   Phase 6 (volume)     : 360.7 ms
2026-09-13 22:40:51 | INFO |   Phase 7 (scoring)    : 1794.0 ms
2026-09-13 22:40:51 | INFO |   Tracker            : 0.0 ms
2026-09-13 22:40:51 | INFO |   API requests       : 0
2026-09-13 22:40:51 | INFO |   Candles downloaded : 21
2026-09-13 22:40:51 | INFO |   Cache hits/misses  : 0/0
2026-09-13 22:40:51 | INFO |   Signals generated  : 0
2026-09-13 22:40:51 | INFO |   Signals rejected   : 0
2026-09-13 22:40:51 | INFO | ============================================================
2026-09-13 22:40:51 | INFO | [MAIN] Cycle done in 240.54s
2026-09-13 22:40:52 | INFO | 
[2026-09-13 22:40:52] Cycle start
2026-09-13 22:40:55 | INFO | [✓] BTC-SWAP-USDT 5m  →  +1 candles
2026-09-13 22:40:55 | INFO | [✓] ETH-SWAP-USDT 5m  →  +1 candles
2026-09-13 22:40:55 | INFO | [✓] SOL-SWAP-USDT 5m  →  +1 candles
2026-09-13 22:40:55 | INFO | [✓] BNB-SWAP-USDT 5m  →  +1 candles
2026-09-13 22:40:55 | INFO | [✓] XRP-SWAP-USDT 5m  →  +1 candles
2026-09-13 22:40:56 | INFO | [✓] DOGE-SWAP-USDT 5m  →  +1 candles
2026-09-13 22:40:56 | INFO | [✓] ADA-SWAP-USDT 5m  →  +1 candles
2026-09-13 22:40:56 | INFO | [✓] AVAX-SWAP-USDT 5m  →  +1 candles
2026-09-13 22:40:56 | INFO | [✓] DOT-SWAP-USDT 5m  →  +1 candles
2026-09-13 22:40:56 | INFO | [✓] RATSUSDT 5m  →  +1 candles
2026-09-13 22:40:56 | INFO | [✓] LINK-SWAP-USDT 5m  →  +1 candles
2026-09-13 22:40:56 | INFO | [✓] UNI-SWAP-USDT 5m  →  +1 candles
2026-09-13 22:40:56 | INFO | [✓] ATOM-SWAP-USDT 5m  →  +1 candles
2026-09-13 22:40:57 | INFO | [✓] LTC-SWAP-USDT 5m  →  +1 candles
2026-09-13 22:40:57 | INFO | [✓] EDEN-SWAP-USDT 5m  →  +1 candles
2026-09-13 22:40:57 | INFO | [✓] ARB-SWAP-USDT 5m  →  +1 candles
2026-09-13 22:40:57 | INFO | [✓] OP-SWAP-USDT 5m  →  +1 candles
2026-09-13 22:40:57 | INFO | [✓] WLD-SWAP-USDT 5m  →  +1 candles
2026-09-13 22:40:57 | INFO | [✓] SHIBUSDT 5m  →  +1 candles
2026-09-13 22:40:57 | INFO | [✓] ACEUSDT 5m  →  +1 candles
2026-09-13 22:40:58 | INFO | [✓] OPN-SWAP-USDT 5m  →  +1 candles
2026-09-13 22:40:58 | INFO | LOG: Entering run_pipeline_parallel
2026-09-13 22:45:12 | INFO | [✓] BTC-SWAP-USDT -> no signal
2026-09-13 22:45:12 | INFO | [✓] ETH-SWAP-USDT -> no signal
2026-09-13 22:45:12 | INFO | [✓] SOL-SWAP-USDT -> no signal
2026-09-13 22:45:12 | INFO | [✓] BNB-SWAP-USDT -> no signal
2026-09-13 22:45:12 | INFO | [✓] XRP-SWAP-USDT -> no signal
2026-09-13 22:45:12 | INFO | [✓] DOGE-SWAP-USDT -> no signal
2026-09-13 22:45:12 | INFO | [✓] ADA-SWAP-USDT -> no signal
2026-09-13 22:45:12 | INFO | [✓] AVAX-SWAP-USDT -> no signal
2026-09-13 22:45:12 | INFO | [✓] DOT-SWAP-USDT -> no signal
2026-09-13 22:45:12 | INFO | [✓] RATSUSDT -> no signal
2026-09-13 22:45:12 | INFO | [✓] LINK-SWAP-USDT -> no signal
2026-09-13 22:45:12 | INFO | [✓] UNI-SWAP-USDT -> no signal
2026-09-13 22:45:12 | INFO | [✓] ATOM-SWAP-USDT -> no signal
2026-09-13 22:45:12 | INFO | [✓] LTC-SWAP-USDT -> no signal
2026-09-13 22:45:12 | INFO | [✓] EDEN-SWAP-USDT -> no signal
2026-09-13 22:45:12 | INFO | [✓] ARB-SWAP-USDT -> no signal
2026-09-13 22:45:12 | INFO | [✓] OP-SWAP-USDT -> no signal
2026-09-13 22:45:12 | INFO | [✓] WLD-SWAP-USDT -> no signal
2026-09-13 22:45:12 | INFO | [✓] SHIBUSDT -> no signal
2026-09-13 22:45:12 | INFO | [✓] ACEUSDT -> no signal
2026-09-13 22:45:12 | INFO | [✓] OPN-SWAP-USDT -> no signal
2026-09-13 22:45:12 | INFO | LOG: run_pipeline_parallel returned 0 signals
2026-09-13 22:45:12 | INFO | LOG: Entering notifier.deliver
2026-09-13 22:45:12 | INFO | [MAIN] No active signal.
2026-09-13 22:45:12 | INFO | LOG: Entering tracker.evaluate_open_signals
2026-09-13 22:45:12 | INFO | 
2026-09-13 22:45:12 | INFO | ============================================================
2026-09-13 22:45:12 | INFO | 📊 CYCLE METRICS
2026-09-13 22:45:12 | INFO | ============================================================
2026-09-13 22:45:12 | INFO |   Total cycle time : 260285.7 ms
2026-09-13 22:45:12 | INFO |   Fetch            : 0.0 ms (0.0%)
2026-09-13 22:45:12 | INFO |   Cache            : 0.0 ms (0.0%)
2026-09-13 22:45:12 | INFO |   Phase 2 (indicators) : 4714.8 ms
2026-09-13 22:45:12 | INFO |   Phase 3 (structure)  : 5366.8 ms
2026-09-13 22:45:12 | INFO |   Phase 4 (FVG/OB)     : 1137.5 ms
2026-09-13 22:45:12 | INFO |   Phase 5 (patterns)   : 867.2 ms
2026-09-13 22:45:12 | INFO |   Phase 6 (volume)     : 369.4 ms
2026-09-13 22:45:12 | INFO |   Phase 7 (scoring)    : 1750.0 ms
2026-09-13 22:45:12 | INFO |   Tracker            : 0.0 ms
2026-09-13 22:45:12 | INFO |   API requests       : 0
2026-09-13 22:45:12 | INFO |   Candles downloaded : 21
2026-09-13 22:45:12 | INFO |   Cache hits/misses  : 0/0
2026-09-13 22:45:12 | INFO |   Signals generated  : 0
2026-09-13 22:45:12 | INFO |   Signals rejected   : 0
2026-09-13 22:45:12 | INFO | ============================================================
2026-09-13 22:45:12 | INFO | [MAIN] Cycle done in 260.28s
2026-09-13 22:45:13 | INFO | 
[2026-09-13 22:45:13] Cycle start
2026-09-13 22:45:16 | INFO | [✓] BTC-SWAP-USDT 5m  →  +1 candles
2026-09-13 22:45:16 | INFO | [✓] BTC-SWAP-USDT 15m  →  +1 candles
2026-09-13 22:45:16 | INFO | [✓] ETH-SWAP-USDT 5m  →  +1 candles
2026-09-13 22:45:16 | INFO | [✓] ETH-SWAP-USDT 15m  →  +1 candles
2026-09-13 22:45:16 | INFO | [✓] SOL-SWAP-USDT 5m  →  +1 candles
2026-09-13 22:45:16 | INFO | [✓] SOL-SWAP-USDT 15m  →  +1 candles
2026-09-13 22:45:16 | INFO | [✓] BNB-SWAP-USDT 5m  →  +1 candles
2026-09-13 22:45:16 | INFO | [✓] BNB-SWAP-USDT 15m  →  +1 candles
2026-09-13 22:45:17 | INFO | [✓] XRP-SWAP-USDT 5m  →  +1 candles
2026-09-13 22:45:17 | INFO | [✓] XRP-SWAP-USDT 15m  →  +1 candles
2026-09-13 22:45:17 | INFO | [✓] DOGE-SWAP-USDT 5m  →  +1 candles
2026-09-13 22:45:17 | INFO | [✓] DOGE-SWAP-USDT 15m  →  +1 candles
2026-09-13 22:45:17 | INFO | [✓] ADA-SWAP-USDT 5m  →  +1 candles
2026-09-13 22:45:17 | INFO | [✓] ADA-SWAP-USDT 15m  →  +1 candles
2026-09-13 22:45:17 | INFO | [✓] AVAX-SWAP-USDT 5m  →  +1 candles
2026-09-13 22:45:17 | INFO | [✓] AVAX-SWAP-USDT 15m  →  +1 candles
2026-09-13 22:45:17 | INFO | [✓] DOT-SWAP-USDT 5m  →  +1 candles
2026-09-13 22:45:17 | INFO | [✓] DOT-SWAP-USDT 15m  →  +1 candles
2026-09-13 22:45:17 | INFO | [✓] RATSUSDT 5m  →  +1 candles
2026-09-13 22:45:17 | INFO | [✓] RATSUSDT 15m  →  +1 candles
2026-09-13 22:45:17 | INFO | [✓] LINK-SWAP-USDT 5m  →  +1 candles
2026-09-13 22:45:17 | INFO | [✓] LINK-SWAP-USDT 15m  →  +1 candles
2026-09-13 22:45:17 | INFO | [✓] UNI-SWAP-USDT 5m  →  +1 candles
2026-09-13 22:45:17 | INFO | [✓] UNI-SWAP-USDT 15m  →  +1 candles
2026-09-13 22:45:17 | INFO | [✓] ATOM-SWAP-USDT 5m  →  +1 candles
2026-09-13 22:45:17 | INFO | [✓] ATOM-SWAP-USDT 15m  →  +1 candles
2026-09-13 22:45:18 | INFO | [✓] LTC-SWAP-USDT 5m  →  +1 candles
2026-09-13 22:45:18 | INFO | [✓] LTC-SWAP-USDT 15m  →  +1 candles
2026-09-13 22:45:18 | INFO | [✓] EDEN-SWAP-USDT 5m  →  +1 candles
2026-09-13 22:45:18 | INFO | [✓] EDEN-SWAP-USDT 15m  →  +1 candles
2026-09-13 22:45:18 | INFO | [✓] ARB-SWAP-USDT 5m  →  +1 candles
2026-09-13 22:45:18 | INFO | [✓] ARB-SWAP-USDT 15m  →  +1 candles
2026-09-13 22:45:18 | INFO | [✓] OP-SWAP-USDT 5m  →  +1 candles
2026-09-13 22:45:18 | INFO | [✓] OP-SWAP-USDT 15m  →  +1 candles
2026-09-13 22:45:18 | INFO | [✓] WLD-SWAP-USDT 5m  →  +1 candles
2026-09-13 22:45:18 | INFO | [✓] WLD-SWAP-USDT 15m  →  +1 candles
2026-09-13 22:45:18 | INFO | [✓] SHIBUSDT 5m  →  +1 candles
2026-09-13 22:45:18 | INFO | [✓] SHIBUSDT 15m  →  +1 candles
2026-09-13 22:45:18 | INFO | [✓] ACEUSDT 5m  →  +1 candles
2026-09-13 22:45:18 | INFO | [✓] ACEUSDT 15m  →  +1 candles
2026-09-13 22:45:18 | INFO | [✓] OPN-SWAP-USDT 5m  →  +1 candles
2026-09-13 22:45:18 | INFO | [✓] OPN-SWAP-USDT 15m  →  +1 candles
2026-09-13 22:45:19 | INFO | LOG: Entering run_pipeline_parallel
2026-09-14 12:35:01 | WARNING | [WARN] BTC-SWAP-USDT 5m: data is 110.0 min old (max 15 min), skipping
2026-09-14 12:35:01 | WARNING | [WARN] BTC-SWAP-USDT 15m: data is 110.0 min old (max 45 min), skipping
2026-09-14 12:40:15 | WARNING | [WARN] ETH-SWAP-USDT 5m: data is 115.3 min old (max 15 min), skipping
2026-09-14 12:40:15 | WARNING | [WARN] BTC-SWAP-USDT 5m: data is 115.3 min old (max 15 min), skipping
2026-09-14 12:40:15 | WARNING | [WARN] BTC-SWAP-USDT 15m: data is 115.3 min old (max 45 min), skipping
2026-09-14 12:40:15 | WARNING | [WARN] ETH-SWAP-USDT 15m: data is 115.3 min old (max 45 min), skipping
2026-09-14 12:40:37 | WARNING | [WARN] BTC-SWAP-USDT 5m: data is 115.6 min old (max 15 min), skipping
2026-09-14 12:40:37 | WARNING | [WARN] BTC-SWAP-USDT 15m: data is 115.6 min old (max 45 min), skipping
2026-09-14 20:28:48 | INFO | ============================================================
2026-09-14 20:28:48 | INFO | 🤖 TOOBIT AI SIGNAL BOT (IN-MEMORY PIPELINE)
2026-09-14 20:28:48 | INFO | 📊 21 symbols, 4 timeframes
2026-09-14 20:28:48 | INFO | ============================================================
2026-09-14 20:28:48 | INFO | 
[2026-09-14 20:28:48] Cycle start
2026-09-14 20:28:49 | INFO | [FETCH] due pairs: 84/84
2026-09-14 20:28:54 | INFO | [✓] BTC-SWAP-USDT 5m  →  +260 candles
2026-09-14 20:28:55 | INFO | [✓] BTC-SWAP-USDT 15m  →  +86 candles
2026-09-14 20:28:55 | INFO | [✓] BTC-SWAP-USDT 1h  →  +22 candles
2026-09-14 20:28:55 | INFO | [✓] BTC-SWAP-USDT 4h  →  +6 candles
2026-09-14 20:28:55 | INFO | [✓] ETH-SWAP-USDT 5m  →  +260 candles
2026-09-14 20:28:55 | INFO | [✓] ETH-SWAP-USDT 15m  →  +86 candles
2026-09-14 20:28:55 | INFO | [✓] ETH-SWAP-USDT 1h  →  +22 candles
2026-09-14 20:28:55 | INFO | [✓] ETH-SWAP-USDT 4h  →  +6 candles
2026-09-14 20:28:55 | INFO | [✓] SOL-SWAP-USDT 5m  →  +260 candles
2026-09-14 20:28:55 | INFO | [✓] SOL-SWAP-USDT 15m  →  +86 candles
2026-09-14 20:28:55 | INFO | [✓] SOL-SWAP-USDT 1h  →  +22 candles
2026-09-14 20:28:55 | INFO | [✓] SOL-SWAP-USDT 4h  →  +6 candles
2026-09-14 20:28:55 | INFO | [✓] BNB-SWAP-USDT 5m  →  +260 candles
2026-09-14 20:28:55 | INFO | [✓] BNB-SWAP-USDT 15m  →  +86 candles
2026-09-14 20:28:55 | INFO | [✓] BNB-SWAP-USDT 1h  →  +22 candles
2026-09-14 20:28:55 | INFO | [✓] BNB-SWAP-USDT 4h  →  +6 candles
2026-09-14 20:28:55 | INFO | [✓] XRP-SWAP-USDT 5m  →  +260 candles
2026-09-14 20:28:55 | INFO | [✓] XRP-SWAP-USDT 15m  →  +86 candles
2026-09-14 20:28:55 | INFO | [✓] XRP-SWAP-USDT 1h  →  +22 candles
2026-09-14 20:28:55 | INFO | [✓] XRP-SWAP-USDT 4h  →  +6 candles
2026-09-14 20:28:55 | INFO | [✓] DOGE-SWAP-USDT 5m  →  +260 candles
2026-09-14 20:28:55 | INFO | [✓] DOGE-SWAP-USDT 15m  →  +86 candles
2026-09-14 20:28:56 | INFO | [✓] DOGE-SWAP-USDT 1h  →  +22 candles
2026-09-14 20:28:56 | INFO | [✓] DOGE-SWAP-USDT 4h  →  +6 candles
2026-09-14 20:28:56 | INFO | [✓] ADA-SWAP-USDT 5m  →  +260 candles
2026-09-14 20:28:56 | INFO | [✓] ADA-SWAP-USDT 15m  →  +86 candles
2026-09-14 20:28:56 | INFO | [✓] ADA-SWAP-USDT 1h  →  +22 candles
2026-09-14 20:28:56 | INFO | [✓] ADA-SWAP-USDT 4h  →  +6 candles
2026-09-14 20:28:56 | INFO | [✓] AVAX-SWAP-USDT 5m  →  +260 candles
2026-09-14 20:28:56 | INFO | [✓] AVAX-SWAP-USDT 15m  →  +86 candles
2026-09-14 20:28:56 | INFO | [✓] AVAX-SWAP-USDT 1h  →  +22 candles
2026-09-14 20:28:56 | INFO | [✓] AVAX-SWAP-USDT 4h  →  +6 candles
2026-09-14 20:28:56 | INFO | [✓] DOT-SWAP-USDT 5m  →  +260 candles
2026-09-14 20:28:56 | INFO | [✓] DOT-SWAP-USDT 15m  →  +86 candles
2026-09-14 20:28:56 | INFO | [✓] DOT-SWAP-USDT 1h  →  +22 candles
2026-09-14 20:28:56 | INFO | [✓] DOT-SWAP-USDT 4h  →  +6 candles
2026-09-14 20:28:56 | INFO | [✓] RATSUSDT 5m  →  +260 candles
2026-09-14 20:28:56 | INFO | [✓] RATSUSDT 15m  →  +86 candles
2026-09-14 20:28:56 | INFO | [✓] RATSUSDT 1h  →  +22 candles
2026-09-14 20:28:56 | INFO | [✓] RATSUSDT 4h  →  +6 candles
2026-09-14 20:28:56 | INFO | [✓] LINK-SWAP-USDT 5m  →  +260 candles
2026-09-14 20:28:57 | INFO | [✓] LINK-SWAP-USDT 15m  →  +86 candles
2026-09-14 20:28:57 | INFO | [✓] LINK-SWAP-USDT 1h  →  +22 candles
2026-09-14 20:28:57 | INFO | [✓] LINK-SWAP-USDT 4h  →  +6 candles
2026-09-14 20:28:57 | INFO | [✓] UNI-SWAP-USDT 5m  →  +260 candles
2026-09-14 20:28:57 | INFO | [✓] UNI-SWAP-USDT 15m  →  +86 candles
2026-09-14 20:28:57 | INFO | [✓] UNI-SWAP-USDT 1h  →  +22 candles
2026-09-14 20:28:57 | INFO | [✓] UNI-SWAP-USDT 4h  →  +6 candles
2026-09-14 20:28:57 | INFO | [✓] ATOM-SWAP-USDT 5m  →  +260 candles
2026-09-14 20:28:57 | INFO | [✓] ATOM-SWAP-USDT 15m  →  +86 candles
2026-09-14 20:28:57 | INFO | [✓] ATOM-SWAP-USDT 1h  →  +22 candles
2026-09-14 20:28:57 | INFO | [✓] ATOM-SWAP-USDT 4h  →  +6 candles
2026-09-14 20:28:57 | INFO | [✓] LTC-SWAP-USDT 5m  →  +260 candles
2026-09-14 20:28:57 | INFO | [✓] LTC-SWAP-USDT 15m  →  +86 candles
2026-09-14 20:28:57 | INFO | [✓] LTC-SWAP-USDT 1h  →  +22 candles
2026-09-14 20:28:57 | INFO | [✓] LTC-SWAP-USDT 4h  →  +6 candles
2026-09-14 20:28:57 | INFO | [✓] EDEN-SWAP-USDT 5m  →  +260 candles
2026-09-14 20:28:57 | INFO | [✓] EDEN-SWAP-USDT 15m  →  +86 candles
2026-09-14 20:28:57 | INFO | [✓] EDEN-SWAP-USDT 1h  →  +22 candles
2026-09-14 20:28:57 | INFO | [✓] EDEN-SWAP-USDT 4h  →  +6 candles
2026-09-14 20:28:57 | INFO | [✓] ARB-SWAP-USDT 5m  →  +260 candles
2026-09-14 20:28:57 | INFO | [✓] ARB-SWAP-USDT 15m  →  +86 candles
2026-09-14 20:28:58 | INFO | [✓] ARB-SWAP-USDT 1h  →  +22 candles
2026-09-14 20:28:58 | INFO | [✓] ARB-SWAP-USDT 4h  →  +6 candles
2026-09-14 20:28:58 | INFO | [✓] OP-SWAP-USDT 5m  →  +260 candles
2026-09-14 20:28:58 | INFO | [✓] OP-SWAP-USDT 15m  →  +86 candles
2026-09-14 20:28:58 | INFO | [✓] OP-SWAP-USDT 1h  →  +22 candles
2026-09-14 20:28:58 | INFO | [✓] OP-SWAP-USDT 4h  →  +6 candles
2026-09-14 20:28:58 | INFO | [✓] WLD-SWAP-USDT 5m  →  +260 candles
2026-09-14 20:28:58 | INFO | [✓] WLD-SWAP-USDT 15m  →  +86 candles
2026-09-14 20:28:58 | INFO | [✓] WLD-SWAP-USDT 1h  →  +22 candles
2026-09-14 20:28:58 | INFO | [✓] WLD-SWAP-USDT 4h  →  +6 candles
2026-09-14 20:28:58 | INFO | [✓] SHIBUSDT 5m  →  +260 candles
2026-09-14 20:28:58 | INFO | [✓] SHIBUSDT 15m  →  +86 candles
2026-09-14 20:28:58 | INFO | [✓] SHIBUSDT 1h  →  +22 candles
2026-09-14 20:28:58 | INFO | [✓] SHIBUSDT 4h  →  +6 candles
2026-09-14 20:28:58 | INFO | [✓] ACEUSDT 5m  →  +260 candles
2026-09-14 20:28:58 | INFO | [✓] ACEUSDT 15m  →  +86 candles
2026-09-14 20:28:58 | INFO | [✓] ACEUSDT 1h  →  +22 candles
2026-09-14 20:28:58 | INFO | [✓] ACEUSDT 4h  →  +6 candles
2026-09-14 20:28:58 | INFO | [✓] OPN-SWAP-USDT 5m  →  +260 candles
2026-09-14 20:28:58 | INFO | [✓] OPN-SWAP-USDT 15m  →  +86 candles
2026-09-14 20:28:58 | INFO | [✓] OPN-SWAP-USDT 1h  →  +22 candles
2026-09-14 20:28:58 | INFO | [✓] OPN-SWAP-USDT 4h  →  +6 candles
2026-09-14 20:28:59 | INFO | LOG: Entering run_pipeline_parallel
2026-09-14 20:29:50 | INFO | [✓] BTC-SWAP-USDT -> no signal
2026-09-14 20:29:50 | INFO | [✓] ETH-SWAP-USDT -> no signal
2026-09-14 20:29:50 | INFO | [✓] SOL-SWAP-USDT -> no signal
2026-09-14 20:29:50 | INFO | [✓] BNB-SWAP-USDT -> no signal
2026-09-14 20:29:50 | INFO | [✓] XRP-SWAP-USDT -> no signal
2026-09-14 20:29:50 | INFO | [✓] DOGE-SWAP-USDT -> no signal
2026-09-14 20:29:50 | INFO | [✓] ADA-SWAP-USDT -> no signal
2026-09-14 20:29:50 | INFO | [✓] AVAX-SWAP-USDT -> no signal
2026-09-14 20:29:50 | INFO | [✓] DOT-SWAP-USDT -> no signal
2026-09-14 20:29:50 | INFO | [✓] RATSUSDT -> no signal
2026-09-14 20:29:50 | INFO | [✓] LINK-SWAP-USDT -> no signal
2026-09-14 20:29:50 | INFO | [✓] UNI-SWAP-USDT -> no signal
2026-09-14 20:29:50 | INFO | [✓] ATOM-SWAP-USDT -> no signal
2026-09-14 20:29:50 | INFO | [✓] LTC-SWAP-USDT -> no signal
2026-09-14 20:29:50 | INFO | [✓] EDEN-SWAP-USDT -> no signal
2026-09-14 20:29:50 | INFO | [✓] ARB-SWAP-USDT -> no signal
2026-09-14 20:29:50 | INFO | [✓] OP-SWAP-USDT -> no signal
2026-09-14 20:29:50 | INFO | [✓] WLD-SWAP-USDT -> no signal
2026-09-14 20:29:50 | INFO | [✓] SHIBUSDT -> no signal
2026-09-14 20:29:50 | INFO | [✓] ACEUSDT -> no signal
2026-09-14 20:29:50 | INFO | [✓] OPN-SWAP-USDT -> no signal
2026-09-14 20:29:50 | INFO | LOG: run_pipeline_parallel returned 0 signals
2026-09-14 20:29:50 | INFO | LOG: Entering notifier.deliver
2026-09-14 20:29:50 | INFO | [MAIN] No active signal.
2026-09-14 20:29:50 | INFO | LOG: Entering tracker.evaluate_open_signals
2026-09-14 20:29:50 | INFO | 
2026-09-14 20:29:50 | INFO | ============================================================
2026-09-14 20:29:50 | INFO | 📊 CYCLE METRICS
2026-09-14 20:29:50 | INFO | ============================================================
2026-09-14 20:29:50 | INFO |   Total cycle time : 61249.6 ms
2026-09-14 20:29:50 | INFO |   Fetch            : 0.0 ms (0.0%)
2026-09-14 20:29:50 | INFO |   Cache            : 0.0 ms (0.0%)
2026-09-14 20:29:50 | INFO |   Phase 2 (indicators) : 2822.4 ms
2026-09-14 20:29:50 | INFO |   Phase 3 (structure)  : 2896.8 ms
2026-09-14 20:29:50 | INFO |   Phase 4 (FVG/OB)     : 1167.6 ms
2026-09-14 20:29:50 | INFO |   Phase 5 (patterns)   : 4252.4 ms
2026-09-14 20:29:50 | INFO |   Phase 6 (volume)     : 379.6 ms
2026-09-14 20:29:50 | INFO |   Phase 7 (scoring)    : 1908.1 ms
2026-09-14 20:29:50 | INFO |   Tracker            : 0.0 ms
2026-09-14 20:29:50 | INFO |   API requests       : 0
2026-09-14 20:29:50 | INFO |   Candles downloaded : 7854
2026-09-14 20:29:50 | INFO |   Cache hits/misses  : 0/0
2026-09-14 20:29:50 | INFO |   Signals generated  : 0
2026-09-14 20:29:50 | INFO |   Signals rejected   : 0
2026-09-14 20:29:50 | INFO | ============================================================
2026-09-14 20:29:50 | INFO | [MAIN] Cycle done in 61.25s
2026-09-14 20:30:48 | INFO | 
[2026-09-14 20:30:48] Cycle start
2026-09-14 20:30:49 | INFO | [FETCH] due pairs: 21/84
2026-09-14 20:30:51 | INFO | [✓] BTC-SWAP-USDT 5m  →  +1 candles
2026-09-14 20:30:51 | INFO | [✓] ETH-SWAP-USDT 5m  →  +1 candles
2026-09-14 20:30:51 | INFO | [✓] SOL-SWAP-USDT 5m  →  +1 candles
2026-09-14 20:30:51 | INFO | [✓] BNB-SWAP-USDT 5m  →  +1 candles
2026-09-14 20:30:51 | INFO | [✓] XRP-SWAP-USDT 5m  →  +1 candles
2026-09-14 20:30:51 | INFO | [✓] DOGE-SWAP-USDT 5m  →  +1 candles
2026-09-14 20:30:51 | INFO | [✓] ADA-SWAP-USDT 5m  →  +1 candles
2026-09-14 20:30:51 | INFO | [✓] AVAX-SWAP-USDT 5m  →  +1 candles
2026-09-14 20:30:52 | INFO | [✓] DOT-SWAP-USDT 5m  →  +1 candles
2026-09-14 20:30:52 | INFO | [✓] RATSUSDT 5m  →  +1 candles
2026-09-14 20:30:52 | INFO | [✓] LINK-SWAP-USDT 5m  →  +1 candles
2026-09-14 20:30:52 | INFO | [✓] UNI-SWAP-USDT 5m  →  +1 candles
2026-09-14 20:30:52 | INFO | [✓] ATOM-SWAP-USDT 5m  →  +1 candles
2026-09-14 20:30:52 | INFO | [✓] LTC-SWAP-USDT 5m  →  +1 candles
2026-09-14 20:30:52 | INFO | [✓] EDEN-SWAP-USDT 5m  →  +1 candles
2026-09-14 20:30:52 | INFO | [✓] ARB-SWAP-USDT 5m  →  +1 candles
2026-09-14 20:30:52 | INFO | [✓] OP-SWAP-USDT 5m  →  +1 candles
2026-09-14 20:30:52 | INFO | [✓] WLD-SWAP-USDT 5m  →  +1 candles
2026-09-14 20:30:52 | INFO | [✓] SHIBUSDT 5m  →  +1 candles
2026-09-14 20:30:52 | INFO | [✓] ACEUSDT 5m  →  +1 candles
2026-09-14 20:30:52 | INFO | [✓] OPN-SWAP-USDT 5m  →  +1 candles
2026-09-14 20:30:52 | INFO | LOG: Entering run_pipeline_parallel
2026-09-14 20:31:39 | INFO | [✓] BTC-SWAP-USDT -> no signal
2026-09-14 20:31:39 | INFO | [✓] ETH-SWAP-USDT -> no signal
2026-09-14 20:31:39 | INFO | [✓] SOL-SWAP-USDT -> no signal
2026-09-14 20:31:39 | INFO | [✓] BNB-SWAP-USDT -> no signal
2026-09-14 20:31:39 | INFO | [✓] XRP-SWAP-USDT -> no signal
2026-09-14 20:31:39 | INFO | [✓] DOGE-SWAP-USDT -> no signal
2026-09-14 20:31:39 | INFO | [✓] ADA-SWAP-USDT -> no signal
2026-09-14 20:31:39 | INFO | [✓] AVAX-SWAP-USDT -> no signal
2026-09-14 20:31:39 | INFO | [✓] DOT-SWAP-USDT -> no signal
2026-09-14 20:31:39 | INFO | [✓] RATSUSDT -> no signal
2026-09-14 20:31:39 | INFO | [✓] LINK-SWAP-USDT -> no signal
2026-09-14 20:31:39 | INFO | [✓] UNI-SWAP-USDT -> no signal
2026-09-14 20:31:39 | INFO | [✓] ATOM-SWAP-USDT -> no signal
2026-09-14 20:31:39 | INFO | [✓] LTC-SWAP-USDT -> no signal
2026-09-14 20:31:39 | INFO | [✓] EDEN-SWAP-USDT -> no signal
2026-09-14 20:31:39 | INFO | [✓] ARB-SWAP-USDT -> no signal
2026-09-14 20:31:39 | INFO | [✓] OP-SWAP-USDT -> no signal
2026-09-14 20:31:39 | INFO | [✓] WLD-SWAP-USDT -> no signal
2026-09-14 20:31:39 | INFO | [✓] SHIBUSDT -> no signal
2026-09-14 20:31:39 | INFO | [✓] ACEUSDT -> no signal
2026-09-14 20:31:39 | INFO | [✓] OPN-SWAP-USDT -> no signal
2026-09-14 20:31:39 | INFO | LOG: run_pipeline_parallel returned 0 signals
2026-09-14 20:31:39 | INFO | LOG: Entering notifier.deliver
2026-09-14 20:31:39 | INFO | [MAIN] No active signal.
2026-09-14 20:31:39 | INFO | LOG: Entering tracker.evaluate_open_signals
2026-09-14 20:31:39 | INFO | 
2026-09-14 20:31:39 | INFO | ============================================================
2026-09-14 20:31:39 | INFO | 📊 CYCLE METRICS
2026-09-14 20:31:39 | INFO | ============================================================
2026-09-14 20:31:39 | INFO |   Total cycle time : 50854.6 ms
2026-09-14 20:31:39 | INFO |   Fetch            : 0.0 ms (0.0%)
2026-09-14 20:31:39 | INFO |   Cache            : 0.0 ms (0.0%)
2026-09-14 20:31:39 | INFO |   Phase 2 (indicators) : 2770.3 ms
2026-09-14 20:31:39 | INFO |   Phase 3 (structure)  : 2817.1 ms
2026-09-14 20:31:39 | INFO |   Phase 4 (FVG/OB)     : 1129.9 ms
2026-09-14 20:31:39 | INFO |   Phase 5 (patterns)   : 4089.9 ms
2026-09-14 20:31:39 | INFO |   Phase 6 (volume)     : 353.7 ms
2026-09-14 20:31:39 | INFO |   Phase 7 (scoring)    : 1920.3 ms
2026-09-14 20:31:39 | INFO |   Tracker            : 0.0 ms
2026-09-14 20:31:39 | INFO |   API requests       : 0
2026-09-14 20:31:39 | INFO |   Candles downloaded : 21
2026-09-14 20:31:39 | INFO |   Cache hits/misses  : 0/0
2026-09-14 20:31:39 | INFO |   Signals generated  : 0
2026-09-14 20:31:39 | INFO |   Signals rejected   : 0
2026-09-14 20:31:39 | INFO | ============================================================
2026-09-14 20:31:39 | INFO | [MAIN] Cycle done in 50.84s
2026-09-14 20:32:48 | INFO | 
[2026-09-14 20:32:48] Cycle start
2026-09-14 20:32:48 | INFO | [FETCH] due pairs: 21/84
2026-09-14 20:32:52 | INFO | [MAIN] No new data, skipping pipeline...
2026-09-14 20:32:52 | INFO | [MAIN] Cycle done in 3.10s
2026-09-14 20:34:48 | INFO | 
[2026-09-14 20:34:48] Cycle start
2026-09-14 20:34:49 | INFO | [FETCH] due pairs: 21/84
2026-09-14 20:34:52 | INFO | [MAIN] No new data, skipping pipeline...
2026-09-14 20:34:52 | INFO | [MAIN] Cycle done in 3.46s
2026-09-14 20:36:49 | INFO | 
[2026-09-14 20:36:49] Cycle start
2026-09-14 20:36:49 | INFO | [FETCH] due pairs: 42/84
2026-09-14 20:36:51 | INFO | [✓] BTC-SWAP-USDT 5m  →  +1 candles
2026-09-14 20:36:51 | INFO | [✓] BTC-SWAP-USDT 15m  →  +1 candles
2026-09-14 20:36:51 | INFO | [✓] ETH-SWAP-USDT 5m  →  +1 candles
2026-09-14 20:36:51 | INFO | [✓] ETH-SWAP-USDT 15m  →  +1 candles
2026-09-14 20:36:51 | INFO | [✓] SOL-SWAP-USDT 5m  →  +1 candles
2026-09-14 20:36:52 | INFO | [✓] SOL-SWAP-USDT 15m  →  +1 candles
2026-09-14 20:36:52 | INFO | [✓] BNB-SWAP-USDT 5m  →  +1 candles
2026-09-14 20:36:52 | INFO | [✓] BNB-SWAP-USDT 15m  →  +1 candles
2026-09-14 20:36:52 | INFO | [✓] XRP-SWAP-USDT 5m  →  +1 candles
2026-09-14 20:36:52 | INFO | [✓] XRP-SWAP-USDT 15m  →  +1 candles
2026-09-14 20:36:52 | INFO | [✓] DOGE-SWAP-USDT 5m  →  +1 candles
2026-09-14 20:36:52 | INFO | [✓] DOGE-SWAP-USDT 15m  →  +1 candles
2026-09-14 20:36:52 | INFO | [✓] ADA-SWAP-USDT 5m  →  +1 candles
2026-09-14 20:36:52 | INFO | [✓] ADA-SWAP-USDT 15m  →  +1 candles
2026-09-14 20:36:52 | INFO | [✓] AVAX-SWAP-USDT 5m  →  +1 candles
2026-09-14 20:36:52 | INFO | [✓] AVAX-SWAP-USDT 15m  →  +1 candles
2026-09-14 20:36:52 | INFO | [✓] DOT-SWAP-USDT 5m  →  +1 candles
2026-09-14 20:36:52 | INFO | [✓] DOT-SWAP-USDT 15m  →  +1 candles
2026-09-14 20:36:52 | INFO | [✓] RATSUSDT 5m  →  +1 candles
2026-09-14 20:36:52 | INFO | [✓] RATSUSDT 15m  →  +1 candles
2026-09-14 20:36:52 | INFO | [✓] LINK-SWAP-USDT 5m  →  +1 candles
2026-09-14 20:36:52 | INFO | [✓] LINK-SWAP-USDT 15m  →  +1 candles
2026-09-14 20:36:52 | INFO | [✓] UNI-SWAP-USDT 5m  →  +1 candles
2026-09-14 20:36:53 | INFO | [✓] UNI-SWAP-USDT 15m  →  +1 candles
2026-09-14 20:36:53 | INFO | [✓] ATOM-SWAP-USDT 5m  →  +1 candles
2026-09-14 20:36:53 | INFO | [✓] ATOM-SWAP-USDT 15m  →  +1 candles
2026-09-14 20:36:53 | INFO | [✓] LTC-SWAP-USDT 5m  →  +1 candles
2026-09-14 20:36:53 | INFO | [✓] LTC-SWAP-USDT 15m  →  +1 candles
2026-09-14 20:36:53 | INFO | [✓] EDEN-SWAP-USDT 5m  →  +1 candles
2026-09-14 20:36:53 | INFO | [✓] EDEN-SWAP-USDT 15m  →  +1 candles
2026-09-14 20:36:53 | INFO | [✓] ARB-SWAP-USDT 5m  →  +1 candles
2026-09-14 20:36:53 | INFO | [✓] ARB-SWAP-USDT 15m  →  +1 candles
2026-09-14 20:36:53 | INFO | [✓] OP-SWAP-USDT 5m  →  +1 candles
2026-09-14 20:36:53 | INFO | [✓] OP-SWAP-USDT 15m  →  +1 candles
2026-09-14 20:36:53 | INFO | [✓] WLD-SWAP-USDT 5m  →  +1 candles
2026-09-14 20:36:53 | INFO | [✓] WLD-SWAP-USDT 15m  →  +1 candles
2026-09-14 20:36:53 | INFO | [✓] SHIBUSDT 5m  →  +1 candles
2026-09-14 20:36:53 | INFO | [✓] SHIBUSDT 15m  →  +1 candles
2026-09-14 20:36:53 | INFO | [✓] ACEUSDT 5m  →  +1 candles
2026-09-14 20:36:54 | INFO | [✓] ACEUSDT 15m  →  +1 candles
2026-09-14 20:36:54 | INFO | [✓] OPN-SWAP-USDT 5m  →  +1 candles
2026-09-14 20:36:54 | INFO | [✓] OPN-SWAP-USDT 15m  →  +1 candles
2026-09-14 20:36:54 | INFO | LOG: Entering run_pipeline_parallel
2026-09-14 20:37:35 | INFO | [✓] BTC-SWAP-USDT -> no signal
2026-09-14 20:37:35 | INFO | [✓] ETH-SWAP-USDT -> no signal
2026-09-14 20:37:35 | INFO | [✓] SOL-SWAP-USDT -> no signal
2026-09-14 20:37:35 | INFO | [✓] BNB-SWAP-USDT -> no signal
2026-09-14 20:37:35 | INFO | [✓] XRP-SWAP-USDT -> no signal
2026-09-14 20:37:35 | INFO | [✓] DOGE-SWAP-USDT -> no signal
2026-09-14 20:37:35 | INFO | [✓] ADA-SWAP-USDT -> no signal
2026-09-14 20:37:35 | INFO | [✓] AVAX-SWAP-USDT -> no signal
2026-09-14 20:37:35 | INFO | [✓] DOT-SWAP-USDT -> no signal
2026-09-14 20:37:35 | INFO | [✓] RATSUSDT -> no signal
2026-09-14 20:37:35 | INFO | [✓] LINK-SWAP-USDT -> no signal
2026-09-14 20:37:35 | INFO | [✓] UNI-SWAP-USDT -> no signal
2026-09-14 20:37:35 | INFO | [✓] ATOM-SWAP-USDT -> no signal
2026-09-14 20:37:35 | INFO | [✓] LTC-SWAP-USDT -> no signal
2026-09-14 20:37:35 | INFO | [✓] EDEN-SWAP-USDT -> no signal
2026-09-14 20:37:35 | INFO | [✓] ARB-SWAP-USDT -> no signal
2026-09-14 20:37:35 | INFO | [✓] OP-SWAP-USDT -> no signal
2026-09-14 20:37:35 | INFO | [✓] WLD-SWAP-USDT -> no signal
2026-09-14 20:37:35 | INFO | [✓] SHIBUSDT -> no signal
2026-09-14 20:37:35 | INFO | [✓] ACEUSDT -> no signal
2026-09-14 20:37:35 | INFO | [✓] OPN-SWAP-USDT -> no signal
2026-09-14 20:37:35 | INFO | LOG: run_pipeline_parallel returned 0 signals
2026-09-14 20:37:35 | INFO | LOG: Entering notifier.deliver
2026-09-14 20:37:35 | INFO | [MAIN] No active signal.
2026-09-14 20:37:35 | INFO | LOG: Entering tracker.evaluate_open_signals
2026-09-14 20:37:35 | INFO | 
2026-09-14 20:37:35 | INFO | ============================================================
2026-09-14 20:37:35 | INFO | 📊 CYCLE METRICS
2026-09-14 20:37:35 | INFO | ============================================================
2026-09-14 20:37:35 | INFO |   Total cycle time : 46683.0 ms
2026-09-14 20:37:35 | INFO |   Fetch            : 0.0 ms (0.0%)
2026-09-14 20:37:35 | INFO |   Cache            : 0.0 ms (0.0%)
2026-09-14 20:37:35 | INFO |   Phase 2 (indicators) : 2679.5 ms
2026-09-14 20:37:35 | INFO |   Phase 3 (structure)  : 2805.8 ms
2026-09-14 20:37:35 | INFO |   Phase 4 (FVG/OB)     : 1098.7 ms
2026-09-14 20:37:35 | INFO |   Phase 5 (patterns)   : 4078.7 ms
2026-09-14 20:37:35 | INFO |   Phase 6 (volume)     : 348.4 ms
2026-09-14 20:37:35 | INFO |   Phase 7 (scoring)    : 1902.6 ms
2026-09-14 20:37:35 | INFO |   Tracker            : 0.0 ms
2026-09-14 20:37:35 | INFO |   API requests       : 0
2026-09-14 20:37:35 | INFO |   Candles downloaded : 42
2026-09-14 20:37:35 | INFO |   Cache hits/misses  : 0/0
2026-09-14 20:37:35 | INFO |   Signals generated  : 0
2026-09-14 20:37:35 | INFO |   Signals rejected   : 0
2026-09-14 20:37:35 | INFO | ============================================================
2026-09-14 20:37:35 | INFO | [MAIN] Cycle done in 46.68s
2026-09-14 20:38:49 | INFO | 
[2026-09-14 20:38:49] Cycle start
2026-09-14 20:38:49 | INFO | [FETCH] due pairs: 21/84
2026-09-14 20:38:52 | INFO | [MAIN] No new data, skipping pipeline...
2026-09-14 20:38:52 | INFO | [MAIN] Cycle done in 3.17s
2026-09-14 20:40:49 | INFO | 
[2026-09-14 20:40:49] Cycle start
2026-09-14 20:40:49 | INFO | [FETCH] due pairs: 21/84
2026-09-14 20:40:51 | INFO | [✓] BTC-SWAP-USDT 5m  →  +1 candles
2026-09-14 20:40:51 | INFO | [✓] ETH-SWAP-USDT 5m  →  +1 candles
2026-09-14 20:40:51 | INFO | [✓] SOL-SWAP-USDT 5m  →  +1 candles
2026-09-14 20:40:51 | INFO | [✓] BNB-SWAP-USDT 5m  →  +1 candles
2026-09-14 20:40:51 | INFO | [✓] XRP-SWAP-USDT 5m  →  +1 candles
2026-09-14 20:40:51 | INFO | [✓] DOGE-SWAP-USDT 5m  →  +1 candles
2026-09-14 20:40:51 | INFO | [✓] ADA-SWAP-USDT 5m  →  +1 candles
2026-09-14 20:40:51 | INFO | [✓] AVAX-SWAP-USDT 5m  →  +1 candles
2026-09-14 20:40:51 | INFO | [✓] DOT-SWAP-USDT 5m  →  +1 candles
2026-09-14 20:40:51 | INFO | [✓] RATSUSDT 5m  →  +1 candles
2026-09-14 20:40:51 | INFO | [✓] LINK-SWAP-USDT 5m  →  +1 candles
2026-09-14 20:40:51 | INFO | [✓] UNI-SWAP-USDT 5m  →  +1 candles
2026-09-14 20:40:51 | INFO | [✓] ATOM-SWAP-USDT 5m  →  +1 candles
2026-09-14 20:40:52 | INFO | [✓] LTC-SWAP-USDT 5m  →  +1 candles
2026-09-14 20:40:52 | INFO | [✓] EDEN-SWAP-USDT 5m  →  +1 candles
2026-09-14 20:40:52 | INFO | [✓] ARB-SWAP-USDT 5m  →  +1 candles
2026-09-14 20:40:52 | INFO | [✓] OP-SWAP-USDT 5m  →  +1 candles
2026-09-14 20:40:52 | INFO | [✓] WLD-SWAP-USDT 5m  →  +1 candles
2026-09-14 20:40:52 | INFO | [✓] SHIBUSDT 5m  →  +1 candles
2026-09-14 20:40:52 | INFO | [✓] ACEUSDT 5m  →  +1 candles
2026-09-14 20:40:52 | INFO | [✓] OPN-SWAP-USDT 5m  →  +1 candles
2026-09-14 20:40:52 | INFO | LOG: Entering run_pipeline_parallel
2026-09-14 20:41:38 | INFO | [✓] BTC-SWAP-USDT -> no signal
2026-09-14 20:41:38 | INFO | [✓] ETH-SWAP-USDT -> no signal
2026-09-14 20:41:38 | INFO | [✓] SOL-SWAP-USDT -> no signal
2026-09-14 20:41:38 | INFO | [✓] BNB-SWAP-USDT -> no signal
2026-09-14 20:41:38 | INFO | [✓] XRP-SWAP-USDT -> no signal
2026-09-14 20:41:38 | INFO | [✓] DOGE-SWAP-USDT -> no signal
2026-09-14 20:41:38 | INFO | [✓] ADA-SWAP-USDT -> no signal
2026-09-14 20:41:38 | INFO | [✓] AVAX-SWAP-USDT -> no signal
2026-09-14 20:41:38 | INFO | [✓] DOT-SWAP-USDT -> no signal
2026-09-14 20:41:38 | INFO | [✓] RATSUSDT -> no signal
2026-09-14 20:41:38 | INFO | [✓] LINK-SWAP-USDT -> no signal
2026-09-14 20:41:38 | INFO | [✓] UNI-SWAP-USDT -> no signal
2026-09-14 20:41:38 | INFO | [✓] ATOM-SWAP-USDT -> no signal
2026-09-14 20:41:38 | INFO | [✓] LTC-SWAP-USDT -> no signal
2026-09-14 20:41:38 | INFO | [✓] EDEN-SWAP-USDT -> no signal
2026-09-14 20:41:38 | INFO | [✓] ARB-SWAP-USDT -> no signal
2026-09-14 20:41:38 | INFO | [✓] OP-SWAP-USDT -> no signal
2026-09-14 20:41:38 | INFO | [✓] WLD-SWAP-USDT -> no signal
2026-09-14 20:41:38 | INFO | [✓] SHIBUSDT -> no signal
2026-09-14 20:41:38 | INFO | [✓] ACEUSDT -> no signal
2026-09-14 20:41:38 | INFO | [✓] OPN-SWAP-USDT -> no signal
2026-09-14 20:41:38 | INFO | LOG: run_pipeline_parallel returned 0 signals
2026-09-14 20:41:38 | INFO | LOG: Entering notifier.deliver
2026-09-14 20:41:38 | INFO | [MAIN] No active signal.
2026-09-14 20:41:38 | INFO | LOG: Entering tracker.evaluate_open_signals
2026-09-14 20:41:38 | INFO | 
2026-09-14 20:41:38 | INFO | ============================================================
2026-09-14 20:41:38 | INFO | 📊 CYCLE METRICS
2026-09-14 20:41:38 | INFO | ============================================================
2026-09-14 20:41:38 | INFO |   Total cycle time : 49149.4 ms
2026-09-14 20:41:38 | INFO |   Fetch            : 0.0 ms (0.0%)
2026-09-14 20:41:38 | INFO |   Cache            : 0.0 ms (0.0%)
2026-09-14 20:41:38 | INFO |   Phase 2 (indicators) : 2827.4 ms
2026-09-14 20:41:38 | INFO |   Phase 3 (structure)  : 2802.8 ms
2026-09-14 20:41:38 | INFO |   Phase 4 (FVG/OB)     : 1112.8 ms
2026-09-14 20:41:38 | INFO |   Phase 5 (patterns)   : 4089.4 ms
2026-09-14 20:41:38 | INFO |   Phase 6 (volume)     : 361.7 ms
2026-09-14 20:41:38 | INFO |   Phase 7 (scoring)    : 1962.9 ms
2026-09-14 20:41:38 | INFO |   Tracker            : 0.0 ms
2026-09-14 20:41:38 | INFO |   API requests       : 0
2026-09-14 20:41:38 | INFO |   Candles downloaded : 21
2026-09-14 20:41:38 | INFO |   Cache hits/misses  : 0/0
2026-09-14 20:41:38 | INFO |   Signals generated  : 0
2026-09-14 20:41:38 | INFO |   Signals rejected   : 0
2026-09-14 20:41:38 | INFO | ============================================================
2026-09-14 20:41:38 | INFO | [MAIN] Cycle done in 49.15s
2026-09-14 20:42:49 | INFO | 
[2026-09-14 20:42:49] Cycle start
2026-09-14 20:42:49 | INFO | [FETCH] due pairs: 21/84
2026-09-14 20:42:52 | INFO | [MAIN] No new data, skipping pipeline...
2026-09-14 20:42:52 | INFO | [MAIN] Cycle done in 3.72s
2026-09-14 20:44:49 | INFO | 
[2026-09-14 20:44:49] Cycle start
2026-09-14 20:44:49 | INFO | [FETCH] due pairs: 42/84
2026-09-14 20:44:54 | INFO | [MAIN] No new data, skipping pipeline...
2026-09-14 20:44:54 | INFO | [MAIN] Cycle done in 5.43s
2026-09-14 20:46:49 | INFO | 
[2026-09-14 20:46:49] Cycle start
2026-09-14 20:46:49 | INFO | [FETCH] due pairs: 21/84
2026-09-14 20:46:51 | INFO | [✓] BTC-SWAP-USDT 5m  →  +1 candles
2026-09-14 20:46:51 | INFO | [✓] ETH-SWAP-USDT 5m  →  +1 candles
2026-09-14 20:46:51 | INFO | [✓] SOL-SWAP-USDT 5m  →  +1 candles
2026-09-14 20:46:51 | INFO | [✓] BNB-SWAP-USDT 5m  →  +1 candles
2026-09-14 20:46:52 | INFO | [✓] XRP-SWAP-USDT 5m  →  +1 candles
2026-09-14 20:46:52 | INFO | [✓] DOGE-SWAP-USDT 5m  →  +1 candles
2026-09-14 20:46:52 | INFO | [✓] ADA-SWAP-USDT 5m  →  +1 candles
2026-09-14 20:46:52 | INFO | [✓] AVAX-SWAP-USDT 5m  →  +1 candles
2026-09-14 20:46:52 | INFO | [✓] DOT-SWAP-USDT 5m  →  +1 candles
2026-09-14 20:46:52 | INFO | [✓] RATSUSDT 5m  →  +1 candles
2026-09-14 20:46:52 | INFO | [✓] LINK-SWAP-USDT 5m  →  +1 candles
2026-09-14 20:46:52 | INFO | [✓] UNI-SWAP-USDT 5m  →  +1 candles
2026-09-14 20:46:52 | INFO | [✓] ATOM-SWAP-USDT 5m  →  +1 candles
2026-09-14 20:46:52 | INFO | [✓] LTC-SWAP-USDT 5m  →  +1 candles
2026-09-14 20:46:52 | INFO | [✓] EDEN-SWAP-USDT 5m  →  +1 candles
2026-09-14 20:46:52 | INFO | [✓] ARB-SWAP-USDT 5m  →  +1 candles
2026-09-14 20:46:52 | INFO | [✓] OP-SWAP-USDT 5m  →  +1 candles
2026-09-14 20:46:52 | INFO | [✓] WLD-SWAP-USDT 5m  →  +1 candles
2026-09-14 20:46:52 | INFO | [✓] SHIBUSDT 5m  →  +1 candles
2026-09-14 20:46:53 | INFO | [✓] ACEUSDT 5m  →  +1 candles
2026-09-14 20:46:53 | INFO | [✓] OPN-SWAP-USDT 5m  →  +1 candles
2026-09-14 20:46:53 | INFO | LOG: Entering run_pipeline_parallel
2026-09-14 20:47:41 | INFO | [✓] BTC-SWAP-USDT -> no signal
2026-09-14 20:47:41 | INFO | [✓] ETH-SWAP-USDT -> no signal
2026-09-14 20:47:41 | INFO | [✓] SOL-SWAP-USDT -> no signal
2026-09-14 20:47:41 | INFO | [✓] BNB-SWAP-USDT -> no signal
2026-09-14 20:47:41 | INFO | [✓] XRP-SWAP-USDT -> no signal
2026-09-14 20:47:41 | INFO | [✓] DOGE-SWAP-USDT -> no signal
2026-09-14 20:47:41 | INFO | [✓] ADA-SWAP-USDT -> no signal
2026-09-14 20:47:41 | INFO | [✓] AVAX-SWAP-USDT -> no signal
2026-09-14 20:47:41 | INFO | [✓] DOT-SWAP-USDT -> no signal
2026-09-14 20:47:41 | INFO | [✓] RATSUSDT -> no signal
2026-09-14 20:47:41 | INFO | [✓] LINK-SWAP-USDT -> no signal
2026-09-14 20:47:41 | INFO | [✓] UNI-SWAP-USDT -> no signal
2026-09-14 20:47:41 | INFO | [✓] ATOM-SWAP-USDT -> no signal
2026-09-14 20:47:41 | INFO | [✓] LTC-SWAP-USDT -> no signal
2026-09-14 20:47:41 | INFO | [✓] EDEN-SWAP-USDT -> no signal
2026-09-14 20:47:41 | INFO | [✓] ARB-SWAP-USDT -> no signal
2026-09-14 20:47:41 | INFO | [✓] OP-SWAP-USDT -> no signal
2026-09-14 20:47:41 | INFO | [✓] WLD-SWAP-USDT -> no signal
2026-09-14 20:47:41 | INFO | [✓] SHIBUSDT -> no signal
2026-09-14 20:47:41 | INFO | [✓] ACEUSDT -> no signal
2026-09-14 20:47:41 | INFO | [✓] OPN-SWAP-USDT -> no signal
2026-09-14 20:47:41 | INFO | LOG: run_pipeline_parallel returned 0 signals
2026-09-14 20:47:41 | INFO | LOG: Entering notifier.deliver
2026-09-14 20:47:41 | INFO | [MAIN] No active signal.
2026-09-14 20:47:41 | INFO | LOG: Entering tracker.evaluate_open_signals
2026-09-14 20:47:41 | INFO | 
2026-09-14 20:47:41 | INFO | ============================================================
2026-09-14 20:47:41 | INFO | 📊 CYCLE METRICS
2026-09-14 20:47:41 | INFO | ============================================================
2026-09-14 20:47:41 | INFO |   Total cycle time : 52024.5 ms
2026-09-14 20:47:41 | INFO |   Fetch            : 0.0 ms (0.0%)
2026-09-14 20:47:41 | INFO |   Cache            : 0.0 ms (0.0%)
2026-09-14 20:47:41 | INFO |   Phase 2 (indicators) : 2939.2 ms
2026-09-14 20:47:41 | INFO |   Phase 3 (structure)  : 3026.9 ms
2026-09-14 20:47:41 | INFO |   Phase 4 (FVG/OB)     : 1193.2 ms
2026-09-14 20:47:41 | INFO |   Phase 5 (patterns)   : 4389.3 ms
2026-09-14 20:47:41 | INFO |   Phase 6 (volume)     : 418.7 ms
2026-09-14 20:47:41 | INFO |   Phase 7 (scoring)    : 2085.7 ms
2026-09-14 20:47:41 | INFO |   Tracker            : 0.0 ms
2026-09-14 20:47:41 | INFO |   API requests       : 0
2026-09-14 20:47:41 | INFO |   Candles downloaded : 21
2026-09-14 20:47:41 | INFO |   Cache hits/misses  : 0/0
2026-09-14 20:47:41 | INFO |   Signals generated  : 0
2026-09-14 20:47:41 | INFO |   Signals rejected   : 0
2026-09-14 20:47:41 | INFO | ============================================================
2026-09-14 20:47:41 | INFO | [MAIN] Cycle done in 52.02s
2026-09-14 20:48:49 | INFO | 
[2026-09-14 20:48:49] Cycle start
2026-09-14 20:48:49 | INFO | [FETCH] due pairs: 21/84
2026-09-14 20:48:52 | INFO | [MAIN] No new data, skipping pipeline...
2026-09-14 20:48:52 | INFO | [MAIN] Cycle done in 3.16s
2026-09-14 20:50:49 | INFO | 
[2026-09-14 20:50:49] Cycle start
2026-09-14 20:50:49 | INFO | [FETCH] due pairs: 42/84
2026-09-14 20:50:51 | INFO | [✓] BTC-SWAP-USDT 5m  →  +1 candles
2026-09-14 20:50:52 | INFO | [✓] ETH-SWAP-USDT 5m  →  +1 candles
2026-09-14 20:50:52 | INFO | [✓] SOL-SWAP-USDT 5m  →  +1 candles
2026-09-14 20:50:52 | INFO | [✓] BNB-SWAP-USDT 5m  →  +1 candles
2026-09-14 20:50:52 | INFO | [✓] XRP-SWAP-USDT 5m  →  +1 candles
2026-09-14 20:50:52 | INFO | [✓] DOGE-SWAP-USDT 5m  →  +1 candles
2026-09-14 20:50:52 | INFO | [✓] ADA-SWAP-USDT 5m  →  +1 candles
2026-09-14 20:50:52 | INFO | [✓] AVAX-SWAP-USDT 5m  →  +1 candles
2026-09-14 20:50:52 | INFO | [✓] DOT-SWAP-USDT 5m  →  +1 candles
2026-09-14 20:50:52 | INFO | [✓] RATSUSDT 5m  →  +1 candles
2026-09-14 20:50:52 | INFO | [✓] LINK-SWAP-USDT 5m  →  +1 candles
2026-09-14 20:50:53 | INFO | [✓] UNI-SWAP-USDT 5m  →  +1 candles
2026-09-14 20:50:53 | INFO | [✓] ATOM-SWAP-USDT 5m  →  +1 candles
2026-09-14 20:50:53 | INFO | [✓] LTC-SWAP-USDT 5m  →  +1 candles
2026-09-14 20:50:53 | INFO | [✓] EDEN-SWAP-USDT 5m  →  +1 candles
2026-09-14 20:50:53 | INFO | [✓] ARB-SWAP-USDT 5m  →  +1 candles
2026-09-14 20:50:53 | INFO | [✓] OP-SWAP-USDT 5m  →  +1 candles
2026-09-14 20:50:53 | INFO | [✓] WLD-SWAP-USDT 5m  →  +1 candles
2026-09-14 20:50:53 | INFO | [✓] SHIBUSDT 5m  →  +1 candles
2026-09-14 20:50:53 | INFO | [✓] ACEUSDT 5m  →  +1 candles
2026-09-14 20:50:54 | INFO | [✓] OPN-SWAP-USDT 5m  →  +1 candles
2026-09-14 20:50:54 | INFO | LOG: Entering run_pipeline_parallel
2026-09-14 20:51:38 | INFO | [✓] BTC-SWAP-USDT -> no signal
2026-09-14 20:51:38 | INFO | [✓] ETH-SWAP-USDT -> no signal
2026-09-14 20:51:38 | INFO | [✓] SOL-SWAP-USDT -> no signal
2026-09-14 20:51:38 | INFO | [✓] BNB-SWAP-USDT -> no signal
2026-09-14 20:51:38 | INFO | [✓] XRP-SWAP-USDT -> no signal
2026-09-14 20:51:38 | INFO | [✓] DOGE-SWAP-USDT -> no signal
2026-09-14 20:51:38 | INFO | [✓] ADA-SWAP-USDT -> no signal
2026-09-14 20:51:38 | INFO | [✓] AVAX-SWAP-USDT -> no signal
2026-09-14 20:51:38 | INFO | [✓] DOT-SWAP-USDT -> no signal
2026-09-14 20:51:38 | INFO | [✓] RATSUSDT -> no signal
2026-09-14 20:51:38 | INFO | [✓] LINK-SWAP-USDT -> no signal
2026-09-14 20:51:38 | INFO | [✓] UNI-SWAP-USDT -> no signal
2026-09-14 20:51:38 | INFO | [✓] ATOM-SWAP-USDT -> no signal
2026-09-14 20:51:38 | INFO | [✓] LTC-SWAP-USDT -> no signal
2026-09-14 20:51:38 | INFO | [✓] EDEN-SWAP-USDT -> no signal
2026-09-14 20:51:38 | INFO | [✓] ARB-SWAP-USDT -> no signal
2026-09-14 20:51:38 | INFO | [✓] OP-SWAP-USDT -> no signal
2026-09-14 20:51:38 | INFO | [✓] WLD-SWAP-USDT -> no signal
2026-09-14 20:51:38 | INFO | [✓] SHIBUSDT -> no signal
2026-09-14 20:51:38 | INFO | [✓] ACEUSDT -> no signal
2026-09-14 20:51:38 | INFO | [✓] OPN-SWAP-USDT -> no signal
2026-09-14 20:51:38 | INFO | LOG: run_pipeline_parallel returned 0 signals
2026-09-14 20:51:38 | INFO | LOG: Entering notifier.deliver
2026-09-14 20:51:38 | INFO | [MAIN] No active signal.
2026-09-14 20:51:38 | INFO | LOG: Entering tracker.evaluate_open_signals
2026-09-14 20:51:38 | INFO | 
2026-09-14 20:51:38 | INFO | ============================================================
2026-09-14 20:51:38 | INFO | 📊 CYCLE METRICS
2026-09-14 20:51:38 | INFO | ============================================================
2026-09-14 20:51:38 | INFO |   Total cycle time : 49478.4 ms
2026-09-14 20:51:38 | INFO |   Fetch            : 0.0 ms (0.0%)
2026-09-14 20:51:38 | INFO |   Cache            : 0.0 ms (0.0%)
2026-09-14 20:51:38 | INFO |   Phase 2 (indicators) : 2704.9 ms
2026-09-14 20:51:38 | INFO |   Phase 3 (structure)  : 2855.5 ms
2026-09-14 20:51:38 | INFO |   Phase 4 (FVG/OB)     : 1213.8 ms
2026-09-14 20:51:38 | INFO |   Phase 5 (patterns)   : 4340.7 ms
2026-09-14 20:51:38 | INFO |   Phase 6 (volume)     : 373.8 ms
2026-09-14 20:51:38 | INFO |   Phase 7 (scoring)    : 2071.1 ms
2026-09-14 20:51:38 | INFO |   Tracker            : 0.0 ms
2026-09-14 20:51:38 | INFO |   API requests       : 0
2026-09-14 20:51:38 | INFO |   Candles downloaded : 21
2026-09-14 20:51:38 | INFO |   Cache hits/misses  : 0/0
2026-09-14 20:51:38 | INFO |   Signals generated  : 0
2026-09-14 20:51:38 | INFO |   Signals rejected   : 0
2026-09-14 20:51:38 | INFO | ============================================================
2026-09-14 20:51:38 | INFO | [MAIN] Cycle done in 49.47s
2026-09-14 20:52:49 | INFO | 
[2026-09-14 20:52:49] Cycle start
2026-09-14 20:52:49 | INFO | [FETCH] due pairs: 42/84
2026-09-14 20:52:52 | INFO | [✓] BTC-SWAP-USDT 15m  →  +1 candles
2026-09-14 20:52:53 | INFO | [✓] ETH-SWAP-USDT 15m  →  +1 candles
2026-09-14 20:52:53 | INFO | [✓] SOL-SWAP-USDT 15m  →  +1 candles
2026-09-14 20:52:53 | INFO | [✓] BNB-SWAP-USDT 15m  →  +1 candles
2026-09-14 20:52:53 | INFO | [✓] XRP-SWAP-USDT 15m  →  +1 candles
2026-09-14 20:52:53 | INFO | [✓] DOGE-SWAP-USDT 15m  →  +1 candles
2026-09-14 20:52:53 | INFO | [✓] ADA-SWAP-USDT 15m  →  +1 candles
2026-09-14 20:52:53 | INFO | [✓] AVAX-SWAP-USDT 15m  →  +1 candles
2026-09-14 20:52:53 | INFO | [✓] DOT-SWAP-USDT 15m  →  +1 candles
2026-09-14 20:52:54 | INFO | [✓] RATSUSDT 15m  →  +1 candles
2026-09-14 20:52:54 | INFO | [✓] LINK-SWAP-USDT 15m  →  +1 candles
2026-09-14 20:52:54 | INFO | [✓] UNI-SWAP-USDT 15m  →  +1 candles
2026-09-14 20:52:54 | INFO | [✓] ATOM-SWAP-USDT 15m  →  +1 candles
2026-09-14 20:52:54 | INFO | [✓] LTC-SWAP-USDT 15m  →  +1 candles
2026-09-14 20:52:54 | INFO | [✓] EDEN-SWAP-USDT 15m  →  +1 candles
2026-09-14 20:52:54 | INFO | [✓] ARB-SWAP-USDT 15m  →  +1 candles
2026-09-14 20:52:54 | INFO | [✓] OP-SWAP-USDT 15m  →  +1 candles
2026-09-14 20:52:54 | INFO | [✓] WLD-SWAP-USDT 15m  →  +1 candles
2026-09-14 20:52:55 | INFO | [✓] SHIBUSDT 15m  →  +1 candles
2026-09-14 20:52:55 | INFO | [✓] ACEUSDT 15m  →  +1 candles
2026-09-14 20:52:55 | INFO | [✓] OPN-SWAP-USDT 15m  →  +1 candles
2026-09-14 20:52:55 | INFO | LOG: Entering run_pipeline_parallel
2026-09-14 20:53:43 | INFO | [✓] BTC-SWAP-USDT -> no signal
2026-09-14 20:53:43 | INFO | [✓] ETH-SWAP-USDT -> no signal
2026-09-14 20:53:43 | INFO | [✓] SOL-SWAP-USDT -> 1 signal(s)
2026-09-14 20:53:43 | INFO | [✓] BNB-SWAP-USDT -> no signal
2026-09-14 20:53:43 | INFO | [✓] XRP-SWAP-USDT -> no signal
2026-09-14 20:53:43 | INFO | [✓] DOGE-SWAP-USDT -> no signal
2026-09-14 20:53:43 | INFO | [✓] ADA-SWAP-USDT -> no signal
2026-09-14 20:53:43 | INFO | [✓] AVAX-SWAP-USDT -> no signal
2026-09-14 20:53:43 | INFO | [✓] DOT-SWAP-USDT -> no signal
2026-09-14 20:53:43 | INFO | [✓] RATSUSDT -> no signal
2026-09-14 20:53:43 | INFO | [✓] LINK-SWAP-USDT -> no signal
2026-09-14 20:53:43 | INFO | [✓] UNI-SWAP-USDT -> no signal
2026-09-14 20:53:43 | INFO | [✓] ATOM-SWAP-USDT -> no signal
2026-09-14 20:53:43 | INFO | [✓] LTC-SWAP-USDT -> no signal
2026-09-14 20:53:43 | INFO | [✓] EDEN-SWAP-USDT -> no signal
2026-09-14 20:53:43 | INFO | [✓] ARB-SWAP-USDT -> no signal
2026-09-14 20:53:43 | INFO | [✓] OP-SWAP-USDT -> no signal
2026-09-14 20:53:43 | INFO | [✓] WLD-SWAP-USDT -> no signal
2026-09-14 20:53:43 | INFO | [✓] SHIBUSDT -> no signal
2026-09-14 20:53:43 | INFO | [✓] ACEUSDT -> no signal
2026-09-14 20:53:43 | INFO | [✓] OPN-SWAP-USDT -> no signal
2026-09-14 20:53:43 | INFO | LOG: run_pipeline_parallel returned 1 signals
2026-09-14 20:53:43 | INFO | LOG: Entering notifier.deliver
2026-09-14 20:53:43 | INFO | 
[MAIN] 1 signal(s) delivered (0 duplicate(s) suppressed).
2026-09-14 20:53:43 | INFO | LOG: Entering tracker.evaluate_open_signals
2026-09-14 20:53:43 | INFO | 
2026-09-14 20:53:43 | INFO | ============================================================
2026-09-14 20:53:43 | INFO | 📊 CYCLE METRICS
2026-09-14 20:53:43 | INFO | ============================================================
2026-09-14 20:53:43 | INFO |   Total cycle time : 54649.9 ms
2026-09-14 20:53:43 | INFO |   Fetch            : 0.0 ms (0.0%)
2026-09-14 20:53:43 | INFO |   Cache            : 0.0 ms (0.0%)
2026-09-14 20:53:43 | INFO |   Phase 2 (indicators) : 2734.9 ms
2026-09-14 20:53:43 | INFO |   Phase 3 (structure)  : 2905.9 ms
2026-09-14 20:53:43 | INFO |   Phase 4 (FVG/OB)     : 1145.4 ms
2026-09-14 20:53:43 | INFO |   Phase 5 (patterns)   : 4141.4 ms
2026-09-14 20:53:43 | INFO |   Phase 6 (volume)     : 430.7 ms
2026-09-14 20:53:43 | INFO |   Phase 7 (scoring)    : 2155.4 ms
2026-09-14 20:53:43 | INFO |   Tracker            : 0.0 ms
2026-09-14 20:53:43 | INFO |   API requests       : 0
2026-09-14 20:53:43 | INFO |   Candles downloaded : 21
2026-09-14 20:53:43 | INFO |   Cache hits/misses  : 0/0
2026-09-14 20:53:43 | INFO |   Signals generated  : 0
2026-09-14 20:53:43 | INFO |   Signals rejected   : 0
2026-09-14 20:53:43 | INFO | ============================================================
2026-09-14 20:53:43 | INFO | [MAIN] Cycle done in 54.61s
2026-09-14 20:54:49 | INFO | 
[2026-09-14 20:54:49] Cycle start
2026-09-14 20:54:49 | INFO | [FETCH] due pairs: 21/84
2026-09-14 20:54:52 | INFO | [MAIN] No new data, skipping pipeline...
2026-09-14 20:54:52 | INFO | [MAIN] Cycle done in 3.39s
2026-09-14 20:56:49 | INFO | 
[2026-09-14 20:56:49] Cycle start
2026-09-14 20:56:49 | INFO | [FETCH] due pairs: 21/84
2026-09-14 20:56:51 | INFO | [✓] BTC-SWAP-USDT 5m  →  +1 candles
2026-09-14 20:56:51 | INFO | [✓] ETH-SWAP-USDT 5m  →  +1 candles
2026-09-14 20:56:51 | INFO | [✓] SOL-SWAP-USDT 5m  →  +1 candles
2026-09-14 20:56:51 | INFO | [✓] BNB-SWAP-USDT 5m  →  +1 candles
2026-09-14 20:56:51 | INFO | [✓] XRP-SWAP-USDT 5m  →  +1 candles
2026-09-14 20:56:51 | INFO | [✓] DOGE-SWAP-USDT 5m  →  +1 candles
2026-09-14 20:56:51 | INFO | [✓] ADA-SWAP-USDT 5m  →  +1 candles
2026-09-14 20:56:51 | INFO | [✓] AVAX-SWAP-USDT 5m  →  +1 candles
2026-09-14 20:56:51 | INFO | [✓] DOT-SWAP-USDT 5m  →  +1 candles
2026-09-14 20:56:51 | INFO | [✓] RATSUSDT 5m  →  +1 candles
2026-09-14 20:56:52 | INFO | [✓] LINK-SWAP-USDT 5m  →  +1 candles
2026-09-14 20:56:52 | INFO | [✓] UNI-SWAP-USDT 5m  →  +1 candles
2026-09-14 20:56:52 | INFO | [✓] ATOM-SWAP-USDT 5m  →  +1 candles
2026-09-14 20:56:52 | INFO | [✓] LTC-SWAP-USDT 5m  →  +1 candles
2026-09-14 20:56:52 | INFO | [✓] EDEN-SWAP-USDT 5m  →  +1 candles
2026-09-14 20:56:52 | INFO | [✓] ARB-SWAP-USDT 5m  →  +1 candles
2026-09-14 20:56:52 | INFO | [✓] OP-SWAP-USDT 5m  →  +1 candles
2026-09-14 20:56:52 | INFO | [✓] WLD-SWAP-USDT 5m  →  +1 candles
2026-09-14 20:56:52 | INFO | [✓] SHIBUSDT 5m  →  +1 candles
2026-09-14 20:56:52 | INFO | [✓] ACEUSDT 5m  →  +1 candles
2026-09-14 20:56:52 | INFO | [✓] OPN-SWAP-USDT 5m  →  +1 candles
2026-09-14 20:56:52 | INFO | LOG: Entering run_pipeline_parallel
2026-09-14 20:57:35 | INFO | [✓] BTC-SWAP-USDT -> no signal
2026-09-14 20:57:35 | INFO | [✓] ETH-SWAP-USDT -> no signal
2026-09-14 20:57:35 | INFO | [✓] SOL-SWAP-USDT -> 1 signal(s)
2026-09-14 20:57:35 | INFO | [✓] BNB-SWAP-USDT -> no signal
2026-09-14 20:57:35 | INFO | [✓] XRP-SWAP-USDT -> no signal
2026-09-14 20:57:35 | INFO | [✓] DOGE-SWAP-USDT -> no signal
2026-09-14 20:57:35 | INFO | [✓] ADA-SWAP-USDT -> no signal
2026-09-14 20:57:35 | INFO | [✓] AVAX-SWAP-USDT -> no signal
2026-09-14 20:57:35 | INFO | [✓] DOT-SWAP-USDT -> no signal
2026-09-14 20:57:35 | INFO | [✓] RATSUSDT -> no signal
2026-09-14 20:57:35 | INFO | [✓] LINK-SWAP-USDT -> no signal
2026-09-14 20:57:35 | INFO | [✓] UNI-SWAP-USDT -> no signal
2026-09-14 20:57:35 | INFO | [✓] ATOM-SWAP-USDT -> no signal
2026-09-14 20:57:35 | INFO | [✓] LTC-SWAP-USDT -> no signal
2026-09-14 20:57:35 | INFO | [✓] EDEN-SWAP-USDT -> no signal
2026-09-14 20:57:35 | INFO | [✓] ARB-SWAP-USDT -> no signal
2026-09-14 20:57:35 | INFO | [✓] OP-SWAP-USDT -> no signal
2026-09-14 20:57:35 | INFO | [✓] WLD-SWAP-USDT -> no signal
2026-09-14 20:57:35 | INFO | [✓] SHIBUSDT -> no signal
2026-09-14 20:57:35 | INFO | [✓] ACEUSDT -> no signal
2026-09-14 20:57:35 | INFO | [✓] OPN-SWAP-USDT -> no signal
2026-09-14 20:57:35 | INFO | LOG: run_pipeline_parallel returned 1 signals
2026-09-14 20:57:35 | INFO | LOG: Entering notifier.deliver
2026-09-14 20:57:35 | INFO | [MAIN] 1 signal(s) suppressed as duplicates.
2026-09-14 20:57:35 | INFO | LOG: Entering tracker.evaluate_open_signals
2026-09-14 20:57:35 | INFO | 
2026-09-14 20:57:35 | INFO | ============================================================
2026-09-14 20:57:35 | INFO | 📊 CYCLE METRICS
2026-09-14 20:57:35 | INFO | ============================================================
2026-09-14 20:57:35 | INFO |   Total cycle time : 46781.7 ms
2026-09-14 20:57:35 | INFO |   Fetch            : 0.0 ms (0.0%)
2026-09-14 20:57:35 | INFO |   Cache            : 0.0 ms (0.0%)
2026-09-14 20:57:35 | INFO |   Phase 2 (indicators) : 2673.1 ms
2026-09-14 20:57:35 | INFO |   Phase 3 (structure)  : 2822.4 ms
2026-09-14 20:57:35 | INFO |   Phase 4 (FVG/OB)     : 1209.1 ms
2026-09-14 20:57:35 | INFO |   Phase 5 (patterns)   : 4090.5 ms
2026-09-14 20:57:35 | INFO |   Phase 6 (volume)     : 387.5 ms
2026-09-14 20:57:35 | INFO |   Phase 7 (scoring)    : 2113.2 ms
2026-09-14 20:57:35 | INFO |   Tracker            : 0.0 ms
2026-09-14 20:57:35 | INFO |   API requests       : 0
2026-09-14 20:57:35 | INFO |   Candles downloaded : 21
2026-09-14 20:57:35 | INFO |   Cache hits/misses  : 0/0
2026-09-14 20:57:35 | INFO |   Signals generated  : 0
2026-09-14 20:57:35 | INFO |   Signals rejected   : 0
2026-09-14 20:57:35 | INFO | ============================================================
2026-09-14 20:57:35 | INFO | [MAIN] Cycle done in 46.76s
2026-09-14 20:58:49 | INFO | 
[2026-09-14 20:58:49] Cycle start
2026-09-14 20:58:49 | INFO | [FETCH] due pairs: 21/84
2026-09-14 20:58:52 | INFO | [MAIN] No new data, skipping pipeline...
2026-09-14 20:58:52 | INFO | [MAIN] Cycle done in 3.37s
2026-09-14 21:00:49 | INFO | 
[2026-09-14 21:00:49] Cycle start
2026-09-14 21:00:49 | INFO | [FETCH] due pairs: 42/84
2026-09-14 21:00:52 | INFO | [✓] BTC-SWAP-USDT 5m  →  +1 candles
2026-09-14 21:00:52 | INFO | [✓] BTC-SWAP-USDT 15m  →  +1 candles
2026-09-14 21:00:52 | INFO | [✓] ETH-SWAP-USDT 5m  →  +1 candles
2026-09-14 21:00:52 | INFO | [✓] ETH-SWAP-USDT 15m  →  +1 candles
2026-09-14 21:00:52 | INFO | [✓] SOL-SWAP-USDT 5m  →  +1 candles
2026-09-14 21:00:52 | INFO | [✓] SOL-SWAP-USDT 15m  →  +1 candles
2026-09-14 21:00:52 | INFO | [✓] BNB-SWAP-USDT 5m  →  +1 candles
2026-09-14 21:00:52 | INFO | [✓] BNB-SWAP-USDT 15m  →  +1 candles
2026-09-14 21:00:52 | INFO | [✓] XRP-SWAP-USDT 5m  →  +1 candles
2026-09-14 21:00:52 | INFO | [✓] XRP-SWAP-USDT 15m  →  +1 candles
2026-09-14 21:00:52 | INFO | [✓] DOGE-SWAP-USDT 5m  →  +1 candles
2026-09-14 21:00:52 | INFO | [✓] DOGE-SWAP-USDT 15m  →  +1 candles
2026-09-14 21:00:52 | INFO | [✓] ADA-SWAP-USDT 5m  →  +1 candles
2026-09-14 21:00:52 | INFO | [✓] ADA-SWAP-USDT 15m  →  +1 candles
2026-09-14 21:00:52 | INFO | [✓] AVAX-SWAP-USDT 5m  →  +1 candles
2026-09-14 21:00:52 | INFO | [✓] AVAX-SWAP-USDT 15m  →  +1 candles
2026-09-14 21:00:53 | INFO | [✓] DOT-SWAP-USDT 5m  →  +1 candles
2026-09-14 21:00:53 | INFO | [✓] DOT-SWAP-USDT 15m  →  +1 candles
2026-09-14 21:00:53 | INFO | [✓] RATSUSDT 5m  →  +1 candles
2026-09-14 21:00:53 | INFO | [✓] RATSUSDT 15m  →  +1 candles
2026-09-14 21:00:53 | INFO | [✓] LINK-SWAP-USDT 5m  →  +1 candles
2026-09-14 21:00:53 | INFO | [✓] LINK-SWAP-USDT 15m  →  +1 candles
2026-09-14 21:00:53 | INFO | [✓] UNI-SWAP-USDT 5m  →  +1 candles
2026-09-14 21:00:53 | INFO | [✓] UNI-SWAP-USDT 15m  →  +1 candles
2026-09-14 21:00:53 | INFO | [✓] ATOM-SWAP-USDT 5m  →  +1 candles
2026-09-14 21:00:53 | INFO | [✓] ATOM-SWAP-USDT 15m  →  +1 candles
2026-09-14 21:00:53 | INFO | [✓] LTC-SWAP-USDT 5m  →  +1 candles
2026-09-14 21:00:53 | INFO | [✓] LTC-SWAP-USDT 15m  →  +1 candles
2026-09-14 21:00:53 | INFO | [✓] EDEN-SWAP-USDT 5m  →  +1 candles
2026-09-14 21:00:53 | INFO | [✓] EDEN-SWAP-USDT 15m  →  +1 candles
2026-09-14 21:00:53 | INFO | [✓] ARB-SWAP-USDT 5m  →  +1 candles
2026-09-14 21:00:53 | INFO | [✓] ARB-SWAP-USDT 15m  →  +1 candles
2026-09-14 21:00:53 | INFO | [✓] OP-SWAP-USDT 5m  →  +1 candles
2026-09-14 21:00:54 | INFO | [✓] OP-SWAP-USDT 15m  →  +1 candles
2026-09-14 21:00:54 | INFO | [✓] WLD-SWAP-USDT 5m  →  +1 candles
2026-09-14 21:00:54 | INFO | [✓] WLD-SWAP-USDT 15m  →  +1 candles
2026-09-14 21:00:54 | INFO | [✓] SHIBUSDT 5m  →  +1 candles
2026-09-14 21:00:54 | INFO | [✓] SHIBUSDT 15m  →  +1 candles
2026-09-14 21:00:54 | INFO | [✓] ACEUSDT 5m  →  +1 candles
2026-09-14 21:00:54 | INFO | [✓] ACEUSDT 15m  →  +1 candles
2026-09-14 21:00:54 | INFO | [✓] OPN-SWAP-USDT 5m  →  +1 candles
2026-09-14 21:00:54 | INFO | [✓] OPN-SWAP-USDT 15m  →  +1 candles
2026-09-14 21:00:54 | INFO | LOG: Entering run_pipeline_parallel
2026-09-14 21:01:39 | INFO | [✓] BTC-SWAP-USDT -> no signal
2026-09-14 21:01:39 | INFO | [✓] ETH-SWAP-USDT -> no signal
2026-09-14 21:01:39 | INFO | [✓] SOL-SWAP-USDT -> 1 signal(s)
2026-09-14 21:01:39 | INFO | [✓] BNB-SWAP-USDT -> no signal
2026-09-14 21:01:39 | INFO | [✓] XRP-SWAP-USDT -> no signal
2026-09-14 21:01:39 | INFO | [✓] DOGE-SWAP-USDT -> no signal
2026-09-14 21:01:39 | INFO | [✓] ADA-SWAP-USDT -> no signal
2026-09-14 21:01:39 | INFO | [✓] AVAX-SWAP-USDT -> no signal
2026-09-14 21:01:39 | INFO | [✓] DOT-SWAP-USDT -> no signal
2026-09-14 21:01:39 | INFO | [✓] RATSUSDT -> no signal
2026-09-14 21:01:39 | INFO | [✓] LINK-SWAP-USDT -> no signal
2026-09-14 21:01:39 | INFO | [✓] UNI-SWAP-USDT -> no signal
2026-09-14 21:01:39 | INFO | [✓] ATOM-SWAP-USDT -> no signal
2026-09-14 21:01:39 | INFO | [✓] LTC-SWAP-USDT -> no signal
2026-09-14 21:01:39 | INFO | [✓] EDEN-SWAP-USDT -> no signal
2026-09-14 21:01:39 | INFO | [✓] ARB-SWAP-USDT -> no signal
2026-09-14 21:01:39 | INFO | [✓] OP-SWAP-USDT -> no signal
2026-09-14 21:01:39 | INFO | [✓] WLD-SWAP-USDT -> no signal
2026-09-14 21:01:39 | INFO | [✓] SHIBUSDT -> no signal
2026-09-14 21:01:39 | INFO | [✓] ACEUSDT -> no signal
2026-09-14 21:01:39 | INFO | [✓] OPN-SWAP-USDT -> no signal
2026-09-14 21:01:39 | INFO | LOG: run_pipeline_parallel returned 1 signals
2026-09-14 21:01:39 | INFO | LOG: Entering notifier.deliver
2026-09-14 21:01:39 | INFO | [MAIN] 1 signal(s) suppressed as duplicates.
2026-09-14 21:01:39 | INFO | LOG: Entering tracker.evaluate_open_signals
2026-09-14 21:01:39 | INFO | 
2026-09-14 21:01:39 | INFO | ============================================================
2026-09-14 21:01:39 | INFO | 📊 CYCLE METRICS
2026-09-14 21:01:39 | INFO | ============================================================
2026-09-14 21:01:39 | INFO |   Total cycle time : 50006.7 ms
2026-09-14 21:01:39 | INFO |   Fetch            : 0.0 ms (0.0%)
2026-09-14 21:01:39 | INFO |   Cache            : 0.0 ms (0.0%)
2026-09-14 21:01:39 | INFO |   Phase 2 (indicators) : 2845.3 ms
2026-09-14 21:01:39 | INFO |   Phase 3 (structure)  : 2803.3 ms
2026-09-14 21:01:39 | INFO |   Phase 4 (FVG/OB)     : 1218.1 ms
2026-09-14 21:01:39 | INFO |   Phase 5 (patterns)   : 4178.5 ms
2026-09-14 21:01:39 | INFO |   Phase 6 (volume)     : 392.6 ms
2026-09-14 21:01:39 | INFO |   Phase 7 (scoring)    : 1945.0 ms
2026-09-14 21:01:39 | INFO |   Tracker            : 0.0 ms
2026-09-14 21:01:39 | INFO |   API requests       : 0
2026-09-14 21:01:39 | INFO |   Candles downloaded : 42
2026-09-14 21:01:39 | INFO |   Cache hits/misses  : 0/0
2026-09-14 21:01:39 | INFO |   Signals generated  : 0
2026-09-14 21:01:39 | INFO |   Signals rejected   : 0
2026-09-14 21:01:39 | INFO | ============================================================
2026-09-14 21:01:39 | INFO | [MAIN] Cycle done in 49.98s
2026-09-14 21:02:49 | INFO | 
[2026-09-14 21:02:49] Cycle start
2026-09-14 21:02:49 | INFO | [FETCH] due pairs: 21/84
2026-09-14 21:02:52 | INFO | [MAIN] No new data, skipping pipeline...
2026-09-14 21:02:52 | INFO | [MAIN] Cycle done in 3.33s
2026-09-14 21:04:49 | INFO | 
[2026-09-14 21:04:49] Cycle start
2026-09-14 21:04:49 | INFO | [FETCH] due pairs: 21/84
2026-09-14 21:04:52 | INFO | [MAIN] No new data, skipping pipeline...
2026-09-14 21:04:52 | INFO | [MAIN] Cycle done in 3.42s
2026-09-14 21:06:49 | INFO | 
[2026-09-14 21:06:49] Cycle start
2026-09-14 21:06:49 | INFO | [FETCH] due pairs: 21/84
2026-09-14 21:06:51 | INFO | [✓] BTC-SWAP-USDT 5m  →  +1 candles
2026-09-14 21:06:51 | INFO | [✓] ETH-SWAP-USDT 5m  →  +1 candles
2026-09-14 21:06:51 | INFO | [✓] SOL-SWAP-USDT 5m  →  +1 candles
2026-09-14 21:06:51 | INFO | [✓] BNB-SWAP-USDT 5m  →  +1 candles
2026-09-14 21:06:52 | INFO | [✓] XRP-SWAP-USDT 5m  →  +1 candles
2026-09-14 21:06:52 | INFO | [✓] DOGE-SWAP-USDT 5m  →  +1 candles
2026-09-14 21:06:52 | INFO | [✓] ADA-SWAP-USDT 5m  →  +1 candles
2026-09-14 21:06:52 | INFO | [✓] AVAX-SWAP-USDT 5m  →  +1 candles
2026-09-14 21:06:52 | INFO | [✓] DOT-SWAP-USDT 5m  →  +1 candles
2026-09-14 21:06:52 | INFO | [✓] RATSUSDT 5m  →  +1 candles
2026-09-14 21:06:52 | INFO | [✓] LINK-SWAP-USDT 5m  →  +1 candles
2026-09-14 21:06:52 | INFO | [✓] UNI-SWAP-USDT 5m  →  +1 candles
2026-09-14 21:06:52 | INFO | [✓] ATOM-SWAP-USDT 5m  →  +1 candles
2026-09-14 21:06:52 | INFO | [✓] LTC-SWAP-USDT 5m  →  +1 candles
2026-09-14 21:06:52 | INFO | [✓] EDEN-SWAP-USDT 5m  →  +1 candles
2026-09-14 21:06:52 | INFO | [✓] ARB-SWAP-USDT 5m  →  +1 candles
2026-09-14 21:06:52 | INFO | [✓] OP-SWAP-USDT 5m  →  +1 candles
2026-09-14 21:06:52 | INFO | [✓] WLD-SWAP-USDT 5m  →  +1 candles
2026-09-14 21:06:53 | INFO | [✓] SHIBUSDT 5m  →  +1 candles
2026-09-14 21:06:53 | INFO | [✓] ACEUSDT 5m  →  +1 candles
2026-09-14 21:06:53 | INFO | [✓] OPN-SWAP-USDT 5m  →  +1 candles
2026-09-14 21:06:53 | INFO | LOG: Entering run_pipeline_parallel
2026-09-14 21:07:37 | INFO | [✓] BTC-SWAP-USDT -> no signal
2026-09-14 21:07:37 | INFO | [✓] ETH-SWAP-USDT -> no signal
2026-09-14 21:07:37 | INFO | [✓] SOL-SWAP-USDT -> 1 signal(s)
2026-09-14 21:07:37 | INFO | [✓] BNB-SWAP-USDT -> no signal
2026-09-14 21:07:37 | INFO | [✓] XRP-SWAP-USDT -> no signal
2026-09-14 21:07:37 | INFO | [✓] DOGE-SWAP-USDT -> no signal
2026-09-14 21:07:37 | INFO | [✓] ADA-SWAP-USDT -> no signal
2026-09-14 21:07:37 | INFO | [✓] AVAX-SWAP-USDT -> no signal
2026-09-14 21:07:37 | INFO | [✓] DOT-SWAP-USDT -> no signal
2026-09-14 21:07:37 | INFO | [✓] RATSUSDT -> no signal
2026-09-14 21:07:37 | INFO | [✓] LINK-SWAP-USDT -> no signal
2026-09-14 21:07:37 | INFO | [✓] UNI-SWAP-USDT -> no signal
2026-09-14 21:07:37 | INFO | [✓] ATOM-SWAP-USDT -> no signal
2026-09-14 21:07:37 | INFO | [✓] LTC-SWAP-USDT -> no signal
2026-09-14 21:07:37 | INFO | [✓] EDEN-SWAP-USDT -> no signal
2026-09-14 21:07:37 | INFO | [✓] ARB-SWAP-USDT -> no signal
2026-09-14 21:07:37 | INFO | [✓] OP-SWAP-USDT -> no signal
2026-09-14 21:07:37 | INFO | [✓] WLD-SWAP-USDT -> no signal
2026-09-14 21:07:37 | INFO | [✓] SHIBUSDT -> no signal
2026-09-14 21:07:37 | INFO | [✓] ACEUSDT -> no signal
2026-09-14 21:07:37 | INFO | [✓] OPN-SWAP-USDT -> no signal
2026-09-14 21:07:37 | INFO | LOG: run_pipeline_parallel returned 1 signals
2026-09-14 21:07:37 | INFO | LOG: Entering notifier.deliver
2026-09-14 21:07:37 | INFO | [MAIN] 1 signal(s) suppressed as duplicates.
2026-09-14 21:07:37 | INFO | LOG: Entering tracker.evaluate_open_signals
2026-09-14 21:07:37 | INFO | 
2026-09-14 21:07:37 | INFO | ============================================================
2026-09-14 21:07:37 | INFO | 📊 CYCLE METRICS
2026-09-14 21:07:37 | INFO | ============================================================
2026-09-14 21:07:37 | INFO |   Total cycle time : 48283.9 ms
2026-09-14 21:07:37 | INFO |   Fetch            : 0.0 ms (0.0%)
2026-09-14 21:07:37 | INFO |   Cache            : 0.0 ms (0.0%)
2026-09-14 21:07:37 | INFO |   Phase 2 (indicators) : 2665.3 ms
2026-09-14 21:07:37 | INFO |   Phase 3 (structure)  : 2818.0 ms
2026-09-14 21:07:37 | INFO |   Phase 4 (FVG/OB)     : 1243.5 ms
2026-09-14 21:07:37 | INFO |   Phase 5 (patterns)   : 4141.3 ms
2026-09-14 21:07:37 | INFO |   Phase 6 (volume)     : 484.8 ms
2026-09-14 21:07:37 | INFO |   Phase 7 (scoring)    : 1996.5 ms
2026-09-14 21:07:37 | INFO |   Tracker            : 0.0 ms
2026-09-14 21:07:37 | INFO |   API requests       : 0
2026-09-14 21:07:37 | INFO |   Candles downloaded : 21
2026-09-14 21:07:37 | INFO |   Cache hits/misses  : 0/0
2026-09-14 21:07:37 | INFO |   Signals generated  : 0
2026-09-14 21:07:37 | INFO |   Signals rejected   : 0
2026-09-14 21:07:37 | INFO | ============================================================
2026-09-14 21:07:37 | INFO | [MAIN] Cycle done in 48.27s
2026-09-14 21:08:49 | INFO | 
[2026-09-14 21:08:49] Cycle start
2026-09-14 21:08:49 | INFO | [FETCH] due pairs: 42/84
2026-09-14 21:08:54 | INFO | [MAIN] No new data, skipping pipeline...
2026-09-14 21:08:54 | INFO | [MAIN] Cycle done in 4.77s
2026-09-14 21:10:49 | INFO | 
[2026-09-14 21:10:49] Cycle start
2026-09-14 21:10:49 | INFO | [FETCH] due pairs: 21/84
2026-09-14 21:10:51 | INFO | [✓] BTC-SWAP-USDT 5m  →  +1 candles
2026-09-14 21:10:51 | INFO | [✓] ETH-SWAP-USDT 5m  →  +1 candles
2026-09-14 21:10:51 | INFO | [✓] SOL-SWAP-USDT 5m  →  +1 candles
2026-09-14 21:10:51 | INFO | [✓] BNB-SWAP-USDT 5m  →  +1 candles
2026-09-14 21:10:52 | INFO | [✓] XRP-SWAP-USDT 5m  →  +1 candles
2026-09-14 21:10:52 | INFO | [✓] DOGE-SWAP-USDT 5m  →  +1 candles
2026-09-14 21:10:52 | INFO | [✓] ADA-SWAP-USDT 5m  →  +1 candles
2026-09-14 21:10:52 | INFO | [✓] AVAX-SWAP-USDT 5m  →  +1 candles
2026-09-14 21:10:52 | INFO | [✓] DOT-SWAP-USDT 5m  →  +1 candles
2026-09-14 21:10:52 | INFO | [✓] RATSUSDT 5m  →  +1 candles
2026-09-14 21:10:52 | INFO | [✓] LINK-SWAP-USDT 5m  →  +1 candles
2026-09-14 21:10:52 | INFO | [✓] UNI-SWAP-USDT 5m  →  +1 candles
2026-09-14 21:10:52 | INFO | [✓] ATOM-SWAP-USDT 5m  →  +1 candles
2026-09-14 21:10:52 | INFO | [✓] LTC-SWAP-USDT 5m  →  +1 candles
2026-09-14 21:10:52 | INFO | [✓] EDEN-SWAP-USDT 5m  →  +1 candles
2026-09-14 21:10:52 | INFO | [✓] ARB-SWAP-USDT 5m  →  +1 candles
2026-09-14 21:10:52 | INFO | [✓] OP-SWAP-USDT 5m  →  +1 candles
2026-09-14 21:10:52 | INFO | [✓] WLD-SWAP-USDT 5m  →  +1 candles
2026-09-14 21:10:52 | INFO | [✓] SHIBUSDT 5m  →  +1 candles
2026-09-14 21:10:52 | INFO | [✓] ACEUSDT 5m  →  +1 candles
2026-09-14 21:10:52 | INFO | [✓] OPN-SWAP-USDT 5m  →  +1 candles
2026-09-14 21:10:52 | INFO | LOG: Entering run_pipeline_parallel
2026-09-14 21:11:38 | INFO | [✓] BTC-SWAP-USDT -> no signal
2026-09-14 21:11:38 | INFO | [✓] ETH-SWAP-USDT -> no signal
2026-09-14 21:11:38 | INFO | [✓] SOL-SWAP-USDT -> 1 signal(s)
2026-09-14 21:11:38 | INFO | [✓] BNB-SWAP-USDT -> no signal
2026-09-14 21:11:38 | INFO | [✓] XRP-SWAP-USDT -> no signal
2026-09-14 21:11:38 | INFO | [✓] DOGE-SWAP-USDT -> no signal
2026-09-14 21:11:38 | INFO | [✓] ADA-SWAP-USDT -> no signal
2026-09-14 21:11:38 | INFO | [✓] AVAX-SWAP-USDT -> no signal
2026-09-14 21:11:38 | INFO | [✓] DOT-SWAP-USDT -> no signal
2026-09-14 21:11:38 | INFO | [✓] RATSUSDT -> no signal
2026-09-14 21:11:38 | INFO | [✓] LINK-SWAP-USDT -> no signal
2026-09-14 21:11:38 | INFO | [✓] UNI-SWAP-USDT -> no signal
2026-09-14 21:11:38 | INFO | [✓] ATOM-SWAP-USDT -> no signal
2026-09-14 21:11:38 | INFO | [✓] LTC-SWAP-USDT -> no signal
2026-09-14 21:11:38 | INFO | [✓] EDEN-SWAP-USDT -> no signal
2026-09-14 21:11:38 | INFO | [✓] ARB-SWAP-USDT -> no signal
2026-09-14 21:11:38 | INFO | [✓] OP-SWAP-USDT -> no signal
2026-09-14 21:11:38 | INFO | [✓] WLD-SWAP-USDT -> no signal
2026-09-14 21:11:38 | INFO | [✓] SHIBUSDT -> no signal
2026-09-14 21:11:38 | INFO | [✓] ACEUSDT -> no signal
2026-09-14 21:11:38 | INFO | [✓] OPN-SWAP-USDT -> no signal
2026-09-14 21:11:38 | INFO | LOG: run_pipeline_parallel returned 1 signals
2026-09-14 21:11:38 | INFO | LOG: Entering notifier.deliver
2026-09-14 21:11:38 | INFO | [MAIN] 1 signal(s) suppressed as duplicates.
2026-09-14 21:11:38 | INFO | LOG: Entering tracker.evaluate_open_signals
2026-09-14 21:11:38 | INFO | 
2026-09-14 21:11:38 | INFO | ============================================================
2026-09-14 21:11:38 | INFO | 📊 CYCLE METRICS
2026-09-14 21:11:38 | INFO | ============================================================
2026-09-14 21:11:38 | INFO |   Total cycle time : 48944.0 ms
2026-09-14 21:11:38 | INFO |   Fetch            : 0.0 ms (0.0%)
2026-09-14 21:11:38 | INFO |   Cache            : 0.0 ms (0.0%)
2026-09-14 21:11:38 | INFO |   Phase 2 (indicators) : 2785.3 ms
2026-09-14 21:11:38 | INFO |   Phase 3 (structure)  : 2722.1 ms
2026-09-14 21:11:38 | INFO |   Phase 4 (FVG/OB)     : 1183.5 ms
2026-09-14 21:11:38 | INFO |   Phase 5 (patterns)   : 4177.7 ms
2026-09-14 21:11:38 | INFO |   Phase 6 (volume)     : 434.3 ms
2026-09-14 21:11:38 | INFO |   Phase 7 (scoring)    : 1973.0 ms
2026-09-14 21:11:38 | INFO |   Tracker            : 0.0 ms
2026-09-14 21:11:38 | INFO |   API requests       : 0
2026-09-14 21:11:38 | INFO |   Candles downloaded : 21
2026-09-14 21:11:38 | INFO |   Cache hits/misses  : 0/0
2026-09-14 21:11:38 | INFO |   Signals generated  : 0
2026-09-14 21:11:38 | INFO |   Signals rejected   : 0
2026-09-14 21:11:38 | INFO | ============================================================
2026-09-14 21:11:38 | INFO | [MAIN] Cycle done in 48.93s
2026-09-14 21:12:49 | INFO | 
[2026-09-14 21:12:49] Cycle start
2026-09-14 21:12:49 | INFO | [FETCH] due pairs: 42/84
2026-09-14 21:12:51 | INFO | [✓] BTC-SWAP-USDT 1h  →  +1 candles
2026-09-14 21:12:51 | INFO | [✓] ETH-SWAP-USDT 1h  →  +1 candles
2026-09-14 21:12:52 | INFO | [✓] SOL-SWAP-USDT 1h  →  +1 candles
2026-09-14 21:12:52 | INFO | [✓] BNB-SWAP-USDT 1h  →  +1 candles
2026-09-14 21:12:52 | INFO | [✓] XRP-SWAP-USDT 1h  →  +1 candles
2026-09-14 21:12:52 | INFO | [✓] DOGE-SWAP-USDT 1h  →  +1 candles
2026-09-14 21:12:52 | INFO | [✓] ADA-SWAP-USDT 1h  →  +1 candles
2026-09-14 21:12:52 | INFO | [✓] AVAX-SWAP-USDT 1h  →  +1 candles
2026-09-14 21:12:52 | INFO | [✓] DOT-SWAP-USDT 1h  →  +1 candles
2026-09-14 21:12:52 | INFO | [✓] RATSUSDT 1h  →  +1 candles
2026-09-14 21:12:52 | INFO | [✓] LINK-SWAP-USDT 1h  →  +1 candles
2026-09-14 21:12:52 | INFO | [✓] UNI-SWAP-USDT 1h  →  +1 candles
2026-09-14 21:12:53 | INFO | [✓] ATOM-SWAP-USDT 1h  →  +1 candles
2026-09-14 21:12:53 | INFO | [✓] LTC-SWAP-USDT 1h  →  +1 candles
2026-09-14 21:12:53 | INFO | [✓] EDEN-SWAP-USDT 1h  →  +1 candles
2026-09-14 21:12:53 | INFO | [✓] ARB-SWAP-USDT 1h  →  +1 candles
2026-09-14 21:12:53 | INFO | [✓] OP-SWAP-USDT 1h  →  +1 candles
2026-09-14 21:12:53 | INFO | [✓] WLD-SWAP-USDT 1h  →  +1 candles
2026-09-14 21:12:53 | INFO | [✓] SHIBUSDT 1h  →  +1 candles
2026-09-14 21:12:53 | INFO | [✓] ACEUSDT 1h  →  +1 candles
2026-09-14 21:12:53 | INFO | [✓] OPN-SWAP-USDT 1h  →  +1 candles
2026-09-14 21:12:53 | INFO | LOG: Entering run_pipeline_parallel
2026-09-14 21:13:37 | INFO | [✓] BTC-SWAP-USDT -> no signal
2026-09-14 21:13:37 | INFO | [✓] ETH-SWAP-USDT -> no signal
2026-09-14 21:13:37 | INFO | [✓] SOL-SWAP-USDT -> 1 signal(s)
2026-09-14 21:13:37 | INFO | [✓] BNB-SWAP-USDT -> no signal
2026-09-14 21:13:37 | INFO | [✓] XRP-SWAP-USDT -> no signal
2026-09-14 21:13:37 | INFO | [✓] DOGE-SWAP-USDT -> no signal
2026-09-14 21:13:37 | INFO | [✓] ADA-SWAP-USDT -> no signal
2026-09-14 21:13:37 | INFO | [✓] AVAX-SWAP-USDT -> no signal
2026-09-14 21:13:37 | INFO | [✓] DOT-SWAP-USDT -> no signal
2026-09-14 21:13:37 | INFO | [✓] RATSUSDT -> no signal
2026-09-14 21:13:37 | INFO | [✓] LINK-SWAP-USDT -> no signal
2026-09-14 21:13:37 | INFO | [✓] UNI-SWAP-USDT -> no signal
2026-09-14 21:13:37 | INFO | [✓] ATOM-SWAP-USDT -> no signal
2026-09-14 21:13:37 | INFO | [✓] LTC-SWAP-USDT -> no signal
2026-09-14 21:13:37 | INFO | [✓] EDEN-SWAP-USDT -> no signal
2026-09-14 21:13:37 | INFO | [✓] ARB-SWAP-USDT -> no signal
2026-09-14 21:13:37 | INFO | [✓] OP-SWAP-USDT -> no signal
2026-09-14 21:13:37 | INFO | [✓] WLD-SWAP-USDT -> no signal
2026-09-14 21:13:37 | INFO | [✓] SHIBUSDT -> no signal
2026-09-14 21:13:37 | INFO | [✓] ACEUSDT -> no signal
2026-09-14 21:13:37 | INFO | [✓] OPN-SWAP-USDT -> no signal
2026-09-14 21:13:37 | INFO | LOG: run_pipeline_parallel returned 1 signals
2026-09-14 21:13:37 | INFO | LOG: Entering notifier.deliver
2026-09-14 21:13:37 | INFO | [MAIN] 1 signal(s) suppressed as duplicates.
2026-09-14 21:13:37 | INFO | LOG: Entering tracker.evaluate_open_signals
2026-09-14 21:13:37 | INFO | 
2026-09-14 21:13:37 | INFO | ============================================================
2026-09-14 21:13:37 | INFO | 📊 CYCLE METRICS
2026-09-14 21:13:37 | INFO | ============================================================
2026-09-14 21:13:37 | INFO |   Total cycle time : 47950.3 ms
2026-09-14 21:13:37 | INFO |   Fetch            : 0.0 ms (0.0%)
2026-09-14 21:13:37 | INFO |   Cache            : 0.0 ms (0.0%)
2026-09-14 21:13:37 | INFO |   Phase 2 (indicators) : 1550.7 ms
2026-09-14 21:13:37 | INFO |   Phase 3 (structure)  : 2812.9 ms
2026-09-14 21:13:37 | INFO |   Phase 4 (FVG/OB)     : 1183.5 ms
2026-09-14 21:13:37 | INFO |   Phase 5 (patterns)   : 3776.7 ms
2026-09-14 21:13:37 | INFO |   Phase 6 (volume)     : 370.1 ms
2026-09-14 21:13:37 | INFO |   Phase 7 (scoring)    : 1952.6 ms
2026-09-14 21:13:37 | INFO |   Tracker            : 0.0 ms
2026-09-14 21:13:37 | INFO |   API requests       : 0
2026-09-14 21:13:37 | INFO |   Candles downloaded : 21
2026-09-14 21:13:37 | INFO |   Cache hits/misses  : 0/0
2026-09-14 21:13:37 | INFO |   Signals generated  : 0
2026-09-14 21:13:37 | INFO |   Signals rejected   : 0
2026-09-14 21:13:37 | INFO | ============================================================
2026-09-14 21:13:37 | INFO | [MAIN] Cycle done in 47.93s
2026-09-14 21:14:49 | INFO | 
[2026-09-14 21:14:49] Cycle start
2026-09-14 21:14:49 | INFO | [FETCH] due pairs: 21/84
2026-09-14 21:14:52 | INFO | [MAIN] No new data, skipping pipeline...
2026-09-14 21:14:52 | INFO | [MAIN] Cycle done in 3.23s
2026-09-14 21:16:49 | INFO | 
[2026-09-14 21:16:49] Cycle start
2026-09-14 21:16:49 | INFO | [FETCH] due pairs: 42/84
2026-09-14 21:16:52 | INFO | [✓] BTC-SWAP-USDT 5m  →  +1 candles
2026-09-14 21:16:52 | INFO | [✓] BTC-SWAP-USDT 15m  →  +1 candles
2026-09-14 21:16:52 | INFO | [✓] ETH-SWAP-USDT 5m  →  +1 candles
2026-09-14 21:16:52 | INFO | [✓] ETH-SWAP-USDT 15m  →  +1 candles
2026-09-14 21:16:52 | INFO | [✓] SOL-SWAP-USDT 5m  →  +1 candles
2026-09-14 21:16:52 | INFO | [✓] SOL-SWAP-USDT 15m  →  +1 candles
2026-09-14 21:16:52 | INFO | [✓] BNB-SWAP-USDT 5m  →  +1 candles
2026-09-14 21:16:52 | INFO | [✓] BNB-SWAP-USDT 15m  →  +1 candles
2026-09-14 21:16:52 | INFO | [✓] XRP-SWAP-USDT 5m  →  +1 candles
2026-09-14 21:16:52 | INFO | [✓] XRP-SWAP-USDT 15m  →  +1 candles
2026-09-14 21:16:52 | INFO | [✓] DOGE-SWAP-USDT 5m  →  +1 candles
2026-09-14 21:16:52 | INFO | [✓] DOGE-SWAP-USDT 15m  →  +1 candles
2026-09-14 21:16:52 | INFO | [✓] ADA-SWAP-USDT 5m  →  +1 candles
2026-09-14 21:16:53 | INFO | [✓] ADA-SWAP-USDT 15m  →  +1 candles
2026-09-14 21:16:53 | INFO | [✓] AVAX-SWAP-USDT 5m  →  +1 candles
2026-09-14 21:16:53 | INFO | [✓] AVAX-SWAP-USDT 15m  →  +1 candles
2026-09-14 21:16:53 | INFO | [✓] DOT-SWAP-USDT 5m  →  +1 candles
2026-09-14 21:16:53 | INFO | [✓] DOT-SWAP-USDT 15m  →  +1 candles
2026-09-14 21:16:53 | INFO | [✓] RATSUSDT 5m  →  +1 candles
2026-09-14 21:16:53 | INFO | [✓] RATSUSDT 15m  →  +1 candles
2026-09-14 21:16:53 | INFO | [✓] LINK-SWAP-USDT 5m  →  +1 candles
2026-09-14 21:16:53 | INFO | [✓] LINK-SWAP-USDT 15m  →  +1 candles
2026-09-14 21:16:53 | INFO | [✓] UNI-SWAP-USDT 5m  →  +1 candles
2026-09-14 21:16:53 | INFO | [✓] UNI-SWAP-USDT 15m  →  +1 candles
2026-09-14 21:16:53 | INFO | [✓] ATOM-SWAP-USDT 5m  →  +1 candles
2026-09-14 21:16:53 | INFO | [✓] ATOM-SWAP-USDT 15m  →  +1 candles
2026-09-14 21:16:53 | INFO | [✓] LTC-SWAP-USDT 5m  →  +1 candles
2026-09-14 21:16:53 | INFO | [✓] LTC-SWAP-USDT 15m  →  +1 candles
2026-09-14 21:16:53 | INFO | [✓] EDEN-SWAP-USDT 5m  →  +1 candles
2026-09-14 21:16:53 | INFO | [✓] EDEN-SWAP-USDT 15m  →  +1 candles
2026-09-14 21:16:54 | INFO | [✓] ARB-SWAP-USDT 5m  →  +1 candles
2026-09-14 21:16:54 | INFO | [✓] ARB-SWAP-USDT 15m  →  +1 candles
2026-09-14 21:16:54 | INFO | [✓] OP-SWAP-USDT 5m  →  +1 candles
2026-09-14 21:16:54 | INFO | [✓] OP-SWAP-USDT 15m  →  +1 candles
2026-09-14 21:16:54 | INFO | [✓] WLD-SWAP-USDT 5m  →  +1 candles
2026-09-14 21:16:54 | INFO | [✓] WLD-SWAP-USDT 15m  →  +1 candles
2026-09-14 21:16:54 | INFO | [✓] SHIBUSDT 5m  →  +1 candles
2026-09-14 21:16:54 | INFO | [✓] SHIBUSDT 15m  →  +1 candles
2026-09-14 21:16:54 | INFO | [✓] ACEUSDT 5m  →  +1 candles
2026-09-14 21:16:54 | INFO | [✓] ACEUSDT 15m  →  +1 candles
2026-09-14 21:16:54 | INFO | [✓] OPN-SWAP-USDT 5m  →  +1 candles
2026-09-14 21:16:54 | INFO | [✓] OPN-SWAP-USDT 15m  →  +1 candles
2026-09-14 21:16:54 | INFO | LOG: Entering run_pipeline_parallel
2026-09-14 21:17:36 | INFO | [✓] BTC-SWAP-USDT -> no signal
2026-09-14 21:17:36 | INFO | [✓] ETH-SWAP-USDT -> no signal
2026-09-14 21:17:36 | INFO | [✓] SOL-SWAP-USDT -> 1 signal(s)
2026-09-14 21:17:36 | INFO | [✓] BNB-SWAP-USDT -> no signal
2026-09-14 21:17:36 | INFO | [✓] XRP-SWAP-USDT -> no signal
2026-09-14 21:17:36 | INFO | [✓] DOGE-SWAP-USDT -> no signal
2026-09-14 21:17:36 | INFO | [✓] ADA-SWAP-USDT -> no signal
2026-09-14 21:17:36 | INFO | [✓] AVAX-SWAP-USDT -> no signal
2026-09-14 21:17:36 | INFO | [✓] DOT-SWAP-USDT -> no signal
2026-09-14 21:17:36 | INFO | [✓] RATSUSDT -> no signal
2026-09-14 21:17:36 | INFO | [✓] LINK-SWAP-USDT -> no signal
2026-09-14 21:17:36 | INFO | [✓] UNI-SWAP-USDT -> no signal
2026-09-14 21:17:36 | INFO | [✓] ATOM-SWAP-USDT -> no signal
2026-09-14 21:17:36 | INFO | [✓] LTC-SWAP-USDT -> no signal
2026-09-14 21:17:36 | INFO | [✓] EDEN-SWAP-USDT -> no signal
2026-09-14 21:17:36 | INFO | [✓] ARB-SWAP-USDT -> no signal
2026-09-14 21:17:36 | INFO | [✓] OP-SWAP-USDT -> no signal
2026-09-14 21:17:36 | INFO | [✓] WLD-SWAP-USDT -> no signal
2026-09-14 21:17:36 | INFO | [✓] SHIBUSDT -> no signal
2026-09-14 21:17:36 | INFO | [✓] ACEUSDT -> no signal
2026-09-14 21:17:36 | INFO | [✓] OPN-SWAP-USDT -> no signal
2026-09-14 21:17:36 | INFO | LOG: run_pipeline_parallel returned 1 signals
2026-09-14 21:17:36 | INFO | LOG: Entering notifier.deliver
2026-09-14 21:17:36 | INFO | [MAIN] 1 signal(s) suppressed as duplicates.
2026-09-14 21:17:36 | INFO | LOG: Entering tracker.evaluate_open_signals
2026-09-14 21:17:36 | INFO | 
2026-09-14 21:17:36 | INFO | ============================================================
2026-09-14 21:17:36 | INFO | 📊 CYCLE METRICS
2026-09-14 21:17:36 | INFO | ============================================================
2026-09-14 21:17:36 | INFO |   Total cycle time : 47249.6 ms
2026-09-14 21:17:36 | INFO |   Fetch            : 0.0 ms (0.0%)
2026-09-14 21:17:36 | INFO |   Cache            : 0.0 ms (0.0%)
2026-09-14 21:17:36 | INFO |   Phase 2 (indicators) : 1648.7 ms
2026-09-14 21:17:36 | INFO |   Phase 3 (structure)  : 2938.4 ms
2026-09-14 21:17:36 | INFO |   Phase 4 (FVG/OB)     : 1150.5 ms
2026-09-14 21:17:36 | INFO |   Phase 5 (patterns)   : 5705.0 ms
2026-09-14 21:17:36 | INFO |   Phase 6 (volume)     : 478.1 ms
2026-09-14 21:17:36 | INFO |   Phase 7 (scoring)    : 2126.2 ms
2026-09-14 21:17:36 | INFO |   Tracker            : 0.0 ms
2026-09-14 21:17:36 | INFO |   API requests       : 0
2026-09-14 21:17:36 | INFO |   Candles downloaded : 42
2026-09-14 21:17:36 | INFO |   Cache hits/misses  : 0/0
2026-09-14 21:17:36 | INFO |   Signals generated  : 0
2026-09-14 21:17:36 | INFO |   Signals rejected   : 0
2026-09-14 21:17:36 | INFO | ============================================================
2026-09-14 21:17:36 | INFO | [MAIN] Cycle done in 47.24s
2026-09-14 21:18:49 | INFO | 
[2026-09-14 21:18:49] Cycle start
2026-09-14 21:18:49 | INFO | [FETCH] due pairs: 21/84
2026-09-14 21:18:52 | INFO | [MAIN] No new data, skipping pipeline...
2026-09-14 21:18:52 | INFO | [MAIN] Cycle done in 3.26s
2026-09-14 21:20:49 | INFO | 
[2026-09-14 21:20:49] Cycle start
2026-09-14 21:20:49 | INFO | [FETCH] due pairs: 21/84
2026-09-14 21:20:51 | INFO | [✓] BTC-SWAP-USDT 5m  →  +1 candles
2026-09-14 21:20:51 | INFO | [✓] ETH-SWAP-USDT 5m  →  +1 candles
2026-09-14 21:20:52 | INFO | [✓] SOL-SWAP-USDT 5m  →  +1 candles
2026-09-14 21:20:52 | INFO | [✓] BNB-SWAP-USDT 5m  →  +1 candles
2026-09-14 21:20:52 | INFO | [✓] XRP-SWAP-USDT 5m  →  +1 candles
2026-09-14 21:20:52 | INFO | [✓] DOGE-SWAP-USDT 5m  →  +1 candles
2026-09-14 21:20:52 | INFO | [✓] ADA-SWAP-USDT 5m  →  +1 candles
2026-09-14 21:20:52 | INFO | [✓] AVAX-SWAP-USDT 5m  →  +1 candles
2026-09-14 21:20:52 | INFO | [✓] DOT-SWAP-USDT 5m  →  +1 candles
2026-09-14 21:20:52 | INFO | [✓] RATSUSDT 5m  →  +1 candles
2026-09-14 21:20:52 | INFO | [✓] LINK-SWAP-USDT 5m  →  +1 candles
2026-09-14 21:20:52 | INFO | [✓] UNI-SWAP-USDT 5m  →  +1 candles
2026-09-14 21:20:52 | INFO | [✓] ATOM-SWAP-USDT 5m  →  +1 candles
2026-09-14 21:20:52 | INFO | [✓] LTC-SWAP-USDT 5m  →  +1 candles
2026-09-14 21:20:52 | INFO | [✓] EDEN-SWAP-USDT 5m  →  +1 candles
2026-09-14 21:20:53 | INFO | [✓] ARB-SWAP-USDT 5m  →  +1 candles
2026-09-14 21:20:53 | INFO | [✓] OP-SWAP-USDT 5m  →  +1 candles
2026-09-14 21:20:53 | INFO | [✓] WLD-SWAP-USDT 5m  →  +1 candles
2026-09-14 21:20:53 | INFO | [✓] SHIBUSDT 5m  →  +1 candles
2026-09-14 21:20:53 | INFO | [✓] ACEUSDT 5m  →  +1 candles
2026-09-14 21:20:53 | INFO | [✓] OPN-SWAP-USDT 5m  →  +1 candles
2026-09-14 21:20:53 | INFO | LOG: Entering run_pipeline_parallel
2026-09-14 21:21:38 | INFO | [✓] BTC-SWAP-USDT -> no signal
2026-09-14 21:21:38 | INFO | [✓] ETH-SWAP-USDT -> no signal
2026-09-14 21:21:38 | INFO | [✓] SOL-SWAP-USDT -> no signal
2026-09-14 21:21:38 | INFO | [✓] BNB-SWAP-USDT -> no signal
2026-09-14 21:21:38 | INFO | [✓] XRP-SWAP-USDT -> no signal
2026-09-14 21:21:38 | INFO | [✓] DOGE-SWAP-USDT -> no signal
2026-09-14 21:21:38 | INFO | [✓] ADA-SWAP-USDT -> no signal
2026-09-14 21:21:38 | INFO | [✓] AVAX-SWAP-USDT -> no signal
2026-09-14 21:21:38 | INFO | [✓] DOT-SWAP-USDT -> no signal
2026-09-14 21:21:38 | INFO | [✓] RATSUSDT -> no signal
2026-09-14 21:21:38 | INFO | [✓] LINK-SWAP-USDT -> no signal
2026-09-14 21:21:38 | INFO | [✓] UNI-SWAP-USDT -> no signal
2026-09-14 21:21:38 | INFO | [✓] ATOM-SWAP-USDT -> no signal
2026-09-14 21:21:38 | INFO | [✓] LTC-SWAP-USDT -> no signal
2026-09-14 21:21:38 | INFO | [✓] EDEN-SWAP-USDT -> no signal
2026-09-14 21:21:38 | INFO | [✓] ARB-SWAP-USDT -> no signal
2026-09-14 21:21:38 | INFO | [✓] OP-SWAP-USDT -> no signal
2026-09-14 21:21:38 | INFO | [✓] WLD-SWAP-USDT -> no signal
2026-09-14 21:21:38 | INFO | [✓] SHIBUSDT -> no signal
2026-09-14 21:21:38 | INFO | [✓] ACEUSDT -> no signal
2026-09-14 21:21:38 | INFO | [✓] OPN-SWAP-USDT -> no signal
2026-09-14 21:21:38 | INFO | LOG: run_pipeline_parallel returned 0 signals
2026-09-14 21:21:38 | INFO | LOG: Entering notifier.deliver
2026-09-14 21:21:38 | INFO | [MAIN] No active signal.
2026-09-14 21:21:38 | INFO | LOG: Entering tracker.evaluate_open_signals
2026-09-14 21:21:38 | INFO | 
2026-09-14 21:21:38 | INFO | ============================================================
2026-09-14 21:21:38 | INFO | 📊 CYCLE METRICS
2026-09-14 21:21:38 | INFO | ============================================================
2026-09-14 21:21:38 | INFO |   Total cycle time : 49199.4 ms
2026-09-14 21:21:38 | INFO |   Fetch            : 0.0 ms (0.0%)
2026-09-14 21:21:38 | INFO |   Cache            : 0.0 ms (0.0%)
2026-09-14 21:21:38 | INFO |   Phase 2 (indicators) : 1614.5 ms
2026-09-14 21:21:38 | INFO |   Phase 3 (structure)  : 2939.3 ms
2026-09-14 21:21:38 | INFO |   Phase 4 (FVG/OB)     : 1358.5 ms
2026-09-14 21:21:38 | INFO |   Phase 5 (patterns)   : 3821.8 ms
2026-09-14 21:21:38 | INFO |   Phase 6 (volume)     : 495.4 ms
2026-09-14 21:21:38 | INFO |   Phase 7 (scoring)    : 2205.3 ms
2026-09-14 21:21:38 | INFO |   Tracker            : 0.0 ms
2026-09-14 21:21:38 | INFO |   API requests       : 0
2026-09-14 21:21:38 | INFO |   Candles downloaded : 21
2026-09-14 21:21:38 | INFO |   Cache hits/misses  : 0/0
2026-09-14 21:21:38 | INFO |   Signals generated  : 0
2026-09-14 21:21:38 | INFO |   Signals rejected   : 0
2026-09-14 21:21:38 | INFO | ============================================================
2026-09-14 21:21:38 | INFO | [MAIN] Cycle done in 49.18s
2026-09-14 21:22:49 | INFO | 
[2026-09-14 21:22:49] Cycle start
2026-09-14 21:22:49 | INFO | [FETCH] due pairs: 21/84
2026-09-14 21:22:52 | INFO | [MAIN] No new data, skipping pipeline...
2026-09-14 21:22:52 | INFO | [MAIN] Cycle done in 3.43s
2026-09-14 21:24:49 | INFO | 
[2026-09-14 21:24:49] Cycle start
2026-09-14 21:24:49 | INFO | [FETCH] due pairs: 42/84
2026-09-14 21:24:55 | INFO | [MAIN] No new data, skipping pipeline...
2026-09-14 21:24:55 | INFO | [MAIN] Cycle done in 6.10s
2026-09-14 21:26:49 | INFO | 
[2026-09-14 21:26:49] Cycle start
2026-09-14 21:26:49 | INFO | [FETCH] due pairs: 21/84
2026-09-14 21:26:52 | INFO | [✓] BTC-SWAP-USDT 5m  →  +1 candles
2026-09-14 21:26:52 | INFO | [✓] ETH-SWAP-USDT 5m  →  +1 candles
2026-09-14 21:26:52 | INFO | [✓] SOL-SWAP-USDT 5m  →  +1 candles
2026-09-14 21:26:52 | INFO | [✓] BNB-SWAP-USDT 5m  →  +1 candles
2026-09-14 21:26:52 | INFO | [✓] XRP-SWAP-USDT 5m  →  +1 candles
2026-09-14 21:26:52 | INFO | [✓] DOGE-SWAP-USDT 5m  →  +1 candles
2026-09-14 21:26:52 | INFO | [✓] ADA-SWAP-USDT 5m  →  +1 candles
2026-09-14 21:26:52 | INFO | [✓] AVAX-SWAP-USDT 5m  →  +1 candles
2026-09-14 21:26:52 | INFO | [✓] DOT-SWAP-USDT 5m  →  +1 candles
2026-09-14 21:26:52 | INFO | [✓] RATSUSDT 5m  →  +1 candles
2026-09-14 21:26:52 | INFO | [✓] LINK-SWAP-USDT 5m  →  +1 candles
2026-09-14 21:26:53 | INFO | [✓] UNI-SWAP-USDT 5m  →  +1 candles
2026-09-14 21:26:53 | INFO | [✓] ATOM-SWAP-USDT 5m  →  +1 candles
2026-09-14 21:26:53 | INFO | [✓] LTC-SWAP-USDT 5m  →  +1 candles
2026-09-14 21:26:53 | INFO | [✓] EDEN-SWAP-USDT 5m  →  +1 candles
2026-09-14 21:26:53 | INFO | [✓] ARB-SWAP-USDT 5m  →  +1 candles
2026-09-14 21:26:53 | INFO | [✓] OP-SWAP-USDT 5m  →  +1 candles
2026-09-14 21:26:53 | INFO | [✓] WLD-SWAP-USDT 5m  →  +1 candles
2026-09-14 21:26:53 | INFO | [✓] SHIBUSDT 5m  →  +1 candles
2026-09-14 21:26:53 | INFO | [✓] ACEUSDT 5m  →  +1 candles
2026-09-14 21:26:53 | INFO | [✓] OPN-SWAP-USDT 5m  →  +1 candles
2026-09-14 21:26:53 | INFO | LOG: Entering run_pipeline_parallel
2026-09-14 21:27:38 | INFO | [✓] BTC-SWAP-USDT -> no signal
2026-09-14 21:27:38 | INFO | [✓] ETH-SWAP-USDT -> no signal
2026-09-14 21:27:38 | INFO | [✓] SOL-SWAP-USDT -> 1 signal(s)
2026-09-14 21:27:38 | INFO | [✓] BNB-SWAP-USDT -> no signal
2026-09-14 21:27:38 | INFO | [✓] XRP-SWAP-USDT -> no signal
2026-09-14 21:27:38 | INFO | [✓] DOGE-SWAP-USDT -> no signal
2026-09-14 21:27:38 | INFO | [✓] ADA-SWAP-USDT -> no signal
2026-09-14 21:27:38 | INFO | [✓] AVAX-SWAP-USDT -> no signal
2026-09-14 21:27:38 | INFO | [✓] DOT-SWAP-USDT -> no signal
2026-09-14 21:27:38 | INFO | [✓] RATSUSDT -> no signal
2026-09-14 21:27:38 | INFO | [✓] LINK-SWAP-USDT -> no signal
2026-09-14 21:27:38 | INFO | [✓] UNI-SWAP-USDT -> no signal
2026-09-14 21:27:38 | INFO | [✓] ATOM-SWAP-USDT -> no signal
2026-09-14 21:27:38 | INFO | [✓] LTC-SWAP-USDT -> no signal
2026-09-14 21:27:38 | INFO | [✓] EDEN-SWAP-USDT -> no signal
2026-09-14 21:27:38 | INFO | [✓] ARB-SWAP-USDT -> no signal
2026-09-14 21:27:38 | INFO | [✓] OP-SWAP-USDT -> no signal
2026-09-14 21:27:38 | INFO | [✓] WLD-SWAP-USDT -> no signal
2026-09-14 21:27:38 | INFO | [✓] SHIBUSDT -> no signal
2026-09-14 21:27:38 | INFO | [✓] ACEUSDT -> no signal
2026-09-14 21:27:38 | INFO | [✓] OPN-SWAP-USDT -> no signal
2026-09-14 21:27:38 | INFO | LOG: run_pipeline_parallel returned 1 signals
2026-09-14 21:27:38 | INFO | LOG: Entering notifier.deliver
2026-09-14 21:27:38 | INFO | [MAIN] 1 signal(s) suppressed as duplicates.
2026-09-14 21:27:38 | INFO | LOG: Entering tracker.evaluate_open_signals
2026-09-14 21:27:38 | INFO | 
2026-09-14 21:27:38 | INFO | ============================================================
2026-09-14 21:27:38 | INFO | 📊 CYCLE METRICS
2026-09-14 21:27:38 | INFO | ============================================================
2026-09-14 21:27:38 | INFO |   Total cycle time : 49495.6 ms
2026-09-14 21:27:38 | INFO |   Fetch            : 0.0 ms (0.0%)
2026-09-14 21:27:38 | INFO |   Cache            : 0.0 ms (0.0%)
2026-09-14 21:27:38 | INFO |   Phase 2 (indicators) : 1717.0 ms
2026-09-14 21:27:38 | INFO |   Phase 3 (structure)  : 2911.3 ms
2026-09-14 21:27:38 | INFO |   Phase 4 (FVG/OB)     : 1227.3 ms
2026-09-14 21:27:38 | INFO |   Phase 5 (patterns)   : 3854.4 ms
2026-09-14 21:27:38 | INFO |   Phase 6 (volume)     : 550.5 ms
2026-09-14 21:27:38 | INFO |   Phase 7 (scoring)    : 2038.0 ms
2026-09-14 21:27:38 | INFO |   Tracker            : 0.0 ms
2026-09-14 21:27:38 | INFO |   API requests       : 0
2026-09-14 21:27:38 | INFO |   Candles downloaded : 21
2026-09-14 21:27:38 | INFO |   Cache hits/misses  : 0/0
2026-09-14 21:27:38 | INFO |   Signals generated  : 0
2026-09-14 21:27:38 | INFO |   Signals rejected   : 0
2026-09-14 21:27:38 | INFO | ============================================================
2026-09-14 21:27:38 | INFO | [MAIN] Cycle done in 49.48s
2026-09-14 21:28:49 | INFO | 
[2026-09-14 21:28:49] Cycle start
2026-09-14 21:28:49 | INFO | [FETCH] due pairs: 21/84
2026-09-14 21:28:52 | INFO | [MAIN] No new data, skipping pipeline...
2026-09-14 21:28:52 | INFO | [MAIN] Cycle done in 2.82s
2026-09-14 21:30:49 | INFO | 
[2026-09-14 21:30:49] Cycle start
2026-09-14 21:30:49 | INFO | [FETCH] due pairs: 42/84
2026-09-14 21:30:52 | INFO | [✓] BTC-SWAP-USDT 5m  →  +1 candles
2026-09-14 21:30:52 | INFO | [✓] ETH-SWAP-USDT 5m  →  +1 candles
2026-09-14 21:30:52 | INFO | [✓] SOL-SWAP-USDT 5m  →  +1 candles
2026-09-14 21:30:52 | INFO | [✓] BNB-SWAP-USDT 5m  →  +1 candles
2026-09-14 21:30:52 | INFO | [✓] XRP-SWAP-USDT 5m  →  +1 candles
2026-09-14 21:30:52 | INFO | [✓] DOGE-SWAP-USDT 5m  →  +1 candles
2026-09-14 21:30:52 | INFO | [✓] ADA-SWAP-USDT 5m  →  +1 candles
2026-09-14 21:30:52 | INFO | [✓] AVAX-SWAP-USDT 5m  →  +1 candles
2026-09-14 21:30:52 | INFO | [✓] DOT-SWAP-USDT 5m  →  +1 candles
2026-09-14 21:30:52 | INFO | [✓] RATSUSDT 5m  →  +1 candles
2026-09-14 21:30:52 | INFO | [✓] LINK-SWAP-USDT 5m  →  +1 candles
2026-09-14 21:30:53 | INFO | [✓] UNI-SWAP-USDT 5m  →  +1 candles
2026-09-14 21:30:53 | INFO | [✓] ATOM-SWAP-USDT 5m  →  +1 candles
2026-09-14 21:30:53 | INFO | [✓] LTC-SWAP-USDT 5m  →  +1 candles
2026-09-14 21:30:53 | INFO | [✓] EDEN-SWAP-USDT 5m  →  +1 candles
2026-09-14 21:30:53 | INFO | [✓] ARB-SWAP-USDT 5m  →  +1 candles
2026-09-14 21:30:53 | INFO | [✓] OP-SWAP-USDT 5m  →  +1 candles
2026-09-14 21:30:53 | INFO | [✓] WLD-SWAP-USDT 5m  →  +1 candles
2026-09-14 21:30:53 | INFO | [✓] SHIBUSDT 5m  →  +1 candles
2026-09-14 21:30:53 | INFO | [✓] ACEUSDT 5m  →  +1 candles
2026-09-14 21:30:53 | INFO | [✓] OPN-SWAP-USDT 5m  →  +1 candles
2026-09-14 21:30:53 | INFO | LOG: Entering run_pipeline_parallel
2026-09-14 21:31:36 | INFO | [✓] BTC-SWAP-USDT -> no signal
2026-09-14 21:31:36 | INFO | [✓] ETH-SWAP-USDT -> no signal
2026-09-14 21:31:36 | INFO | [✓] SOL-SWAP-USDT -> 1 signal(s)
2026-09-14 21:31:36 | INFO | [✓] BNB-SWAP-USDT -> no signal
2026-09-14 21:31:36 | INFO | [✓] XRP-SWAP-USDT -> no signal
2026-09-14 21:31:36 | INFO | [✓] DOGE-SWAP-USDT -> no signal
2026-09-14 21:31:36 | INFO | [✓] ADA-SWAP-USDT -> no signal
2026-09-14 21:31:36 | INFO | [✓] AVAX-SWAP-USDT -> no signal
2026-09-14 21:31:36 | INFO | [✓] DOT-SWAP-USDT -> no signal
2026-09-14 21:31:36 | INFO | [✓] RATSUSDT -> no signal
2026-09-14 21:31:36 | INFO | [✓] LINK-SWAP-USDT -> no signal
2026-09-14 21:31:36 | INFO | [✓] UNI-SWAP-USDT -> no signal
2026-09-14 21:31:36 | INFO | [✓] ATOM-SWAP-USDT -> no signal
2026-09-14 21:31:36 | INFO | [✓] LTC-SWAP-USDT -> no signal
2026-09-14 21:31:36 | INFO | [✓] EDEN-SWAP-USDT -> no signal
2026-09-14 21:31:36 | INFO | [✓] ARB-SWAP-USDT -> no signal
2026-09-14 21:31:36 | INFO | [✓] OP-SWAP-USDT -> no signal
2026-09-14 21:31:36 | INFO | [✓] WLD-SWAP-USDT -> no signal
2026-09-14 21:31:36 | INFO | [✓] SHIBUSDT -> no signal
2026-09-14 21:31:36 | INFO | [✓] ACEUSDT -> no signal
2026-09-14 21:31:36 | INFO | [✓] OPN-SWAP-USDT -> no signal
2026-09-14 21:31:36 | INFO | LOG: run_pipeline_parallel returned 1 signals
2026-09-14 21:31:36 | INFO | LOG: Entering notifier.deliver
2026-09-14 21:31:36 | INFO | [MAIN] 1 signal(s) suppressed as duplicates.
2026-09-14 21:31:36 | INFO | LOG: Entering tracker.evaluate_open_signals
2026-09-14 21:31:36 | INFO | 
2026-09-14 21:31:36 | INFO | ============================================================
2026-09-14 21:31:36 | INFO | 📊 CYCLE METRICS
2026-09-14 21:31:36 | INFO | ============================================================
2026-09-14 21:31:36 | INFO |   Total cycle time : 47010.1 ms
2026-09-14 21:31:36 | INFO |   Fetch            : 0.0 ms (0.0%)
2026-09-14 21:31:36 | INFO |   Cache            : 0.0 ms (0.0%)
2026-09-14 21:31:36 | INFO |   Phase 2 (indicators) : 1760.6 ms
2026-09-14 21:31:36 | INFO |   Phase 3 (structure)  : 2792.5 ms
2026-09-14 21:31:36 | INFO |   Phase 4 (FVG/OB)     : 1165.6 ms
2026-09-14 21:31:36 | INFO |   Phase 5 (patterns)   : 5594.4 ms
2026-09-14 21:31:36 | INFO |   Phase 6 (volume)     : 353.9 ms
2026-09-14 21:31:36 | INFO |   Phase 7 (scoring)    : 1954.0 ms
2026-09-14 21:31:36 | INFO |   Tracker            : 0.0 ms
2026-09-14 21:31:36 | INFO |   API requests       : 0
2026-09-14 21:31:36 | INFO |   Candles downloaded : 21
2026-09-14 21:31:36 | INFO |   Cache hits/misses  : 0/0
2026-09-14 21:31:36 | INFO |   Signals generated  : 0
2026-09-14 21:31:36 | INFO |   Signals rejected   : 0
2026-09-14 21:31:36 | INFO | ============================================================
2026-09-14 21:31:36 | INFO | [MAIN] Cycle done in 47.00s
2026-09-14 21:32:49 | INFO | 
[2026-09-14 21:32:49] Cycle start
2026-09-14 21:32:49 | INFO | [FETCH] due pairs: 42/84
2026-09-14 21:32:51 | INFO | [✓] BTC-SWAP-USDT 15m  →  +1 candles
2026-09-14 21:32:52 | INFO | [✓] ETH-SWAP-USDT 15m  →  +1 candles
2026-09-14 21:32:52 | INFO | [✓] SOL-SWAP-USDT 15m  →  +1 candles
2026-09-14 21:32:52 | INFO | [✓] BNB-SWAP-USDT 15m  →  +1 candles
2026-09-14 21:32:52 | INFO | [✓] XRP-SWAP-USDT 15m  →  +1 candles
2026-09-14 21:32:52 | INFO | [✓] DOGE-SWAP-USDT 15m  →  +1 candles
2026-09-14 21:32:52 | INFO | [✓] ADA-SWAP-USDT 15m  →  +1 candles
2026-09-14 21:32:52 | INFO | [✓] AVAX-SWAP-USDT 15m  →  +1 candles
2026-09-14 21:32:52 | INFO | [✓] DOT-SWAP-USDT 15m  →  +1 candles
2026-09-14 21:32:52 | INFO | [✓] RATSUSDT 15m  →  +1 candles
2026-09-14 21:32:53 | INFO | [✓] LINK-SWAP-USDT 15m  →  +1 candles
2026-09-14 21:32:53 | INFO | [✓] UNI-SWAP-USDT 15m  →  +1 candles
2026-09-14 21:32:53 | INFO | [✓] ATOM-SWAP-USDT 15m  →  +1 candles
2026-09-14 21:32:53 | INFO | [✓] LTC-SWAP-USDT 15m  →  +1 candles
2026-09-14 21:32:53 | INFO | [✓] EDEN-SWAP-USDT 15m  →  +1 candles
2026-09-14 21:32:53 | INFO | [✓] ARB-SWAP-USDT 15m  →  +1 candles
2026-09-14 21:32:53 | INFO | [✓] OP-SWAP-USDT 15m  →  +1 candles
2026-09-14 21:32:53 | INFO | [✓] WLD-SWAP-USDT 15m  →  +1 candles
2026-09-14 21:32:53 | INFO | [✓] SHIBUSDT 15m  →  +1 candles
2026-09-14 21:32:54 | INFO | [✓] ACEUSDT 15m  →  +1 candles
2026-09-14 21:32:54 | INFO | [✓] OPN-SWAP-USDT 15m  →  +1 candles
2026-09-14 21:32:54 | INFO | LOG: Entering run_pipeline_parallel
2026-09-14 21:33:35 | INFO | [✓] BTC-SWAP-USDT -> no signal
2026-09-14 21:33:35 | INFO | [✓] ETH-SWAP-USDT -> no signal
2026-09-14 21:33:35 | INFO | [✓] SOL-SWAP-USDT -> 1 signal(s)
2026-09-14 21:33:35 | INFO | [✓] BNB-SWAP-USDT -> no signal
2026-09-14 21:33:35 | INFO | [✓] XRP-SWAP-USDT -> no signal
2026-09-14 21:33:35 | INFO | [✓] DOGE-SWAP-USDT -> no signal
2026-09-14 21:33:35 | INFO | [✓] ADA-SWAP-USDT -> no signal
2026-09-14 21:33:35 | INFO | [✓] AVAX-SWAP-USDT -> no signal
2026-09-14 21:33:35 | INFO | [✓] DOT-SWAP-USDT -> no signal
2026-09-14 21:33:35 | INFO | [✓] RATSUSDT -> no signal
2026-09-14 21:33:35 | INFO | [✓] LINK-SWAP-USDT -> no signal
2026-09-14 21:33:35 | INFO | [✓] UNI-SWAP-USDT -> no signal
2026-09-14 21:33:35 | INFO | [✓] ATOM-SWAP-USDT -> no signal
2026-09-14 21:33:35 | INFO | [✓] LTC-SWAP-USDT -> no signal
2026-09-14 21:33:35 | INFO | [✓] EDEN-SWAP-USDT -> no signal
2026-09-14 21:33:35 | INFO | [✓] ARB-SWAP-USDT -> no signal
2026-09-14 21:33:35 | INFO | [✓] OP-SWAP-USDT -> no signal
2026-09-14 21:33:35 | INFO | [✓] WLD-SWAP-USDT -> no signal
2026-09-14 21:33:35 | INFO | [✓] SHIBUSDT -> no signal
2026-09-14 21:33:35 | INFO | [✓] ACEUSDT -> no signal
2026-09-14 21:33:35 | INFO | [✓] OPN-SWAP-USDT -> no signal
2026-09-14 21:33:35 | INFO | LOG: run_pipeline_parallel returned 1 signals
2026-09-14 21:33:35 | INFO | LOG: Entering notifier.deliver
2026-09-14 21:33:35 | INFO | [MAIN] 1 signal(s) suppressed as duplicates.
2026-09-14 21:33:35 | INFO | LOG: Entering tracker.evaluate_open_signals
2026-09-14 21:33:35 | INFO | 
2026-09-14 21:33:35 | INFO | ============================================================
2026-09-14 21:33:35 | INFO | 📊 CYCLE METRICS
2026-09-14 21:33:35 | INFO | ============================================================
2026-09-14 21:33:35 | INFO |   Total cycle time : 45982.6 ms
2026-09-14 21:33:35 | INFO |   Fetch            : 0.0 ms (0.0%)
2026-09-14 21:33:35 | INFO |   Cache            : 0.0 ms (0.0%)
2026-09-14 21:33:35 | INFO |   Phase 2 (indicators) : 2624.3 ms
2026-09-14 21:33:35 | INFO |   Phase 3 (structure)  : 2760.1 ms
2026-09-14 21:33:35 | INFO |   Phase 4 (FVG/OB)     : 1138.1 ms
2026-09-14 21:33:35 | INFO |   Phase 5 (patterns)   : 3702.6 ms
2026-09-14 21:33:35 | INFO |   Phase 6 (volume)     : 459.1 ms
2026-09-14 21:33:35 | INFO |   Phase 7 (scoring)    : 1920.3 ms
2026-09-14 21:33:35 | INFO |   Tracker            : 0.0 ms
2026-09-14 21:33:35 | INFO |   API requests       : 0
2026-09-14 21:33:35 | INFO |   Candles downloaded : 21
2026-09-14 21:33:35 | INFO |   Cache hits/misses  : 0/0
2026-09-14 21:33:35 | INFO |   Signals generated  : 0
2026-09-14 21:33:35 | INFO |   Signals rejected   : 0
2026-09-14 21:33:35 | INFO | ============================================================
2026-09-14 21:33:35 | INFO | [MAIN] Cycle done in 45.96s
2026-09-14 21:34:49 | INFO | 
[2026-09-14 21:34:49] Cycle start
2026-09-14 21:34:49 | INFO | [FETCH] due pairs: 42/84
2026-09-14 21:34:54 | INFO | [MAIN] No new data, skipping pipeline...
2026-09-14 21:34:54 | INFO | [MAIN] Cycle done in 5.12s
2026-09-14 21:36:49 | INFO | 
[2026-09-14 21:36:49] Cycle start
2026-09-14 21:36:49 | INFO | [FETCH] due pairs: 21/84
2026-09-14 21:36:51 | INFO | [✓] BTC-SWAP-USDT 5m  →  +1 candles
2026-09-14 21:36:51 | INFO | [✓] ETH-SWAP-USDT 5m  →  +1 candles
2026-09-14 21:36:52 | INFO | [✓] SOL-SWAP-USDT 5m  →  +1 candles
2026-09-14 21:36:52 | INFO | [✓] BNB-SWAP-USDT 5m  →  +1 candles
2026-09-14 21:36:52 | INFO | [✓] XRP-SWAP-USDT 5m  →  +1 candles
2026-09-14 21:36:52 | INFO | [✓] DOGE-SWAP-USDT 5m  →  +1 candles
2026-09-14 21:36:52 | INFO | [✓] ADA-SWAP-USDT 5m  →  +1 candles
2026-09-14 21:36:52 | INFO | [✓] AVAX-SWAP-USDT 5m  →  +1 candles
2026-09-14 21:36:52 | INFO | [✓] DOT-SWAP-USDT 5m  →  +1 candles
2026-09-14 21:36:52 | INFO | [✓] RATSUSDT 5m  →  +1 candles
2026-09-14 21:36:52 | INFO | [✓] LINK-SWAP-USDT 5m  →  +1 candles
2026-09-14 21:36:52 | INFO | [✓] UNI-SWAP-USDT 5m  →  +1 candles
2026-09-14 21:36:52 | INFO | [✓] ATOM-SWAP-USDT 5m  →  +1 candles
2026-09-14 21:36:52 | INFO | [✓] LTC-SWAP-USDT 5m  →  +1 candles
2026-09-14 21:36:52 | INFO | [✓] EDEN-SWAP-USDT 5m  →  +1 candles
2026-09-14 21:36:52 | INFO | [✓] ARB-SWAP-USDT 5m  →  +1 candles
2026-09-14 21:36:52 | INFO | [✓] OP-SWAP-USDT 5m  →  +1 candles
2026-09-14 21:36:52 | INFO | [✓] WLD-SWAP-USDT 5m  →  +1 candles
2026-09-14 21:36:52 | INFO | [✓] SHIBUSDT 5m  →  +1 candles
2026-09-14 21:36:53 | INFO | [✓] ACEUSDT 5m  →  +1 candles
2026-09-14 21:36:53 | INFO | [✓] OPN-SWAP-USDT 5m  →  +1 candles
2026-09-14 21:36:53 | INFO | LOG: Entering run_pipeline_parallel
2026-09-14 21:37:45 | INFO | [✓] BTC-SWAP-USDT -> no signal
2026-09-14 21:37:45 | INFO | [✓] ETH-SWAP-USDT -> no signal
2026-09-14 21:37:45 | INFO | [✓] SOL-SWAP-USDT -> 1 signal(s)
2026-09-14 21:37:45 | INFO | [✓] BNB-SWAP-USDT -> no signal
2026-09-14 21:37:45 | INFO | [✓] XRP-SWAP-USDT -> no signal
2026-09-14 21:37:45 | INFO | [✓] DOGE-SWAP-USDT -> no signal
2026-09-14 21:37:45 | INFO | [✓] ADA-SWAP-USDT -> no signal
2026-09-14 21:37:45 | INFO | [✓] AVAX-SWAP-USDT -> no signal
2026-09-14 21:37:45 | INFO | [✓] DOT-SWAP-USDT -> no signal
2026-09-14 21:37:45 | INFO | [✓] RATSUSDT -> no signal
2026-09-14 21:37:45 | INFO | [✓] LINK-SWAP-USDT -> no signal
2026-09-14 21:37:45 | INFO | [✓] UNI-SWAP-USDT -> no signal
2026-09-14 21:37:45 | INFO | [✓] ATOM-SWAP-USDT -> no signal
2026-09-14 21:37:45 | INFO | [✓] LTC-SWAP-USDT -> no signal
2026-09-14 21:37:45 | INFO | [✓] EDEN-SWAP-USDT -> no signal
2026-09-14 21:37:45 | INFO | [✓] ARB-SWAP-USDT -> no signal
2026-09-14 21:37:45 | INFO | [✓] OP-SWAP-USDT -> no signal
2026-09-14 21:37:45 | INFO | [✓] WLD-SWAP-USDT -> no signal
2026-09-14 21:37:45 | INFO | [✓] SHIBUSDT -> no signal
2026-09-14 21:37:45 | INFO | [✓] ACEUSDT -> no signal
2026-09-14 21:37:45 | INFO | [✓] OPN-SWAP-USDT -> no signal
2026-09-14 21:37:45 | INFO | LOG: run_pipeline_parallel returned 1 signals
2026-09-14 21:37:45 | INFO | LOG: Entering notifier.deliver
2026-09-14 21:37:45 | INFO | [MAIN] 1 signal(s) suppressed as duplicates.
2026-09-14 21:37:45 | INFO | LOG: Entering tracker.evaluate_open_signals
2026-09-14 21:37:45 | INFO | 
2026-09-14 21:37:45 | INFO | ============================================================
2026-09-14 21:37:45 | INFO | 📊 CYCLE METRICS
2026-09-14 21:37:45 | INFO | ============================================================
2026-09-14 21:37:45 | INFO |   Total cycle time : 56001.6 ms
2026-09-14 21:37:45 | INFO |   Fetch            : 0.0 ms (0.0%)
2026-09-14 21:37:45 | INFO |   Cache            : 0.0 ms (0.0%)
2026-09-14 21:37:45 | INFO |   Phase 2 (indicators) : 2499.6 ms
2026-09-14 21:37:45 | INFO |   Phase 3 (structure)  : 3304.9 ms
2026-09-14 21:37:45 | INFO |   Phase 4 (FVG/OB)     : 1726.1 ms
2026-09-14 21:37:45 | INFO |   Phase 5 (patterns)   : 4882.2 ms
2026-09-14 21:37:45 | INFO |   Phase 6 (volume)     : 575.9 ms
2026-09-14 21:37:45 | INFO |   Phase 7 (scoring)    : 2299.3 ms
2026-09-14 21:37:45 | INFO |   Tracker            : 0.0 ms
2026-09-14 21:37:45 | INFO |   API requests       : 0
2026-09-14 21:37:45 | INFO |   Candles downloaded : 21
2026-09-14 21:37:45 | INFO |   Cache hits/misses  : 0/0
2026-09-14 21:37:45 | INFO |   Signals generated  : 0
2026-09-14 21:37:45 | INFO |   Signals rejected   : 0
2026-09-14 21:37:45 | INFO | ============================================================
2026-09-14 21:37:45 | INFO | [MAIN] Cycle done in 55.97s
2026-09-14 21:38:49 | INFO | 
[2026-09-14 21:38:49] Cycle start
2026-09-14 21:38:49 | INFO | [FETCH] due pairs: 21/84
2026-09-14 21:38:52 | INFO | [MAIN] No new data, skipping pipeline...
2026-09-14 21:38:52 | INFO | [MAIN] Cycle done in 2.83s
2026-09-14 21:40:49 | INFO | 
[2026-09-14 21:40:49] Cycle start
2026-09-14 21:40:49 | INFO | [FETCH] due pairs: 42/84
2026-09-14 21:40:52 | INFO | [✓] BTC-SWAP-USDT 5m  →  +1 candles
2026-09-14 21:40:53 | INFO | [✓] ETH-SWAP-USDT 5m  →  +1 candles
2026-09-14 21:40:53 | INFO | [✓] SOL-SWAP-USDT 5m  →  +1 candles
2026-09-14 21:40:53 | INFO | [✓] BNB-SWAP-USDT 5m  →  +1 candles
2026-09-14 21:40:53 | INFO | [✓] XRP-SWAP-USDT 5m  →  +1 candles
2026-09-14 21:40:53 | INFO | [✓] DOGE-SWAP-USDT 5m  →  +1 candles
2026-09-14 21:40:53 | INFO | [✓] ADA-SWAP-USDT 5m  →  +1 candles
2026-09-14 21:40:53 | INFO | [✓] AVAX-SWAP-USDT 5m  →  +1 candles
2026-09-14 21:40:53 | INFO | [✓] DOT-SWAP-USDT 5m  →  +1 candles
2026-09-14 21:40:53 | INFO | [✓] RATSUSDT 5m  →  +1 candles
2026-09-14 21:40:54 | INFO | [✓] LINK-SWAP-USDT 5m  →  +1 candles
2026-09-14 21:40:54 | INFO | [✓] UNI-SWAP-USDT 5m  →  +1 candles
2026-09-14 21:40:54 | INFO | [✓] ATOM-SWAP-USDT 5m  →  +1 candles
2026-09-14 21:40:54 | INFO | [✓] LTC-SWAP-USDT 5m  →  +1 candles
2026-09-14 21:40:54 | INFO | [✓] EDEN-SWAP-USDT 5m  →  +1 candles
2026-09-14 21:40:54 | INFO | [✓] ARB-SWAP-USDT 5m  →  +1 candles
2026-09-14 21:40:54 | INFO | [✓] OP-SWAP-USDT 5m  →  +1 candles
2026-09-14 21:40:54 | INFO | [✓] WLD-SWAP-USDT 5m  →  +1 candles
2026-09-14 21:40:54 | INFO | [✓] SHIBUSDT 5m  →  +1 candles
2026-09-14 21:40:54 | INFO | [✓] ACEUSDT 5m  →  +1 candles
2026-09-14 21:40:55 | INFO | [✓] OPN-SWAP-USDT 5m  →  +1 candles
2026-09-14 21:40:55 | INFO | LOG: Entering run_pipeline_parallel
2026-09-14 21:41:40 | INFO | [✓] BTC-SWAP-USDT -> no signal
2026-09-14 21:41:40 | INFO | [✓] ETH-SWAP-USDT -> no signal
2026-09-14 21:41:40 | INFO | [✓] SOL-SWAP-USDT -> 1 signal(s)
2026-09-14 21:41:40 | INFO | [✓] BNB-SWAP-USDT -> no signal
2026-09-14 21:41:40 | INFO | [✓] XRP-SWAP-USDT -> no signal
2026-09-14 21:41:40 | INFO | [✓] DOGE-SWAP-USDT -> no signal
2026-09-14 21:41:40 | INFO | [✓] ADA-SWAP-USDT -> no signal
2026-09-14 21:41:40 | INFO | [✓] AVAX-SWAP-USDT -> no signal
2026-09-14 21:41:40 | INFO | [✓] DOT-SWAP-USDT -> no signal
2026-09-14 21:41:40 | INFO | [✓] RATSUSDT -> no signal
2026-09-14 21:41:40 | INFO | [✓] LINK-SWAP-USDT -> no signal
2026-09-14 21:41:40 | INFO | [✓] UNI-SWAP-USDT -> no signal
2026-09-14 21:41:40 | INFO | [✓] ATOM-SWAP-USDT -> no signal
2026-09-14 21:41:40 | INFO | [✓] LTC-SWAP-USDT -> no signal
2026-09-14 21:41:40 | INFO | [✓] EDEN-SWAP-USDT -> no signal
2026-09-14 21:41:40 | INFO | [✓] ARB-SWAP-USDT -> no signal
2026-09-14 21:41:40 | INFO | [✓] OP-SWAP-USDT -> no signal
2026-09-14 21:41:40 | INFO | [✓] WLD-SWAP-USDT -> no signal
2026-09-14 21:41:40 | INFO | [✓] SHIBUSDT -> no signal
2026-09-14 21:41:40 | INFO | [✓] ACEUSDT -> no signal
2026-09-14 21:41:40 | INFO | [✓] OPN-SWAP-USDT -> no signal
2026-09-14 21:41:40 | INFO | LOG: run_pipeline_parallel returned 1 signals
2026-09-14 21:41:40 | INFO | LOG: Entering notifier.deliver
2026-09-14 21:41:40 | INFO | [MAIN] 1 signal(s) suppressed as duplicates.
2026-09-14 21:41:40 | INFO | LOG: Entering tracker.evaluate_open_signals
2026-09-14 21:41:40 | ERROR | [MAIN] tracker error: 'exit_reason'
2026-09-14 21:41:40 | INFO | 
2026-09-14 21:41:40 | INFO | ============================================================
2026-09-14 21:41:40 | INFO | 📊 CYCLE METRICS
2026-09-14 21:41:40 | INFO | ============================================================
2026-09-14 21:41:40 | INFO |   Total cycle time : 51305.7 ms
2026-09-14 21:41:40 | INFO |   Fetch            : 0.0 ms (0.0%)
2026-09-14 21:41:40 | INFO |   Cache            : 0.0 ms (0.0%)
2026-09-14 21:41:40 | INFO |   Phase 2 (indicators) : 2628.4 ms
2026-09-14 21:41:40 | INFO |   Phase 3 (structure)  : 2803.5 ms
2026-09-14 21:41:40 | INFO |   Phase 4 (FVG/OB)     : 1427.8 ms
2026-09-14 21:41:40 | INFO |   Phase 5 (patterns)   : 4452.6 ms
2026-09-14 21:41:40 | INFO |   Phase 6 (volume)     : 459.7 ms
2026-09-14 21:41:40 | INFO |   Phase 7 (scoring)    : 2082.5 ms
2026-09-14 21:41:40 | INFO |   Tracker            : 0.0 ms
2026-09-14 21:41:40 | INFO |   API requests       : 0
2026-09-14 21:41:40 | INFO |   Candles downloaded : 21
2026-09-14 21:41:40 | INFO |   Cache hits/misses  : 0/0
2026-09-14 21:41:40 | INFO |   Signals generated  : 0
2026-09-14 21:41:40 | INFO |   Signals rejected   : 0
2026-09-14 21:41:40 | INFO | ============================================================
2026-09-14 21:41:40 | INFO | [MAIN] Cycle done in 51.29s
2026-09-14 21:42:49 | INFO | 
[2026-09-14 21:42:49] Cycle start
2026-09-14 21:42:49 | INFO | [FETCH] due pairs: 21/84
2026-09-14 21:42:53 | INFO | [MAIN] No new data, skipping pipeline...
2026-09-14 21:42:53 | INFO | [MAIN] Cycle done in 4.36s
2026-09-14 21:44:49 | INFO | 
[2026-09-14 21:44:49] Cycle start
2026-09-14 21:44:49 | INFO | [FETCH] due pairs: 21/84
2026-09-14 21:44:52 | INFO | [MAIN] No new data, skipping pipeline...
2026-09-14 21:44:52 | INFO | [MAIN] Cycle done in 3.30s
2026-09-14 21:46:49 | INFO | 
[2026-09-14 21:46:49] Cycle start
2026-09-14 21:46:49 | INFO | [FETCH] due pairs: 21/84
2026-09-14 21:46:51 | INFO | [✓] BTC-SWAP-USDT 5m  →  +1 candles
2026-09-14 21:46:51 | INFO | [✓] ETH-SWAP-USDT 5m  →  +1 candles
2026-09-14 21:46:51 | INFO | [✓] SOL-SWAP-USDT 5m  →  +1 candles
2026-09-14 21:46:51 | INFO | [✓] BNB-SWAP-USDT 5m  →  +1 candles
2026-09-14 21:46:51 | INFO | [✓] XRP-SWAP-USDT 5m  →  +1 candles
2026-09-14 21:46:51 | INFO | [✓] DOGE-SWAP-USDT 5m  →  +1 candles
2026-09-14 21:46:51 | INFO | [✓] ADA-SWAP-USDT 5m  →  +1 candles
2026-09-14 21:46:52 | INFO | [✓] AVAX-SWAP-USDT 5m  →  +1 candles
2026-09-14 21:46:52 | INFO | [✓] DOT-SWAP-USDT 5m  →  +1 candles
2026-09-14 21:46:52 | INFO | [✓] RATSUSDT 5m  →  +1 candles
2026-09-14 21:46:52 | INFO | [✓] LINK-SWAP-USDT 5m  →  +1 candles
2026-09-14 21:46:52 | INFO | [✓] UNI-SWAP-USDT 5m  →  +1 candles
2026-09-14 21:46:52 | INFO | [✓] ATOM-SWAP-USDT 5m  →  +1 candles
2026-09-14 21:46:52 | INFO | [✓] LTC-SWAP-USDT 5m  →  +1 candles
2026-09-14 21:46:52 | INFO | [✓] EDEN-SWAP-USDT 5m  →  +1 candles
2026-09-14 21:46:52 | INFO | [✓] ARB-SWAP-USDT 5m  →  +1 candles
2026-09-14 21:46:52 | INFO | [✓] OP-SWAP-USDT 5m  →  +1 candles
2026-09-14 21:46:52 | INFO | [✓] WLD-SWAP-USDT 5m  →  +1 candles
2026-09-14 21:46:52 | INFO | [✓] SHIBUSDT 5m  →  +1 candles
2026-09-14 21:46:52 | INFO | [✓] ACEUSDT 5m  →  +1 candles
2026-09-14 21:46:52 | INFO | [✓] OPN-SWAP-USDT 5m  →  +1 candles
2026-09-14 21:46:52 | INFO | LOG: Entering run_pipeline_parallel
2026-09-14 21:47:37 | INFO | [✓] BTC-SWAP-USDT -> no signal
2026-09-14 21:47:37 | INFO | [✓] ETH-SWAP-USDT -> no signal
2026-09-14 21:47:37 | INFO | [✓] SOL-SWAP-USDT -> no signal
2026-09-14 21:47:37 | INFO | [✓] BNB-SWAP-USDT -> no signal
2026-09-14 21:47:37 | INFO | [✓] XRP-SWAP-USDT -> no signal
2026-09-14 21:47:37 | INFO | [✓] DOGE-SWAP-USDT -> no signal
2026-09-14 21:47:37 | INFO | [✓] ADA-SWAP-USDT -> no signal
2026-09-14 21:47:37 | INFO | [✓] AVAX-SWAP-USDT -> no signal
2026-09-14 21:47:37 | INFO | [✓] DOT-SWAP-USDT -> no signal
2026-09-14 21:47:37 | INFO | [✓] RATSUSDT -> no signal
2026-09-14 21:47:37 | INFO | [✓] LINK-SWAP-USDT -> no signal
2026-09-14 21:47:37 | INFO | [✓] UNI-SWAP-USDT -> no signal
2026-09-14 21:47:37 | INFO | [✓] ATOM-SWAP-USDT -> no signal
2026-09-14 21:47:37 | INFO | [✓] LTC-SWAP-USDT -> no signal
2026-09-14 21:47:37 | INFO | [✓] EDEN-SWAP-USDT -> no signal
2026-09-14 21:47:37 | INFO | [✓] ARB-SWAP-USDT -> no signal
2026-09-14 21:47:37 | INFO | [✓] OP-SWAP-USDT -> no signal
2026-09-14 21:47:37 | INFO | [✓] WLD-SWAP-USDT -> no signal
2026-09-14 21:47:37 | INFO | [✓] SHIBUSDT -> no signal
2026-09-14 21:47:37 | INFO | [✓] ACEUSDT -> no signal
2026-09-14 21:47:37 | INFO | [✓] OPN-SWAP-USDT -> no signal
2026-09-14 21:47:37 | INFO | LOG: run_pipeline_parallel returned 0 signals
2026-09-14 21:47:37 | INFO | LOG: Entering notifier.deliver
2026-09-14 21:47:37 | INFO | [MAIN] No active signal.
2026-09-14 21:47:37 | INFO | LOG: Entering tracker.evaluate_open_signals
2026-09-14 21:47:37 | ERROR | [MAIN] tracker error: 'exit_reason'
2026-09-14 21:47:37 | INFO | 
2026-09-14 21:47:37 | INFO | ============================================================
2026-09-14 21:47:37 | INFO | 📊 CYCLE METRICS
2026-09-14 21:47:37 | INFO | ============================================================
2026-09-14 21:47:37 | INFO |   Total cycle time : 48010.8 ms
2026-09-14 21:47:37 | INFO |   Fetch            : 0.0 ms (0.0%)
2026-09-14 21:47:37 | INFO |   Cache            : 0.0 ms (0.0%)
2026-09-14 21:47:37 | INFO |   Phase 2 (indicators) : 1995.6 ms
2026-09-14 21:47:37 | INFO |   Phase 3 (structure)  : 3214.2 ms
2026-09-14 21:47:37 | INFO |   Phase 4 (FVG/OB)     : 1128.8 ms
2026-09-14 21:47:37 | INFO |   Phase 5 (patterns)   : 3559.7 ms
2026-09-14 21:47:37 | INFO |   Phase 6 (volume)     : 437.3 ms
2026-09-14 21:47:37 | INFO |   Phase 7 (scoring)    : 1827.7 ms
2026-09-14 21:47:37 | INFO |   Tracker            : 0.0 ms
2026-09-14 21:47:37 | INFO |   API requests       : 0
2026-09-14 21:47:37 | INFO |   Candles downloaded : 21
2026-09-14 21:47:37 | INFO |   Cache hits/misses  : 0/0
2026-09-14 21:47:37 | INFO |   Signals generated  : 0
2026-09-14 21:47:37 | INFO |   Signals rejected   : 0
2026-09-14 21:47:37 | INFO | ============================================================
2026-09-14 21:47:37 | INFO | [MAIN] Cycle done in 48.00s
2026-09-14 21:48:49 | INFO | 
[2026-09-14 21:48:49] Cycle start
2026-09-14 21:48:49 | INFO | [FETCH] due pairs: 42/84
2026-09-14 21:48:51 | INFO | [✓] BTC-SWAP-USDT 15m  →  +1 candles
2026-09-14 21:48:51 | INFO | [✓] ETH-SWAP-USDT 15m  →  +1 candles
2026-09-14 21:48:52 | INFO | [✓] SOL-SWAP-USDT 15m  →  +1 candles
2026-09-14 21:48:52 | INFO | [✓] BNB-SWAP-USDT 15m  →  +1 candles
2026-09-14 21:48:52 | INFO | [✓] XRP-SWAP-USDT 15m  →  +1 candles
2026-09-14 21:48:52 | INFO | [✓] DOGE-SWAP-USDT 15m  →  +1 candles
2026-09-14 21:48:52 | INFO | [✓] ADA-SWAP-USDT 15m  →  +1 candles
2026-09-14 21:48:52 | INFO | [✓] AVAX-SWAP-USDT 15m  →  +1 candles
2026-09-14 21:48:52 | INFO | [✓] DOT-SWAP-USDT 15m  →  +1 candles
2026-09-14 21:48:52 | INFO | [✓] RATSUSDT 15m  →  +1 candles
2026-09-14 21:48:52 | INFO | [✓] LINK-SWAP-USDT 15m  →  +1 candles
2026-09-14 21:48:53 | INFO | [✓] UNI-SWAP-USDT 15m  →  +1 candles
2026-09-14 21:48:53 | INFO | [✓] ATOM-SWAP-USDT 15m  →  +1 candles
2026-09-14 21:48:53 | INFO | [✓] LTC-SWAP-USDT 15m  →  +1 candles
2026-09-14 21:48:53 | INFO | [✓] EDEN-SWAP-USDT 15m  →  +1 candles
2026-09-14 21:48:53 | INFO | [✓] ARB-SWAP-USDT 15m  →  +1 candles
2026-09-14 21:48:53 | INFO | [✓] OP-SWAP-USDT 15m  →  +1 candles
2026-09-14 21:48:53 | INFO | [✓] WLD-SWAP-USDT 15m  →  +1 candles
2026-09-14 21:48:53 | INFO | [✓] SHIBUSDT 15m  →  +1 candles
2026-09-14 21:48:53 | INFO | [✓] ACEUSDT 15m  →  +1 candles
2026-09-14 21:48:54 | INFO | [✓] OPN-SWAP-USDT 15m  →  +1 candles
2026-09-14 21:48:54 | INFO | LOG: Entering run_pipeline_parallel
2026-09-14 21:49:41 | INFO | [✓] BTC-SWAP-USDT -> no signal
2026-09-14 21:49:41 | INFO | [✓] ETH-SWAP-USDT -> no signal
2026-09-14 21:49:41 | INFO | [✓] SOL-SWAP-USDT -> 1 signal(s)
2026-09-14 21:49:41 | INFO | [✓] BNB-SWAP-USDT -> no signal
2026-09-14 21:49:41 | INFO | [✓] XRP-SWAP-USDT -> no signal
2026-09-14 21:49:41 | INFO | [✓] DOGE-SWAP-USDT -> no signal
2026-09-14 21:49:41 | INFO | [✓] ADA-SWAP-USDT -> no signal
2026-09-14 21:49:41 | INFO | [✓] AVAX-SWAP-USDT -> no signal
2026-09-14 21:49:41 | INFO | [✓] DOT-SWAP-USDT -> no signal
2026-09-14 21:49:41 | INFO | [✓] RATSUSDT -> no signal
2026-09-14 21:49:41 | INFO | [✓] LINK-SWAP-USDT -> no signal
2026-09-14 21:49:41 | INFO | [✓] UNI-SWAP-USDT -> no signal
2026-09-14 21:49:41 | INFO | [✓] ATOM-SWAP-USDT -> no signal
2026-09-14 21:49:41 | INFO | [✓] LTC-SWAP-USDT -> no signal
2026-09-14 21:49:41 | INFO | [✓] EDEN-SWAP-USDT -> no signal
2026-09-14 21:49:41 | INFO | [✓] ARB-SWAP-USDT -> no signal
2026-09-14 21:49:41 | INFO | [✓] OP-SWAP-USDT -> no signal
2026-09-14 21:49:41 | INFO | [✓] WLD-SWAP-USDT -> no signal
2026-09-14 21:49:41 | INFO | [✓] SHIBUSDT -> no signal
2026-09-14 21:49:41 | INFO | [✓] ACEUSDT -> no signal
2026-09-14 21:49:41 | INFO | [✓] OPN-SWAP-USDT -> no signal
2026-09-14 21:49:41 | INFO | LOG: run_pipeline_parallel returned 1 signals
2026-09-14 21:49:41 | INFO | LOG: Entering notifier.deliver
2026-09-14 21:49:41 | INFO | [MAIN] 1 signal(s) suppressed as duplicates.
2026-09-14 21:49:41 | INFO | LOG: Entering tracker.evaluate_open_signals
2026-09-14 21:49:41 | ERROR | [MAIN] tracker error: 'exit_reason'
2026-09-14 21:49:41 | INFO | 
2026-09-14 21:49:41 | INFO | ============================================================
2026-09-14 21:49:41 | INFO | 📊 CYCLE METRICS
2026-09-14 21:49:41 | INFO | ============================================================
2026-09-14 21:49:41 | INFO |   Total cycle time : 51957.1 ms
2026-09-14 21:49:41 | INFO |   Fetch            : 0.0 ms (0.0%)
2026-09-14 21:49:41 | INFO |   Cache            : 0.0 ms (0.0%)
2026-09-14 21:49:41 | INFO |   Phase 2 (indicators) : 1900.7 ms
2026-09-14 21:49:41 | INFO |   Phase 3 (structure)  : 2901.7 ms
2026-09-14 21:49:41 | INFO |   Phase 4 (FVG/OB)     : 1138.3 ms
2026-09-14 21:49:41 | INFO |   Phase 5 (patterns)   : 3940.7 ms
2026-09-14 21:49:41 | INFO |   Phase 6 (volume)     : 445.1 ms
2026-09-14 21:49:41 | INFO |   Phase 7 (scoring)    : 1889.5 ms
2026-09-14 21:49:41 | INFO |   Tracker            : 0.0 ms
2026-09-14 21:49:41 | INFO |   API requests       : 0
2026-09-14 21:49:41 | INFO |   Candles downloaded : 21
2026-09-14 21:49:41 | INFO |   Cache hits/misses  : 0/0
2026-09-14 21:49:41 | INFO |   Signals generated  : 0
2026-09-14 21:49:41 | INFO |   Signals rejected   : 0
2026-09-14 21:49:41 | INFO | ============================================================
2026-09-14 21:49:41 | INFO | [MAIN] Cycle done in 51.95s
2026-09-14 21:50:49 | INFO | 
[2026-09-14 21:50:49] Cycle start
2026-09-14 21:50:49 | INFO | [FETCH] due pairs: 21/84
2026-09-14 21:50:51 | INFO | [✓] BTC-SWAP-USDT 5m  →  +1 candles
2026-09-14 21:50:51 | INFO | [✓] ETH-SWAP-USDT 5m  →  +1 candles
2026-09-14 21:50:51 | INFO | [✓] SOL-SWAP-USDT 5m  →  +1 candles
2026-09-14 21:50:51 | INFO | [✓] BNB-SWAP-USDT 5m  →  +1 candles
2026-09-14 21:50:51 | INFO | [✓] XRP-SWAP-USDT 5m  →  +1 candles
2026-09-14 21:50:51 | INFO | [✓] DOGE-SWAP-USDT 5m  →  +1 candles
2026-09-14 21:50:51 | INFO | [✓] ADA-SWAP-USDT 5m  →  +1 candles
2026-09-14 21:50:51 | INFO | [✓] AVAX-SWAP-USDT 5m  →  +1 candles
2026-09-14 21:50:51 | INFO | [✓] DOT-SWAP-USDT 5m  →  +1 candles
2026-09-14 21:50:52 | INFO | [✓] RATSUSDT 5m  →  +1 candles
2026-09-14 21:50:52 | INFO | [✓] LINK-SWAP-USDT 5m  →  +1 candles
2026-09-14 21:50:52 | INFO | [✓] UNI-SWAP-USDT 5m  →  +1 candles
2026-09-14 21:50:52 | INFO | [✓] ATOM-SWAP-USDT 5m  →  +1 candles
2026-09-14 21:50:52 | INFO | [✓] LTC-SWAP-USDT 5m  →  +1 candles
2026-09-14 21:50:52 | INFO | [✓] EDEN-SWAP-USDT 5m  →  +1 candles
2026-09-14 21:50:52 | INFO | [✓] ARB-SWAP-USDT 5m  →  +1 candles
2026-09-14 21:50:52 | INFO | [✓] OP-SWAP-USDT 5m  →  +1 candles
2026-09-14 21:50:52 | INFO | [✓] WLD-SWAP-USDT 5m  →  +1 candles
2026-09-14 21:50:52 | INFO | [✓] SHIBUSDT 5m  →  +1 candles
2026-09-14 21:50:52 | INFO | [✓] ACEUSDT 5m  →  +1 candles
2026-09-14 21:50:52 | INFO | [✓] OPN-SWAP-USDT 5m  →  +1 candles
2026-09-14 21:50:52 | INFO | LOG: Entering run_pipeline_parallel
2026-09-14 21:51:37 | INFO | [✓] BTC-SWAP-USDT -> no signal
2026-09-14 21:51:37 | INFO | [✓] ETH-SWAP-USDT -> no signal
2026-09-14 21:51:37 | INFO | [✓] SOL-SWAP-USDT -> no signal
2026-09-14 21:51:37 | INFO | [✓] BNB-SWAP-USDT -> no signal
2026-09-14 21:51:37 | INFO | [✓] XRP-SWAP-USDT -> no signal
2026-09-14 21:51:37 | INFO | [✓] DOGE-SWAP-USDT -> no signal
2026-09-14 21:51:37 | INFO | [✓] ADA-SWAP-USDT -> no signal
2026-09-14 21:51:37 | INFO | [✓] AVAX-SWAP-USDT -> no signal
2026-09-14 21:51:37 | INFO | [✓] DOT-SWAP-USDT -> no signal
2026-09-14 21:51:37 | INFO | [✓] RATSUSDT -> no signal
2026-09-14 21:51:37 | INFO | [✓] LINK-SWAP-USDT -> no signal
2026-09-14 21:51:37 | INFO | [✓] UNI-SWAP-USDT -> no signal
2026-09-14 21:51:37 | INFO | [✓] ATOM-SWAP-USDT -> no signal
2026-09-14 21:51:37 | INFO | [✓] LTC-SWAP-USDT -> no signal
2026-09-14 21:51:37 | INFO | [✓] EDEN-SWAP-USDT -> no signal
2026-09-14 21:51:37 | INFO | [✓] ARB-SWAP-USDT -> no signal
2026-09-14 21:51:37 | INFO | [✓] OP-SWAP-USDT -> no signal
2026-09-14 21:51:37 | INFO | [✓] WLD-SWAP-USDT -> no signal
2026-09-14 21:51:37 | INFO | [✓] SHIBUSDT -> no signal
2026-09-14 21:51:37 | INFO | [✓] ACEUSDT -> no signal
2026-09-14 21:51:37 | INFO | [✓] OPN-SWAP-USDT -> no signal
2026-09-14 21:51:37 | INFO | LOG: run_pipeline_parallel returned 0 signals
2026-09-14 21:51:37 | INFO | LOG: Entering notifier.deliver
2026-09-14 21:51:37 | INFO | [MAIN] No active signal.
2026-09-14 21:51:37 | INFO | LOG: Entering tracker.evaluate_open_signals
2026-09-14 21:51:37 | ERROR | [MAIN] tracker error: 'exit_reason'
2026-09-14 21:51:37 | INFO | 
2026-09-14 21:51:37 | INFO | ============================================================
2026-09-14 21:51:37 | INFO | 📊 CYCLE METRICS
2026-09-14 21:51:37 | INFO | ============================================================
2026-09-14 21:51:37 | INFO |   Total cycle time : 48044.1 ms
2026-09-14 21:51:37 | INFO |   Fetch            : 0.0 ms (0.0%)
2026-09-14 21:51:37 | INFO |   Cache            : 0.0 ms (0.0%)
2026-09-14 21:51:37 | INFO |   Phase 2 (indicators) : 2399.3 ms
2026-09-14 21:51:37 | INFO |   Phase 3 (structure)  : 3443.2 ms
2026-09-14 21:51:37 | INFO |   Phase 4 (FVG/OB)     : 1171.0 ms
2026-09-14 21:51:37 | INFO |   Phase 5 (patterns)   : 3624.2 ms
2026-09-14 21:51:37 | INFO |   Phase 6 (volume)     : 433.1 ms
2026-09-14 21:51:37 | INFO |   Phase 7 (scoring)    : 1924.3 ms
2026-09-14 21:51:37 | INFO |   Tracker            : 0.0 ms
2026-09-14 21:51:37 | INFO |   API requests       : 0
2026-09-14 21:51:37 | INFO |   Candles downloaded : 21
2026-09-14 21:51:37 | INFO |   Cache hits/misses  : 0/0
2026-09-14 21:51:37 | INFO |   Signals generated  : 0
2026-09-14 21:51:37 | INFO |   Signals rejected   : 0
2026-09-14 21:51:37 | INFO | ============================================================
2026-09-14 21:51:37 | INFO | [MAIN] Cycle done in 48.02s
2026-09-14 21:52:49 | INFO | 
[2026-09-14 21:52:49] Cycle start
2026-09-14 21:52:49 | INFO | [FETCH] due pairs: 21/84
2026-09-14 21:53:05 | INFO | [MAIN] No new data, skipping pipeline...
2026-09-14 21:53:05 | INFO | [MAIN] Cycle done in 15.73s
2026-09-14 21:54:49 | INFO | 
[2026-09-14 21:54:49] Cycle start
2026-09-14 21:54:49 | INFO | [FETCH] due pairs: 21/84
2026-09-14 21:54:52 | INFO | [MAIN] No new data, skipping pipeline...
2026-09-14 21:54:52 | INFO | [MAIN] Cycle done in 3.34s
2026-09-14 21:56:49 | INFO | 
[2026-09-14 21:56:49] Cycle start
2026-09-14 21:56:49 | INFO | [FETCH] due pairs: 63/84
2026-09-14 21:56:53 | INFO | [✓] BTC-SWAP-USDT 5m  →  +1 candles
2026-09-14 21:56:53 | INFO | [✓] ETH-SWAP-USDT 5m  →  +1 candles
2026-09-14 21:56:53 | INFO | [✓] SOL-SWAP-USDT 5m  →  +1 candles
2026-09-14 21:56:53 | INFO | [✓] BNB-SWAP-USDT 5m  →  +1 candles
2026-09-14 21:56:53 | INFO | [✓] XRP-SWAP-USDT 5m  →  +1 candles
2026-09-14 21:56:53 | INFO | [✓] DOGE-SWAP-USDT 5m  →  +1 candles
2026-09-14 21:56:54 | INFO | [✓] ADA-SWAP-USDT 5m  →  +1 candles
2026-09-14 21:56:54 | INFO | [✓] AVAX-SWAP-USDT 5m  →  +1 candles
2026-09-14 21:56:54 | INFO | [✓] DOT-SWAP-USDT 5m  →  +1 candles
2026-09-14 21:56:54 | INFO | [✓] RATSUSDT 5m  →  +1 candles
2026-09-14 21:56:54 | INFO | [✓] LINK-SWAP-USDT 5m  →  +1 candles
2026-09-14 21:56:54 | INFO | [✓] UNI-SWAP-USDT 5m  →  +1 candles
2026-09-14 21:56:55 | INFO | [✓] ATOM-SWAP-USDT 5m  →  +1 candles
2026-09-14 21:56:55 | INFO | [✓] LTC-SWAP-USDT 5m  →  +1 candles
2026-09-14 21:56:55 | INFO | [✓] EDEN-SWAP-USDT 5m  →  +1 candles
2026-09-14 21:56:55 | INFO | [✓] ARB-SWAP-USDT 5m  →  +1 candles
2026-09-14 21:56:55 | INFO | [✓] OP-SWAP-USDT 5m  →  +1 candles
2026-09-14 21:56:55 | INFO | [✓] WLD-SWAP-USDT 5m  →  +1 candles
2026-09-14 21:56:56 | INFO | [✓] SHIBUSDT 5m  →  +1 candles
2026-09-14 21:56:56 | INFO | [✓] ACEUSDT 5m  →  +1 candles
2026-09-14 21:56:56 | INFO | [✓] OPN-SWAP-USDT 5m  →  +1 candles
2026-09-14 21:56:56 | INFO | LOG: Entering run_pipeline_parallel
2026-09-14 21:57:46 | INFO | [✓] BTC-SWAP-USDT -> no signal
2026-09-14 21:57:46 | INFO | [✓] ETH-SWAP-USDT -> no signal
2026-09-14 21:57:46 | INFO | [✓] SOL-SWAP-USDT -> no signal
2026-09-14 21:57:46 | INFO | [✓] BNB-SWAP-USDT -> no signal
2026-09-14 21:57:46 | INFO | [✓] XRP-SWAP-USDT -> no signal
2026-09-14 21:57:46 | INFO | [✓] DOGE-SWAP-USDT -> no signal
2026-09-14 21:57:46 | INFO | [✓] ADA-SWAP-USDT -> no signal
2026-09-14 21:57:46 | INFO | [✓] AVAX-SWAP-USDT -> no signal
2026-09-14 21:57:46 | INFO | [✓] DOT-SWAP-USDT -> no signal
2026-09-14 21:57:46 | INFO | [✓] RATSUSDT -> no signal
2026-09-14 21:57:46 | INFO | [✓] LINK-SWAP-USDT -> no signal
2026-09-14 21:57:46 | INFO | [✓] UNI-SWAP-USDT -> no signal
2026-09-14 21:57:46 | INFO | [✓] ATOM-SWAP-USDT -> no signal
2026-09-14 21:57:46 | INFO | [✓] LTC-SWAP-USDT -> no signal
2026-09-14 21:57:46 | INFO | [✓] EDEN-SWAP-USDT -> no signal
2026-09-14 21:57:46 | INFO | [✓] ARB-SWAP-USDT -> no signal
2026-09-14 21:57:46 | INFO | [✓] OP-SWAP-USDT -> no signal
2026-09-14 21:57:46 | INFO | [✓] WLD-SWAP-USDT -> no signal
2026-09-14 21:57:46 | INFO | [✓] SHIBUSDT -> no signal
2026-09-14 21:57:46 | INFO | [✓] ACEUSDT -> no signal
2026-09-14 21:57:46 | INFO | [✓] OPN-SWAP-USDT -> no signal
2026-09-14 21:57:46 | INFO | LOG: run_pipeline_parallel returned 0 signals
2026-09-14 21:57:46 | INFO | LOG: Entering notifier.deliver
2026-09-14 21:57:46 | INFO | [MAIN] No active signal.
2026-09-14 21:57:46 | INFO | LOG: Entering tracker.evaluate_open_signals
2026-09-14 21:57:46 | ERROR | [MAIN] tracker error: 'exit_reason'
2026-09-14 21:57:46 | INFO | 
2026-09-14 21:57:46 | INFO | ============================================================
2026-09-14 21:57:46 | INFO | 📊 CYCLE METRICS
2026-09-14 21:57:46 | INFO | ============================================================
2026-09-14 21:57:46 | INFO |   Total cycle time : 56687.8 ms
2026-09-14 21:57:46 | INFO |   Fetch            : 0.0 ms (0.0%)
2026-09-14 21:57:46 | INFO |   Cache            : 0.0 ms (0.0%)
2026-09-14 21:57:46 | INFO |   Phase 2 (indicators) : 2549.9 ms
2026-09-14 21:57:46 | INFO |   Phase 3 (structure)  : 2884.5 ms
2026-09-14 21:57:46 | INFO |   Phase 4 (FVG/OB)     : 1225.8 ms
2026-09-14 21:57:46 | INFO |   Phase 5 (patterns)   : 4542.1 ms
2026-09-14 21:57:46 | INFO |   Phase 6 (volume)     : 510.8 ms
2026-09-14 21:57:46 | INFO |   Phase 7 (scoring)    : 2179.8 ms
2026-09-14 21:57:46 | INFO |   Tracker            : 0.0 ms
2026-09-14 21:57:46 | INFO |   API requests       : 0
2026-09-14 21:57:46 | INFO |   Candles downloaded : 21
2026-09-14 21:57:46 | INFO |   Cache hits/misses  : 0/0
2026-09-14 21:57:46 | INFO |   Signals generated  : 0
2026-09-14 21:57:46 | INFO |   Signals rejected   : 0
2026-09-14 21:57:46 | INFO | ============================================================
2026-09-14 21:57:46 | INFO | [MAIN] Cycle done in 56.68s
2026-09-14 21:58:49 | INFO | 
[2026-09-14 21:58:49] Cycle start
2026-09-14 21:58:50 | INFO | [FETCH] due pairs: 21/84
2026-09-14 21:58:53 | INFO | [MAIN] No new data, skipping pipeline...
2026-09-14 21:58:53 | INFO | [MAIN] Cycle done in 3.54s
2026-09-14 22:00:49 | INFO | 
[2026-09-14 22:00:49] Cycle start
2026-09-14 22:00:49 | INFO | [FETCH] due pairs: 21/84
2026-09-14 22:00:51 | INFO | [✓] BTC-SWAP-USDT 5m  →  +1 candles
2026-09-14 22:00:51 | INFO | [✓] ETH-SWAP-USDT 5m  →  +1 candles
2026-09-14 22:00:51 | INFO | [✓] SOL-SWAP-USDT 5m  →  +1 candles
2026-09-14 22:00:52 | INFO | [✓] BNB-SWAP-USDT 5m  →  +1 candles
2026-09-14 22:00:52 | INFO | [✓] XRP-SWAP-USDT 5m  →  +1 candles
2026-09-14 22:00:52 | INFO | [✓] DOGE-SWAP-USDT 5m  →  +1 candles
2026-09-14 22:00:52 | INFO | [✓] ADA-SWAP-USDT 5m  →  +1 candles
2026-09-14 22:00:52 | INFO | [✓] AVAX-SWAP-USDT 5m  →  +1 candles
2026-09-14 22:00:52 | INFO | [✓] DOT-SWAP-USDT 5m  →  +1 candles
2026-09-14 22:00:52 | INFO | [✓] RATSUSDT 5m  →  +1 candles
2026-09-14 22:00:52 | INFO | [✓] LINK-SWAP-USDT 5m  →  +1 candles
2026-09-14 22:00:52 | INFO | [✓] UNI-SWAP-USDT 5m  →  +1 candles
2026-09-14 22:00:52 | INFO | [✓] ATOM-SWAP-USDT 5m  →  +1 candles
2026-09-14 22:00:52 | INFO | [✓] LTC-SWAP-USDT 5m  →  +1 candles
2026-09-14 22:00:52 | INFO | [✓] EDEN-SWAP-USDT 5m  →  +1 candles
2026-09-14 22:00:52 | INFO | [✓] ARB-SWAP-USDT 5m  →  +1 candles
2026-09-14 22:00:52 | INFO | [✓] OP-SWAP-USDT 5m  →  +1 candles
2026-09-14 22:00:52 | INFO | [✓] WLD-SWAP-USDT 5m  →  +1 candles
2026-09-14 22:00:52 | INFO | [✓] SHIBUSDT 5m  →  +1 candles
2026-09-14 22:00:52 | INFO | [✓] ACEUSDT 5m  →  +1 candles
2026-09-14 22:00:53 | INFO | [✓] OPN-SWAP-USDT 5m  →  +1 candles
2026-09-14 22:00:53 | INFO | LOG: Entering run_pipeline_parallel
2026-09-14 22:01:39 | INFO | [✓] BTC-SWAP-USDT -> no signal
2026-09-14 22:01:39 | INFO | [✓] ETH-SWAP-USDT -> no signal
2026-09-14 22:01:39 | INFO | [✓] SOL-SWAP-USDT -> no signal
2026-09-14 22:01:39 | INFO | [✓] BNB-SWAP-USDT -> no signal
2026-09-14 22:01:39 | INFO | [✓] XRP-SWAP-USDT -> no signal
2026-09-14 22:01:39 | INFO | [✓] DOGE-SWAP-USDT -> no signal
2026-09-14 22:01:39 | INFO | [✓] ADA-SWAP-USDT -> no signal
2026-09-14 22:01:39 | INFO | [✓] AVAX-SWAP-USDT -> no signal
2026-09-14 22:01:39 | INFO | [✓] DOT-SWAP-USDT -> no signal
2026-09-14 22:01:39 | INFO | [✓] RATSUSDT -> no signal
2026-09-14 22:01:39 | INFO | [✓] LINK-SWAP-USDT -> no signal
2026-09-14 22:01:39 | INFO | [✓] UNI-SWAP-USDT -> no signal
2026-09-14 22:01:39 | INFO | [✓] ATOM-SWAP-USDT -> no signal
2026-09-14 22:01:39 | INFO | [✓] LTC-SWAP-USDT -> no signal
2026-09-14 22:01:39 | INFO | [✓] EDEN-SWAP-USDT -> no signal
2026-09-14 22:01:39 | INFO | [✓] ARB-SWAP-USDT -> no signal
2026-09-14 22:01:39 | INFO | [✓] OP-SWAP-USDT -> no signal
2026-09-14 22:01:39 | INFO | [✓] WLD-SWAP-USDT -> no signal
2026-09-14 22:01:39 | INFO | [✓] SHIBUSDT -> no signal
2026-09-14 22:01:39 | INFO | [✓] ACEUSDT -> no signal
2026-09-14 22:01:39 | INFO | [✓] OPN-SWAP-USDT -> no signal
2026-09-14 22:01:39 | INFO | LOG: run_pipeline_parallel returned 0 signals
2026-09-14 22:01:39 | INFO | LOG: Entering notifier.deliver
2026-09-14 22:01:39 | INFO | [MAIN] No active signal.
2026-09-14 22:01:39 | INFO | LOG: Entering tracker.evaluate_open_signals
2026-09-14 22:01:39 | ERROR | [MAIN] tracker error: 'exit_reason'
2026-09-14 22:01:39 | INFO | 
2026-09-14 22:01:39 | INFO | ============================================================
2026-09-14 22:01:39 | INFO | 📊 CYCLE METRICS
2026-09-14 22:01:39 | INFO | ============================================================
2026-09-14 22:01:39 | INFO |   Total cycle time : 49692.7 ms
2026-09-14 22:01:39 | INFO |   Fetch            : 0.0 ms (0.0%)
2026-09-14 22:01:39 | INFO |   Cache            : 0.0 ms (0.0%)
2026-09-14 22:01:39 | INFO |   Phase 2 (indicators) : 2003.6 ms
2026-09-14 22:01:39 | INFO |   Phase 3 (structure)  : 3025.9 ms
2026-09-14 22:01:39 | INFO |   Phase 4 (FVG/OB)     : 1142.5 ms
2026-09-14 22:01:39 | INFO |   Phase 5 (patterns)   : 4155.8 ms
2026-09-14 22:01:39 | INFO |   Phase 6 (volume)     : 406.2 ms
2026-09-14 22:01:39 | INFO |   Phase 7 (scoring)    : 1835.2 ms
2026-09-14 22:01:39 | INFO |   Tracker            : 0.0 ms
2026-09-14 22:01:39 | INFO |   API requests       : 0
2026-09-14 22:01:39 | INFO |   Candles downloaded : 21
2026-09-14 22:01:39 | INFO |   Cache hits/misses  : 0/0
2026-09-14 22:01:39 | INFO |   Signals generated  : 0
2026-09-14 22:01:39 | INFO |   Signals rejected   : 0
2026-09-14 22:01:39 | INFO | ============================================================
2026-09-14 22:01:39 | INFO | [MAIN] Cycle done in 49.68s
2026-09-14 22:02:49 | INFO | 
[2026-09-14 22:02:49] Cycle start
2026-09-14 22:02:49 | INFO | [FETCH] due pairs: 21/84
2026-09-14 22:02:52 | INFO | [MAIN] No new data, skipping pipeline...
2026-09-14 22:02:52 | INFO | [MAIN] Cycle done in 2.99s
2026-09-14 22:04:49 | INFO | 
[2026-09-14 22:04:49] Cycle start
2026-09-14 22:04:49 | INFO | [FETCH] due pairs: 42/84
2026-09-14 22:04:52 | INFO | [✓] BTC-SWAP-USDT 15m  →  +1 candles
2026-09-14 22:04:52 | INFO | [✓] ETH-SWAP-USDT 15m  →  +1 candles
2026-09-14 22:04:52 | INFO | [✓] SOL-SWAP-USDT 15m  →  +1 candles
2026-09-14 22:04:52 | INFO | [✓] BNB-SWAP-USDT 15m  →  +1 candles
2026-09-14 22:04:52 | INFO | [✓] XRP-SWAP-USDT 15m  →  +1 candles
2026-09-14 22:04:52 | INFO | [✓] DOGE-SWAP-USDT 15m  →  +1 candles
2026-09-14 22:04:53 | INFO | [✓] ADA-SWAP-USDT 15m  →  +1 candles
2026-09-14 22:04:53 | INFO | [✓] AVAX-SWAP-USDT 15m  →  +1 candles
2026-09-14 22:04:53 | INFO | [✓] DOT-SWAP-USDT 15m  →  +1 candles
2026-09-14 22:04:53 | INFO | [✓] RATSUSDT 15m  →  +1 candles
2026-09-14 22:04:53 | INFO | [✓] LINK-SWAP-USDT 15m  →  +1 candles
2026-09-14 22:04:53 | INFO | [✓] UNI-SWAP-USDT 15m  →  +1 candles
2026-09-14 22:04:53 | INFO | [✓] ATOM-SWAP-USDT 15m  →  +1 candles
2026-09-14 22:04:53 | INFO | [✓] LTC-SWAP-USDT 15m  →  +1 candles
2026-09-14 22:04:53 | INFO | [✓] EDEN-SWAP-USDT 15m  →  +1 candles
2026-09-14 22:04:54 | INFO | [✓] ARB-SWAP-USDT 15m  →  +1 candles
2026-09-14 22:04:54 | INFO | [✓] OP-SWAP-USDT 15m  →  +1 candles
2026-09-14 22:04:54 | INFO | [✓] WLD-SWAP-USDT 15m  →  +1 candles
2026-09-14 22:04:54 | INFO | [✓] SHIBUSDT 15m  →  +1 candles
2026-09-14 22:04:54 | INFO | [✓] ACEUSDT 15m  →  +1 candles
2026-09-14 22:04:54 | INFO | [✓] OPN-SWAP-USDT 15m  →  +1 candles
2026-09-14 22:04:54 | INFO | LOG: Entering run_pipeline_parallel
2026-09-14 22:05:42 | INFO | [✓] BTC-SWAP-USDT -> no signal
2026-09-14 22:05:42 | INFO | [✓] ETH-SWAP-USDT -> no signal
2026-09-14 22:05:42 | INFO | [✓] SOL-SWAP-USDT -> no signal
2026-09-14 22:05:42 | INFO | [✓] BNB-SWAP-USDT -> no signal
2026-09-14 22:05:42 | INFO | [✓] XRP-SWAP-USDT -> no signal
2026-09-14 22:05:42 | INFO | [✓] DOGE-SWAP-USDT -> no signal
2026-09-14 22:05:42 | INFO | [✓] ADA-SWAP-USDT -> no signal
2026-09-14 22:05:42 | INFO | [✓] AVAX-SWAP-USDT -> no signal
2026-09-14 22:05:42 | INFO | [✓] DOT-SWAP-USDT -> no signal
2026-09-14 22:05:42 | INFO | [✓] RATSUSDT -> no signal
2026-09-14 22:05:42 | INFO | [✓] LINK-SWAP-USDT -> no signal
2026-09-14 22:05:42 | INFO | [✓] UNI-SWAP-USDT -> no signal
2026-09-14 22:05:42 | INFO | [✓] ATOM-SWAP-USDT -> no signal
2026-09-14 22:05:42 | INFO | [✓] LTC-SWAP-USDT -> no signal
2026-09-14 22:05:42 | INFO | [✓] EDEN-SWAP-USDT -> no signal
2026-09-14 22:05:42 | INFO | [✓] ARB-SWAP-USDT -> no signal
2026-09-14 22:05:42 | INFO | [✓] OP-SWAP-USDT -> no signal
2026-09-14 22:05:42 | INFO | [✓] WLD-SWAP-USDT -> no signal
2026-09-14 22:05:42 | INFO | [✓] SHIBUSDT -> no signal
2026-09-14 22:05:42 | INFO | [✓] ACEUSDT -> no signal
2026-09-14 22:05:42 | INFO | [✓] OPN-SWAP-USDT -> no signal
2026-09-14 22:05:42 | INFO | LOG: run_pipeline_parallel returned 0 signals
2026-09-14 22:05:42 | INFO | LOG: Entering notifier.deliver
2026-09-14 22:05:42 | INFO | [MAIN] No active signal.
2026-09-14 22:05:42 | INFO | LOG: Entering tracker.evaluate_open_signals
2026-09-14 22:05:42 | ERROR | [MAIN] tracker error: 'exit_reason'
2026-09-14 22:05:42 | INFO | 
2026-09-14 22:05:42 | INFO | ============================================================
2026-09-14 22:05:42 | INFO | 📊 CYCLE METRICS
2026-09-14 22:05:42 | INFO | ============================================================
2026-09-14 22:05:42 | INFO |   Total cycle time : 52395.0 ms
2026-09-14 22:05:42 | INFO |   Fetch            : 0.0 ms (0.0%)
2026-09-14 22:05:42 | INFO |   Cache            : 0.0 ms (0.0%)
2026-09-14 22:05:42 | INFO |   Phase 2 (indicators) : 1562.1 ms
2026-09-14 22:05:42 | INFO |   Phase 3 (structure)  : 2827.2 ms
2026-09-14 22:05:42 | INFO |   Phase 4 (FVG/OB)     : 1165.8 ms
2026-09-14 22:05:42 | INFO |   Phase 5 (patterns)   : 4120.4 ms
2026-09-14 22:05:42 | INFO |   Phase 6 (volume)     : 423.0 ms
2026-09-14 22:05:42 | INFO |   Phase 7 (scoring)    : 1767.0 ms
2026-09-14 22:05:42 | INFO |   Tracker            : 0.0 ms
2026-09-14 22:05:42 | INFO |   API requests       : 0
2026-09-14 22:05:42 | INFO |   Candles downloaded : 21
2026-09-14 22:05:42 | INFO |   Cache hits/misses  : 0/0
2026-09-14 22:05:42 | INFO |   Signals generated  : 0
2026-09-14 22:05:42 | INFO |   Signals rejected   : 0
2026-09-14 22:05:42 | INFO | ============================================================
2026-09-14 22:05:42 | INFO | [MAIN] Cycle done in 52.39s
2026-09-14 22:06:49 | INFO | 
[2026-09-14 22:06:49] Cycle start
2026-09-14 22:06:50 | INFO | [FETCH] due pairs: 21/84
2026-09-14 22:06:52 | INFO | [✓] BTC-SWAP-USDT 5m  →  +1 candles
2026-09-14 22:06:52 | INFO | [✓] ETH-SWAP-USDT 5m  →  +1 candles
2026-09-14 22:06:52 | INFO | [✓] SOL-SWAP-USDT 5m  →  +1 candles
2026-09-14 22:06:52 | INFO | [✓] BNB-SWAP-USDT 5m  →  +1 candles
2026-09-14 22:06:52 | INFO | [✓] XRP-SWAP-USDT 5m  →  +1 candles
2026-09-14 22:06:52 | INFO | [✓] DOGE-SWAP-USDT 5m  →  +1 candles
2026-09-14 22:06:52 | INFO | [✓] ADA-SWAP-USDT 5m  →  +1 candles
2026-09-14 22:06:52 | INFO | [✓] AVAX-SWAP-USDT 5m  →  +1 candles
2026-09-14 22:06:52 | INFO | [✓] DOT-SWAP-USDT 5m  →  +1 candles
2026-09-14 22:06:52 | INFO | [✓] RATSUSDT 5m  →  +1 candles
2026-09-14 22:06:52 | INFO | [✓] LINK-SWAP-USDT 5m  →  +1 candles
2026-09-14 22:06:52 | INFO | [✓] UNI-SWAP-USDT 5m  →  +1 candles
2026-09-14 22:06:52 | INFO | [✓] ATOM-SWAP-USDT 5m  →  +1 candles
2026-09-14 22:06:52 | INFO | [✓] LTC-SWAP-USDT 5m  →  +1 candles
2026-09-14 22:06:52 | INFO | [✓] EDEN-SWAP-USDT 5m  →  +1 candles
2026-09-14 22:06:52 | INFO | [✓] ARB-SWAP-USDT 5m  →  +1 candles
2026-09-14 22:06:53 | INFO | [✓] OP-SWAP-USDT 5m  →  +1 candles
2026-09-14 22:06:53 | INFO | [✓] WLD-SWAP-USDT 5m  →  +1 candles
2026-09-14 22:06:53 | INFO | [✓] SHIBUSDT 5m  →  +1 candles
2026-09-14 22:06:53 | INFO | [✓] ACEUSDT 5m  →  +1 candles
2026-09-14 22:06:53 | INFO | [✓] OPN-SWAP-USDT 5m  →  +1 candles
2026-09-14 22:06:53 | INFO | LOG: Entering run_pipeline_parallel
2026-09-14 22:07:33 | INFO | [✓] BTC-SWAP-USDT -> no signal
2026-09-14 22:07:33 | INFO | [✓] ETH-SWAP-USDT -> no signal
2026-09-14 22:07:33 | INFO | [✓] SOL-SWAP-USDT -> no signal
2026-09-14 22:07:33 | INFO | [✓] BNB-SWAP-USDT -> no signal
2026-09-14 22:07:33 | INFO | [✓] XRP-SWAP-USDT -> no signal
2026-09-14 22:07:33 | INFO | [✓] DOGE-SWAP-USDT -> no signal
2026-09-14 22:07:33 | INFO | [✓] ADA-SWAP-USDT -> no signal
2026-09-14 22:07:33 | INFO | [✓] AVAX-SWAP-USDT -> no signal
2026-09-14 22:07:33 | INFO | [✓] DOT-SWAP-USDT -> no signal
2026-09-14 22:07:33 | INFO | [✓] RATSUSDT -> no signal
2026-09-14 22:07:33 | INFO | [✓] LINK-SWAP-USDT -> no signal
2026-09-14 22:07:33 | INFO | [✓] UNI-SWAP-USDT -> no signal
2026-09-14 22:07:33 | INFO | [✓] ATOM-SWAP-USDT -> no signal
2026-09-14 22:07:33 | INFO | [✓] LTC-SWAP-USDT -> no signal
2026-09-14 22:07:33 | INFO | [✓] EDEN-SWAP-USDT -> no signal
2026-09-14 22:07:33 | INFO | [✓] ARB-SWAP-USDT -> no signal
2026-09-14 22:07:33 | INFO | [✓] OP-SWAP-USDT -> no signal
2026-09-14 22:07:33 | INFO | [✓] WLD-SWAP-USDT -> no signal
2026-09-14 22:07:33 | INFO | [✓] SHIBUSDT -> no signal
2026-09-14 22:07:33 | INFO | [✓] ACEUSDT -> no signal
2026-09-14 22:07:33 | INFO | [✓] OPN-SWAP-USDT -> no signal
2026-09-14 22:07:33 | INFO | LOG: run_pipeline_parallel returned 0 signals
2026-09-14 22:07:33 | INFO | LOG: Entering notifier.deliver
2026-09-14 22:07:33 | INFO | [MAIN] No active signal.
2026-09-14 22:07:33 | INFO | LOG: Entering tracker.evaluate_open_signals
2026-09-14 22:07:33 | ERROR | [MAIN] tracker error: 'exit_reason'
2026-09-14 22:07:33 | INFO | 
2026-09-14 22:07:33 | INFO | ============================================================
2026-09-14 22:07:33 | INFO | 📊 CYCLE METRICS
2026-09-14 22:07:33 | INFO | ============================================================
2026-09-14 22:07:33 | INFO |   Total cycle time : 43876.8 ms
2026-09-14 22:07:33 | INFO |   Fetch            : 0.0 ms (0.0%)
2026-09-14 22:07:33 | INFO |   Cache            : 0.0 ms (0.0%)
2026-09-14 22:07:33 | INFO |   Phase 2 (indicators) : 1508.9 ms
2026-09-14 22:07:33 | INFO |   Phase 3 (structure)  : 2792.5 ms
2026-09-14 22:07:33 | INFO |   Phase 4 (FVG/OB)     : 1165.9 ms
2026-09-14 22:07:33 | INFO |   Phase 5 (patterns)   : 3566.5 ms
2026-09-14 22:07:33 | INFO |   Phase 6 (volume)     : 425.3 ms
2026-09-14 22:07:33 | INFO |   Phase 7 (scoring)    : 1717.4 ms
2026-09-14 22:07:33 | INFO |   Tracker            : 0.0 ms
2026-09-14 22:07:33 | INFO |   API requests       : 0
2026-09-14 22:07:33 | INFO |   Candles downloaded : 21
2026-09-14 22:07:33 | INFO |   Cache hits/misses  : 0/0
2026-09-14 22:07:33 | INFO |   Signals generated  : 0
2026-09-14 22:07:33 | INFO |   Signals rejected   : 0
2026-09-14 22:07:33 | INFO | ============================================================
2026-09-14 22:07:33 | INFO | [MAIN] Cycle done in 43.86s
2026-09-14 22:08:49 | INFO | 
[2026-09-14 22:08:49] Cycle start
2026-09-14 22:08:49 | INFO | [FETCH] due pairs: 21/84
2026-09-14 22:08:52 | INFO | [MAIN] No new data, skipping pipeline...
2026-09-14 22:08:52 | INFO | [MAIN] Cycle done in 2.83s
2026-09-14 22:10:49 | INFO | 
[2026-09-14 22:10:49] Cycle start
2026-09-14 22:10:49 | INFO | [FETCH] due pairs: 21/84
2026-09-14 22:10:51 | INFO | [✓] BTC-SWAP-USDT 5m  →  +1 candles
2026-09-14 22:10:51 | INFO | [✓] ETH-SWAP-USDT 5m  →  +1 candles
2026-09-14 22:10:51 | INFO | [✓] SOL-SWAP-USDT 5m  →  +1 candles
2026-09-14 22:10:52 | INFO | [✓] BNB-SWAP-USDT 5m  →  +1 candles
2026-09-14 22:10:52 | INFO | [✓] XRP-SWAP-USDT 5m  →  +1 candles
2026-09-14 22:10:52 | INFO | [✓] DOGE-SWAP-USDT 5m  →  +1 candles
2026-09-14 22:10:52 | INFO | [✓] ADA-SWAP-USDT 5m  →  +1 candles
2026-09-14 22:10:52 | INFO | [✓] AVAX-SWAP-USDT 5m  →  +1 candles
2026-09-14 22:10:52 | INFO | [✓] DOT-SWAP-USDT 5m  →  +1 candles
2026-09-14 22:10:52 | INFO | [✓] RATSUSDT 5m  →  +1 candles
2026-09-14 22:10:52 | INFO | [✓] LINK-SWAP-USDT 5m  →  +1 candles
2026-09-14 22:10:52 | INFO | [✓] UNI-SWAP-USDT 5m  →  +1 candles
2026-09-14 22:10:52 | INFO | [✓] ATOM-SWAP-USDT 5m  →  +1 candles
2026-09-14 22:10:52 | INFO | [✓] LTC-SWAP-USDT 5m  →  +1 candles
2026-09-14 22:10:52 | INFO | [✓] EDEN-SWAP-USDT 5m  →  +1 candles
2026-09-14 22:10:52 | INFO | [✓] ARB-SWAP-USDT 5m  →  +1 candles
2026-09-14 22:10:52 | INFO | [✓] OP-SWAP-USDT 5m  →  +1 candles
2026-09-14 22:10:52 | INFO | [✓] WLD-SWAP-USDT 5m  →  +1 candles
2026-09-14 22:10:52 | INFO | [✓] SHIBUSDT 5m  →  +1 candles
2026-09-14 22:10:52 | INFO | [✓] ACEUSDT 5m  →  +1 candles
2026-09-14 22:10:53 | INFO | [✓] OPN-SWAP-USDT 5m  →  +1 candles
2026-09-14 22:10:53 | INFO | LOG: Entering run_pipeline_parallel
2026-09-14 22:11:41 | INFO | [✓] BTC-SWAP-USDT -> no signal
2026-09-14 22:11:41 | INFO | [✓] ETH-SWAP-USDT -> no signal
2026-09-14 22:11:41 | INFO | [✓] SOL-SWAP-USDT -> no signal
2026-09-14 22:11:41 | INFO | [✓] BNB-SWAP-USDT -> no signal
2026-09-14 22:11:41 | INFO | [✓] XRP-SWAP-USDT -> no signal
2026-09-14 22:11:41 | INFO | [✓] DOGE-SWAP-USDT -> no signal
2026-09-14 22:11:41 | INFO | [✓] ADA-SWAP-USDT -> no signal
2026-09-14 22:11:41 | INFO | [✓] AVAX-SWAP-USDT -> no signal
2026-09-14 22:11:41 | INFO | [✓] DOT-SWAP-USDT -> no signal
2026-09-14 22:11:41 | INFO | [✓] RATSUSDT -> no signal
2026-09-14 22:11:41 | INFO | [✓] LINK-SWAP-USDT -> no signal
2026-09-14 22:11:41 | INFO | [✓] UNI-SWAP-USDT -> no signal
2026-09-14 22:11:41 | INFO | [✓] ATOM-SWAP-USDT -> no signal
2026-09-14 22:11:41 | INFO | [✓] LTC-SWAP-USDT -> no signal
2026-09-14 22:11:41 | INFO | [✓] EDEN-SWAP-USDT -> no signal
2026-09-14 22:11:41 | INFO | [✓] ARB-SWAP-USDT -> no signal
2026-09-14 22:11:41 | INFO | [✓] OP-SWAP-USDT -> no signal
2026-09-14 22:11:41 | INFO | [✓] WLD-SWAP-USDT -> no signal
2026-09-14 22:11:41 | INFO | [✓] SHIBUSDT -> no signal
2026-09-14 22:11:41 | INFO | [✓] ACEUSDT -> no signal
2026-09-14 22:11:41 | INFO | [✓] OPN-SWAP-USDT -> no signal
2026-09-14 22:11:41 | INFO | LOG: run_pipeline_parallel returned 0 signals
2026-09-14 22:11:41 | INFO | LOG: Entering notifier.deliver
2026-09-14 22:11:41 | INFO | [MAIN] No active signal.
2026-09-14 22:11:41 | INFO | LOG: Entering tracker.evaluate_open_signals
2026-09-14 22:11:41 | ERROR | [MAIN] tracker error: 'exit_reason'
2026-09-14 22:11:41 | INFO | 
2026-09-14 22:11:41 | INFO | ============================================================
2026-09-14 22:11:41 | INFO | 📊 CYCLE METRICS
2026-09-14 22:11:41 | INFO | ============================================================
2026-09-14 22:11:41 | INFO |   Total cycle time : 51381.3 ms
2026-09-14 22:11:41 | INFO |   Fetch            : 0.0 ms (0.0%)
2026-09-14 22:11:41 | INFO |   Cache            : 0.0 ms (0.0%)
2026-09-14 22:11:41 | INFO |   Phase 2 (indicators) : 1985.6 ms
2026-09-14 22:11:41 | INFO |   Phase 3 (structure)  : 3788.4 ms
2026-09-14 22:11:41 | INFO |   Phase 4 (FVG/OB)     : 1295.2 ms
2026-09-14 22:11:41 | INFO |   Phase 5 (patterns)   : 4720.6 ms
2026-09-14 22:11:41 | INFO |   Phase 6 (volume)     : 495.1 ms
2026-09-14 22:11:41 | INFO |   Phase 7 (scoring)    : 2051.8 ms
2026-09-14 22:11:41 | INFO |   Tracker            : 0.0 ms
2026-09-14 22:11:41 | INFO |   API requests       : 0
2026-09-14 22:11:41 | INFO |   Candles downloaded : 21
2026-09-14 22:11:41 | INFO |   Cache hits/misses  : 0/0
2026-09-14 22:11:41 | INFO |   Signals generated  : 0
2026-09-14 22:11:41 | INFO |   Signals rejected   : 0
2026-09-14 22:11:41 | INFO | ============================================================
2026-09-14 22:11:41 | INFO | [MAIN] Cycle done in 51.37s
2026-09-14 22:12:49 | INFO | 
[2026-09-14 22:12:49] Cycle start
2026-09-14 22:12:49 | INFO | [FETCH] due pairs: 42/84
2026-09-14 22:12:55 | INFO | [MAIN] No new data, skipping pipeline...
2026-09-14 22:12:55 | INFO | [MAIN] Cycle done in 5.91s
2026-09-14 22:14:49 | INFO | 
[2026-09-14 22:14:49] Cycle start
2026-09-14 22:14:50 | INFO | [FETCH] due pairs: 21/84
2026-09-14 22:14:53 | INFO | [MAIN] No new data, skipping pipeline...
2026-09-14 22:14:53 | INFO | [MAIN] Cycle done in 3.35s
2026-09-14 22:16:49 | INFO | 
[2026-09-14 22:16:49] Cycle start
2026-09-14 22:16:49 | INFO | [FETCH] due pairs: 21/84
2026-09-14 22:16:51 | INFO | [✓] BTC-SWAP-USDT 5m  →  +1 candles
2026-09-14 22:16:51 | INFO | [✓] ETH-SWAP-USDT 5m  →  +1 candles
2026-09-14 22:16:51 | INFO | [✓] SOL-SWAP-USDT 5m  →  +1 candles
2026-09-14 22:16:52 | INFO | [✓] BNB-SWAP-USDT 5m  →  +1 candles
2026-09-14 22:16:52 | INFO | [✓] XRP-SWAP-USDT 5m  →  +1 candles
2026-09-14 22:16:52 | INFO | [✓] DOGE-SWAP-USDT 5m  →  +1 candles
2026-09-14 22:16:52 | INFO | [✓] ADA-SWAP-USDT 5m  →  +1 candles
2026-09-14 22:16:52 | INFO | [✓] AVAX-SWAP-USDT 5m  →  +1 candles
2026-09-14 22:16:52 | INFO | [✓] DOT-SWAP-USDT 5m  →  +1 candles
2026-09-14 22:16:52 | INFO | [✓] RATSUSDT 5m  →  +1 candles
2026-09-14 22:16:52 | INFO | [✓] LINK-SWAP-USDT 5m  →  +1 candles
2026-09-14 22:16:52 | INFO | [✓] UNI-SWAP-USDT 5m  →  +1 candles
2026-09-14 22:16:52 | INFO | [✓] ATOM-SWAP-USDT 5m  →  +1 candles
2026-09-14 22:16:52 | INFO | [✓] LTC-SWAP-USDT 5m  →  +1 candles
2026-09-14 22:16:52 | INFO | [✓] EDEN-SWAP-USDT 5m  →  +1 candles
2026-09-14 22:16:52 | INFO | [✓] ARB-SWAP-USDT 5m  →  +1 candles
2026-09-14 22:16:52 | INFO | [✓] OP-SWAP-USDT 5m  →  +1 candles
2026-09-14 22:16:52 | INFO | [✓] WLD-SWAP-USDT 5m  →  +1 candles
2026-09-14 22:16:52 | INFO | [✓] SHIBUSDT 5m  →  +1 candles
2026-09-14 22:16:52 | INFO | [✓] ACEUSDT 5m  →  +1 candles
2026-09-14 22:16:53 | INFO | [✓] OPN-SWAP-USDT 5m  →  +1 candles
2026-09-14 22:16:53 | INFO | LOG: Entering run_pipeline_parallel
2026-09-14 22:17:31 | INFO | [✓] BTC-SWAP-USDT -> no signal
2026-09-14 22:17:31 | INFO | [✓] ETH-SWAP-USDT -> no signal
2026-09-14 22:17:31 | INFO | [✓] SOL-SWAP-USDT -> no signal
2026-09-14 22:17:31 | INFO | [✓] BNB-SWAP-USDT -> no signal
2026-09-14 22:17:31 | INFO | [✓] XRP-SWAP-USDT -> no signal
2026-09-14 22:17:31 | INFO | [✓] DOGE-SWAP-USDT -> no signal
2026-09-14 22:17:31 | INFO | [✓] ADA-SWAP-USDT -> no signal
2026-09-14 22:17:31 | INFO | [✓] AVAX-SWAP-USDT -> no signal
2026-09-14 22:17:31 | INFO | [✓] DOT-SWAP-USDT -> no signal
2026-09-14 22:17:31 | INFO | [✓] RATSUSDT -> no signal
2026-09-14 22:17:31 | INFO | [✓] LINK-SWAP-USDT -> no signal
2026-09-14 22:17:31 | INFO | [✓] UNI-SWAP-USDT -> no signal
2026-09-14 22:17:31 | INFO | [✓] ATOM-SWAP-USDT -> no signal
2026-09-14 22:17:31 | INFO | [✓] LTC-SWAP-USDT -> no signal
2026-09-14 22:17:31 | INFO | [✓] EDEN-SWAP-USDT -> no signal
2026-09-14 22:17:31 | INFO | [✓] ARB-SWAP-USDT -> no signal
2026-09-14 22:17:31 | INFO | [✓] OP-SWAP-USDT -> no signal
2026-09-14 22:17:31 | INFO | [✓] WLD-SWAP-USDT -> no signal
2026-09-14 22:17:31 | INFO | [✓] SHIBUSDT -> no signal
2026-09-14 22:17:31 | INFO | [✓] ACEUSDT -> no signal
2026-09-14 22:17:31 | INFO | [✓] OPN-SWAP-USDT -> no signal
2026-09-14 22:17:31 | INFO | LOG: run_pipeline_parallel returned 0 signals
2026-09-14 22:17:31 | INFO | LOG: Entering notifier.deliver
2026-09-14 22:17:31 | INFO | [MAIN] No active signal.
2026-09-14 22:17:31 | INFO | LOG: Entering tracker.evaluate_open_signals
2026-09-14 22:17:31 | ERROR | [MAIN] tracker error: 'exit_reason'
2026-09-14 22:17:31 | INFO | 
2026-09-14 22:17:31 | INFO | ============================================================
2026-09-14 22:17:31 | INFO | 📊 CYCLE METRICS
2026-09-14 22:17:31 | INFO | ============================================================
2026-09-14 22:17:31 | INFO |   Total cycle time : 41970.6 ms
2026-09-14 22:17:31 | INFO |   Fetch            : 0.0 ms (0.0%)
2026-09-14 22:17:31 | INFO |   Cache            : 0.0 ms (0.0%)
2026-09-14 22:17:31 | INFO |   Phase 2 (indicators) : 1291.2 ms
2026-09-14 22:17:31 | INFO |   Phase 3 (structure)  : 2777.8 ms
2026-09-14 22:17:31 | INFO |   Phase 4 (FVG/OB)     : 1166.0 ms
2026-09-14 22:17:31 | INFO |   Phase 5 (patterns)   : 3698.0 ms
2026-09-14 22:17:31 | INFO |   Phase 6 (volume)     : 350.4 ms
2026-09-14 22:17:31 | INFO |   Phase 7 (scoring)    : 1642.8 ms
2026-09-14 22:17:31 | INFO |   Tracker            : 0.0 ms
2026-09-14 22:17:31 | INFO |   API requests       : 0
2026-09-14 22:17:31 | INFO |   Candles downloaded : 21
2026-09-14 22:17:31 | INFO |   Cache hits/misses  : 0/0
2026-09-14 22:17:31 | INFO |   Signals generated  : 0
2026-09-14 22:17:31 | INFO |   Signals rejected   : 0
2026-09-14 22:17:31 | INFO | ============================================================
2026-09-14 22:17:31 | INFO | [MAIN] Cycle done in 41.96s
2026-09-14 22:18:49 | INFO | 
[2026-09-14 22:18:49] Cycle start
2026-09-14 22:18:49 | INFO | [FETCH] due pairs: 42/84
2026-09-14 22:18:51 | INFO | [✓] BTC-SWAP-USDT 1h  →  +1 candles
2026-09-14 22:18:52 | INFO | [✓] ETH-SWAP-USDT 1h  →  +1 candles
2026-09-14 22:18:52 | INFO | [✓] SOL-SWAP-USDT 1h  →  +1 candles
2026-09-14 22:18:52 | INFO | [✓] BNB-SWAP-USDT 1h  →  +1 candles
2026-09-14 22:18:52 | INFO | [✓] XRP-SWAP-USDT 1h  →  +1 candles
2026-09-14 22:18:52 | INFO | [✓] DOGE-SWAP-USDT 1h  →  +1 candles
2026-09-14 22:18:52 | INFO | [✓] ADA-SWAP-USDT 1h  →  +1 candles
2026-09-14 22:18:52 | INFO | [✓] AVAX-SWAP-USDT 1h  →  +1 candles
2026-09-14 22:18:52 | INFO | [✓] DOT-SWAP-USDT 1h  →  +1 candles
2026-09-14 22:18:52 | INFO | [✓] RATSUSDT 1h  →  +1 candles
2026-09-14 22:18:52 | INFO | [✓] LINK-SWAP-USDT 1h  →  +1 candles
2026-09-14 22:18:53 | INFO | [✓] UNI-SWAP-USDT 1h  →  +1 candles
2026-09-14 22:18:53 | INFO | [✓] ATOM-SWAP-USDT 1h  →  +1 candles
2026-09-14 22:18:53 | INFO | [✓] LTC-SWAP-USDT 1h  →  +1 candles
2026-09-14 22:18:53 | INFO | [✓] EDEN-SWAP-USDT 1h  →  +1 candles
2026-09-14 22:18:53 | INFO | [✓] ARB-SWAP-USDT 1h  →  +1 candles
2026-09-14 22:18:53 | INFO | [✓] OP-SWAP-USDT 1h  →  +1 candles
2026-09-14 22:18:53 | INFO | [✓] WLD-SWAP-USDT 1h  →  +1 candles
2026-09-14 22:18:53 | INFO | [✓] SHIBUSDT 1h  →  +1 candles
2026-09-14 22:18:53 | INFO | [✓] ACEUSDT 1h  →  +1 candles
2026-09-14 22:18:53 | INFO | [✓] OPN-SWAP-USDT 1h  →  +1 candles
2026-09-14 22:18:53 | INFO | LOG: Entering run_pipeline_parallel
2026-09-14 22:19:34 | INFO | [✓] BTC-SWAP-USDT -> no signal
2026-09-14 22:19:34 | INFO | [✓] ETH-SWAP-USDT -> no signal
2026-09-14 22:19:34 | INFO | [✓] SOL-SWAP-USDT -> no signal
2026-09-14 22:19:34 | INFO | [✓] BNB-SWAP-USDT -> no signal
2026-09-14 22:19:34 | INFO | [✓] XRP-SWAP-USDT -> no signal
2026-09-14 22:19:34 | INFO | [✓] DOGE-SWAP-USDT -> no signal
2026-09-14 22:19:34 | INFO | [✓] ADA-SWAP-USDT -> no signal
2026-09-14 22:19:34 | INFO | [✓] AVAX-SWAP-USDT -> no signal
2026-09-14 22:19:34 | INFO | [✓] DOT-SWAP-USDT -> no signal
2026-09-14 22:19:34 | INFO | [✓] RATSUSDT -> no signal
2026-09-14 22:19:34 | INFO | [✓] LINK-SWAP-USDT -> no signal
2026-09-14 22:19:34 | INFO | [✓] UNI-SWAP-USDT -> no signal
2026-09-14 22:19:34 | INFO | [✓] ATOM-SWAP-USDT -> no signal
2026-09-14 22:19:34 | INFO | [✓] LTC-SWAP-USDT -> no signal
2026-09-14 22:19:34 | INFO | [✓] EDEN-SWAP-USDT -> no signal
2026-09-14 22:19:34 | INFO | [✓] ARB-SWAP-USDT -> no signal
2026-09-14 22:19:34 | INFO | [✓] OP-SWAP-USDT -> no signal
2026-09-14 22:19:34 | INFO | [✓] WLD-SWAP-USDT -> no signal
2026-09-14 22:19:34 | INFO | [✓] SHIBUSDT -> no signal
2026-09-14 22:19:34 | INFO | [✓] ACEUSDT -> no signal
2026-09-14 22:19:34 | INFO | [✓] OPN-SWAP-USDT -> no signal
2026-09-14 22:19:34 | INFO | LOG: run_pipeline_parallel returned 0 signals
2026-09-14 22:19:34 | INFO | LOG: Entering notifier.deliver
2026-09-14 22:19:34 | INFO | [MAIN] No active signal.
2026-09-14 22:19:34 | INFO | LOG: Entering tracker.evaluate_open_signals
2026-09-14 22:19:34 | ERROR | [MAIN] tracker error: 'exit_reason'
2026-09-14 22:19:34 | INFO | 
2026-09-14 22:19:34 | INFO | ============================================================
2026-09-14 22:19:34 | INFO | 📊 CYCLE METRICS
2026-09-14 22:19:34 | INFO | ============================================================
2026-09-14 22:19:34 | INFO |   Total cycle time : 44677.8 ms
2026-09-14 22:19:34 | INFO |   Fetch            : 0.0 ms (0.0%)
2026-09-14 22:19:34 | INFO |   Cache            : 0.0 ms (0.0%)
2026-09-14 22:19:34 | INFO |   Phase 2 (indicators) : 1686.7 ms
2026-09-14 22:19:34 | INFO |   Phase 3 (structure)  : 2723.5 ms
2026-09-14 22:19:34 | INFO |   Phase 4 (FVG/OB)     : 1198.3 ms
2026-09-14 22:19:34 | INFO |   Phase 5 (patterns)   : 3590.1 ms
2026-09-14 22:19:34 | INFO |   Phase 6 (volume)     : 361.0 ms
2026-09-14 22:19:34 | INFO |   Phase 7 (scoring)    : 1757.4 ms
2026-09-14 22:19:34 | INFO |   Tracker            : 0.0 ms
2026-09-14 22:19:34 | INFO |   API requests       : 0
2026-09-14 22:19:34 | INFO |   Candles downloaded : 21
2026-09-14 22:19:34 | INFO |   Cache hits/misses  : 0/0
2026-09-14 22:19:34 | INFO |   Signals generated  : 0
2026-09-14 22:19:34 | INFO |   Signals rejected   : 0
2026-09-14 22:19:34 | INFO | ============================================================
2026-09-14 22:19:34 | INFO | [MAIN] Cycle done in 44.67s
2026-09-14 22:20:49 | INFO | 
[2026-09-14 22:20:49] Cycle start
2026-09-14 22:20:50 | INFO | [FETCH] due pairs: 42/84
2026-09-14 22:20:52 | INFO | [✓] BTC-SWAP-USDT 5m  →  +1 candles
2026-09-14 22:20:52 | INFO | [✓] BTC-SWAP-USDT 15m  →  +1 candles
2026-09-14 22:20:52 | INFO | [✓] ETH-SWAP-USDT 5m  →  +1 candles
2026-09-14 22:20:52 | INFO | [✓] ETH-SWAP-USDT 15m  →  +1 candles
2026-09-14 22:20:52 | INFO | [✓] SOL-SWAP-USDT 5m  →  +1 candles
2026-09-14 22:20:52 | INFO | [✓] SOL-SWAP-USDT 15m  →  +1 candles
2026-09-14 22:20:52 | INFO | [✓] BNB-SWAP-USDT 5m  →  +1 candles
2026-09-14 22:20:52 | INFO | [✓] BNB-SWAP-USDT 15m  →  +1 candles
2026-09-14 22:20:52 | INFO | [✓] XRP-SWAP-USDT 5m  →  +1 candles
2026-09-14 22:20:52 | INFO | [✓] XRP-SWAP-USDT 15m  →  +1 candles
2026-09-14 22:20:52 | INFO | [✓] DOGE-SWAP-USDT 5m  →  +1 candles
2026-09-14 22:20:52 | INFO | [✓] DOGE-SWAP-USDT 15m  →  +1 candles
2026-09-14 22:20:53 | INFO | [✓] ADA-SWAP-USDT 5m  →  +1 candles
2026-09-14 22:20:53 | INFO | [✓] ADA-SWAP-USDT 15m  →  +1 candles
2026-09-14 22:20:53 | INFO | [✓] AVAX-SWAP-USDT 5m  →  +1 candles
2026-09-14 22:20:53 | INFO | [✓] AVAX-SWAP-USDT 15m  →  +1 candles
2026-09-14 22:20:53 | INFO | [✓] DOT-SWAP-USDT 5m  →  +1 candles
2026-09-14 22:20:53 | INFO | [✓] DOT-SWAP-USDT 15m  →  +1 candles
2026-09-14 22:20:53 | INFO | [✓] RATSUSDT 5m  →  +1 candles
2026-09-14 22:20:53 | INFO | [✓] RATSUSDT 15m  →  +1 candles
2026-09-14 22:20:53 | INFO | [✓] LINK-SWAP-USDT 5m  →  +1 candles
2026-09-14 22:20:53 | INFO | [✓] LINK-SWAP-USDT 15m  →  +1 candles
2026-09-14 22:20:53 | INFO | [✓] UNI-SWAP-USDT 5m  →  +1 candles
2026-09-14 22:20:53 | INFO | [✓] UNI-SWAP-USDT 15m  →  +1 candles
2026-09-14 22:20:53 | INFO | [✓] ATOM-SWAP-USDT 5m  →  +1 candles
2026-09-14 22:20:53 | INFO | [✓] ATOM-SWAP-USDT 15m  →  +1 candles
2026-09-14 22:20:53 | INFO | [✓] LTC-SWAP-USDT 5m  →  +1 candles
2026-09-14 22:20:53 | INFO | [✓] LTC-SWAP-USDT 15m  →  +1 candles
2026-09-14 22:20:53 | INFO | [✓] EDEN-SWAP-USDT 5m  →  +1 candles
2026-09-14 22:20:53 | INFO | [✓] EDEN-SWAP-USDT 15m  →  +1 candles
2026-09-14 22:20:54 | INFO | [✓] ARB-SWAP-USDT 5m  →  +1 candles
2026-09-14 22:20:54 | INFO | [✓] ARB-SWAP-USDT 15m  →  +1 candles
2026-09-14 22:20:54 | INFO | [✓] OP-SWAP-USDT 5m  →  +1 candles
2026-09-14 22:20:54 | INFO | [✓] OP-SWAP-USDT 15m  →  +1 candles
2026-09-14 22:20:54 | INFO | [✓] WLD-SWAP-USDT 5m  →  +1 candles
2026-09-14 22:20:54 | INFO | [✓] WLD-SWAP-USDT 15m  →  +1 candles
2026-09-14 22:20:54 | INFO | [✓] SHIBUSDT 5m  →  +1 candles
2026-09-14 22:20:54 | INFO | [✓] SHIBUSDT 15m  →  +1 candles
2026-09-14 22:20:54 | INFO | [✓] ACEUSDT 5m  →  +1 candles
2026-09-14 22:20:54 | INFO | [✓] ACEUSDT 15m  →  +1 candles
2026-09-14 22:20:54 | INFO | [✓] OPN-SWAP-USDT 5m  →  +1 candles
2026-09-14 22:20:54 | INFO | [✓] OPN-SWAP-USDT 15m  →  +1 candles
2026-09-14 22:20:54 | INFO | LOG: Entering run_pipeline_parallel
2026-09-14 22:21:35 | INFO | [✓] BTC-SWAP-USDT -> no signal
2026-09-14 22:21:35 | INFO | [✓] ETH-SWAP-USDT -> no signal
2026-09-14 22:21:35 | INFO | [✓] SOL-SWAP-USDT -> no signal
2026-09-14 22:21:35 | INFO | [✓] BNB-SWAP-USDT -> no signal
2026-09-14 22:21:35 | INFO | [✓] XRP-SWAP-USDT -> no signal
2026-09-14 22:21:35 | INFO | [✓] DOGE-SWAP-USDT -> no signal
2026-09-14 22:21:35 | INFO | [✓] ADA-SWAP-USDT -> no signal
2026-09-14 22:21:35 | INFO | [✓] AVAX-SWAP-USDT -> no signal
2026-09-14 22:21:35 | INFO | [✓] DOT-SWAP-USDT -> no signal
2026-09-14 22:21:35 | INFO | [✓] RATSUSDT -> no signal
2026-09-14 22:21:35 | INFO | [✓] LINK-SWAP-USDT -> no signal
2026-09-14 22:21:35 | INFO | [✓] UNI-SWAP-USDT -> no signal
2026-09-14 22:21:35 | INFO | [✓] ATOM-SWAP-USDT -> no signal
2026-09-14 22:21:35 | INFO | [✓] LTC-SWAP-USDT -> no signal
2026-09-14 22:21:35 | INFO | [✓] EDEN-SWAP-USDT -> no signal
2026-09-14 22:21:35 | INFO | [✓] ARB-SWAP-USDT -> no signal
2026-09-14 22:21:35 | INFO | [✓] OP-SWAP-USDT -> no signal
2026-09-14 22:21:35 | INFO | [✓] WLD-SWAP-USDT -> no signal
2026-09-14 22:21:35 | INFO | [✓] SHIBUSDT -> no signal
2026-09-14 22:21:35 | INFO | [✓] ACEUSDT -> no signal
2026-09-14 22:21:35 | INFO | [✓] OPN-SWAP-USDT -> no signal
2026-09-14 22:21:35 | INFO | LOG: run_pipeline_parallel returned 0 signals
2026-09-14 22:21:35 | INFO | LOG: Entering notifier.deliver
2026-09-14 22:21:35 | INFO | [MAIN] No active signal.
2026-09-14 22:21:35 | INFO | LOG: Entering tracker.evaluate_open_signals
2026-09-14 22:21:35 | ERROR | [MAIN] tracker error: 'exit_reason'
2026-09-14 22:21:35 | INFO | 
2026-09-14 22:21:35 | INFO | ============================================================
2026-09-14 22:21:35 | INFO | 📊 CYCLE METRICS
2026-09-14 22:21:35 | INFO | ============================================================
2026-09-14 22:21:35 | INFO |   Total cycle time : 45514.4 ms
2026-09-14 22:21:35 | INFO |   Fetch            : 0.0 ms (0.0%)
2026-09-14 22:21:35 | INFO |   Cache            : 0.0 ms (0.0%)
2026-09-14 22:21:35 | INFO |   Phase 2 (indicators) : 1497.5 ms
2026-09-14 22:21:35 | INFO |   Phase 3 (structure)  : 2779.4 ms
2026-09-14 22:21:35 | INFO |   Phase 4 (FVG/OB)     : 1143.2 ms
2026-09-14 22:21:35 | INFO |   Phase 5 (patterns)   : 3648.4 ms
2026-09-14 22:21:35 | INFO |   Phase 6 (volume)     : 429.0 ms
2026-09-14 22:21:35 | INFO |   Phase 7 (scoring)    : 1709.6 ms
2026-09-14 22:21:35 | INFO |   Tracker            : 0.0 ms
2026-09-14 22:21:35 | INFO |   API requests       : 0
2026-09-14 22:21:35 | INFO |   Candles downloaded : 42
2026-09-14 22:21:35 | INFO |   Cache hits/misses  : 0/0
2026-09-14 22:21:35 | INFO |   Signals generated  : 0
2026-09-14 22:21:35 | INFO |   Signals rejected   : 0
2026-09-14 22:21:35 | INFO | ============================================================
2026-09-14 22:21:35 | INFO | [MAIN] Cycle done in 45.51s
2026-09-14 22:22:49 | INFO | 
[2026-09-14 22:22:49] Cycle start
2026-09-14 22:22:50 | INFO | [FETCH] due pairs: 21/84
2026-09-14 22:22:52 | INFO | [MAIN] No new data, skipping pipeline...
2026-09-14 22:22:52 | INFO | [MAIN] Cycle done in 3.03s
2026-09-14 22:24:49 | INFO | 
[2026-09-14 22:24:49] Cycle start
2026-09-14 22:24:49 | INFO | [FETCH] due pairs: 21/84
2026-09-14 22:24:53 | INFO | [MAIN] No new data, skipping pipeline...
2026-09-14 22:24:53 | INFO | [MAIN] Cycle done in 3.13s
2026-09-14 22:26:49 | INFO | 
[2026-09-14 22:26:49] Cycle start
2026-09-14 22:26:49 | INFO | [FETCH] due pairs: 21/84
2026-09-14 22:26:51 | INFO | [✓] BTC-SWAP-USDT 5m  →  +1 candles
2026-09-14 22:26:51 | INFO | [✓] ETH-SWAP-USDT 5m  →  +1 candles
2026-09-14 22:26:52 | INFO | [✓] SOL-SWAP-USDT 5m  →  +1 candles
2026-09-14 22:26:52 | INFO | [✓] BNB-SWAP-USDT 5m  →  +1 candles
2026-09-14 22:26:52 | INFO | [✓] XRP-SWAP-USDT 5m  →  +1 candles
2026-09-14 22:26:52 | INFO | [✓] DOGE-SWAP-USDT 5m  →  +1 candles
2026-09-14 22:26:52 | INFO | [✓] ADA-SWAP-USDT 5m  →  +1 candles
2026-09-14 22:26:52 | INFO | [✓] AVAX-SWAP-USDT 5m  →  +1 candles
2026-09-14 22:26:52 | INFO | [✓] DOT-SWAP-USDT 5m  →  +1 candles
2026-09-14 22:26:52 | INFO | [✓] RATSUSDT 5m  →  +1 candles
2026-09-14 22:26:52 | INFO | [✓] LINK-SWAP-USDT 5m  →  +1 candles
2026-09-14 22:26:52 | INFO | [✓] UNI-SWAP-USDT 5m  →  +1 candles
2026-09-14 22:26:52 | INFO | [✓] ATOM-SWAP-USDT 5m  →  +1 candles
2026-09-14 22:26:52 | INFO | [✓] LTC-SWAP-USDT 5m  →  +1 candles
2026-09-14 22:26:52 | INFO | [✓] EDEN-SWAP-USDT 5m  →  +1 candles
2026-09-14 22:26:52 | INFO | [✓] ARB-SWAP-USDT 5m  →  +1 candles
2026-09-14 22:26:52 | INFO | [✓] OP-SWAP-USDT 5m  →  +1 candles
2026-09-14 22:26:52 | INFO | [✓] WLD-SWAP-USDT 5m  →  +1 candles
2026-09-14 22:26:53 | INFO | [✓] SHIBUSDT 5m  →  +1 candles
2026-09-14 22:26:53 | INFO | [✓] ACEUSDT 5m  →  +1 candles
2026-09-14 22:26:53 | INFO | [✓] OPN-SWAP-USDT 5m  →  +1 candles
2026-09-14 22:26:53 | INFO | LOG: Entering run_pipeline_parallel
2026-09-14 22:27:31 | INFO | [✓] BTC-SWAP-USDT -> no signal
2026-09-14 22:27:31 | INFO | [✓] ETH-SWAP-USDT -> no signal
2026-09-14 22:27:31 | INFO | [✓] SOL-SWAP-USDT -> no signal
2026-09-14 22:27:31 | INFO | [✓] BNB-SWAP-USDT -> no signal
2026-09-14 22:27:31 | INFO | [✓] XRP-SWAP-USDT -> no signal
2026-09-14 22:27:31 | INFO | [✓] DOGE-SWAP-USDT -> no signal
2026-09-14 22:27:31 | INFO | [✓] ADA-SWAP-USDT -> no signal
2026-09-14 22:27:31 | INFO | [✓] AVAX-SWAP-USDT -> no signal
2026-09-14 22:27:31 | INFO | [✓] DOT-SWAP-USDT -> no signal
2026-09-14 22:27:31 | INFO | [✓] RATSUSDT -> no signal
2026-09-14 22:27:31 | INFO | [✓] LINK-SWAP-USDT -> no signal
2026-09-14 22:27:31 | INFO | [✓] UNI-SWAP-USDT -> no signal
2026-09-14 22:27:31 | INFO | [✓] ATOM-SWAP-USDT -> no signal
2026-09-14 22:27:31 | INFO | [✓] LTC-SWAP-USDT -> no signal
2026-09-14 22:27:31 | INFO | [✓] EDEN-SWAP-USDT -> no signal
2026-09-14 22:27:31 | INFO | [✓] ARB-SWAP-USDT -> no signal
2026-09-14 22:27:31 | INFO | [✓] OP-SWAP-USDT -> no signal
2026-09-14 22:27:31 | INFO | [✓] WLD-SWAP-USDT -> no signal
2026-09-14 22:27:31 | INFO | [✓] SHIBUSDT -> no signal
2026-09-14 22:27:31 | INFO | [✓] ACEUSDT -> no signal
2026-09-14 22:27:31 | INFO | [✓] OPN-SWAP-USDT -> no signal
2026-09-14 22:27:31 | INFO | LOG: run_pipeline_parallel returned 0 signals
2026-09-14 22:27:31 | INFO | LOG: Entering notifier.deliver
2026-09-14 22:27:31 | INFO | [MAIN] No active signal.
2026-09-14 22:27:31 | INFO | LOG: Entering tracker.evaluate_open_signals
2026-09-14 22:27:31 | ERROR | [MAIN] tracker error: 'exit_reason'
2026-09-14 22:27:31 | INFO | 
2026-09-14 22:27:31 | INFO | ============================================================
2026-09-14 22:27:31 | INFO | 📊 CYCLE METRICS
2026-09-14 22:27:31 | INFO | ============================================================
2026-09-14 22:27:31 | INFO |   Total cycle time : 41716.9 ms
2026-09-14 22:27:31 | INFO |   Fetch            : 0.0 ms (0.0%)
2026-09-14 22:27:31 | INFO |   Cache            : 0.0 ms (0.0%)
2026-09-14 22:27:31 | INFO |   Phase 2 (indicators) : 1474.5 ms
2026-09-14 22:27:31 | INFO |   Phase 3 (structure)  : 2786.8 ms
2026-09-14 22:27:31 | INFO |   Phase 4 (FVG/OB)     : 994.4 ms
2026-09-14 22:27:31 | INFO |   Phase 5 (patterns)   : 3651.9 ms
2026-09-14 22:27:31 | INFO |   Phase 6 (volume)     : 362.7 ms
2026-09-14 22:27:31 | INFO |   Phase 7 (scoring)    : 1664.3 ms
2026-09-14 22:27:31 | INFO |   Tracker            : 0.0 ms
2026-09-14 22:27:31 | INFO |   API requests       : 0
2026-09-14 22:27:31 | INFO |   Candles downloaded : 21
2026-09-14 22:27:31 | INFO |   Cache hits/misses  : 0/0
2026-09-14 22:27:31 | INFO |   Signals generated  : 0
2026-09-14 22:27:31 | INFO |   Signals rejected   : 0
2026-09-14 22:27:31 | INFO | ============================================================
2026-09-14 22:27:31 | INFO | [MAIN] Cycle done in 41.70s
2026-09-14 22:28:49 | INFO | 
[2026-09-14 22:28:49] Cycle start
2026-09-14 22:28:49 | INFO | [FETCH] due pairs: 42/84
2026-09-14 22:28:54 | INFO | [MAIN] No new data, skipping pipeline...
2026-09-14 22:28:54 | INFO | [MAIN] Cycle done in 4.34s
2026-09-14 22:30:49 | INFO | 
[2026-09-14 22:30:49] Cycle start
2026-09-14 22:30:50 | INFO | [FETCH] due pairs: 21/84
2026-09-14 22:30:52 | INFO | [✓] BTC-SWAP-USDT 5m  →  +1 candles
2026-09-14 22:30:52 | INFO | [✓] ETH-SWAP-USDT 5m  →  +1 candles
2026-09-14 22:30:52 | INFO | [✓] SOL-SWAP-USDT 5m  →  +1 candles
2026-09-14 22:30:52 | INFO | [✓] BNB-SWAP-USDT 5m  →  +1 candles
2026-09-14 22:30:52 | INFO | [✓] XRP-SWAP-USDT 5m  →  +1 candles
2026-09-14 22:30:52 | INFO | [✓] DOGE-SWAP-USDT 5m  →  +1 candles
2026-09-14 22:30:52 | INFO | [✓] ADA-SWAP-USDT 5m  →  +1 candles
2026-09-14 22:30:52 | INFO | [✓] AVAX-SWAP-USDT 5m  →  +1 candles
2026-09-14 22:30:52 | INFO | [✓] DOT-SWAP-USDT 5m  →  +1 candles
2026-09-14 22:30:52 | INFO | [✓] RATSUSDT 5m  →  +1 candles
2026-09-14 22:30:52 | INFO | [✓] LINK-SWAP-USDT 5m  →  +1 candles
2026-09-14 22:30:52 | INFO | [✓] UNI-SWAP-USDT 5m  →  +1 candles
2026-09-14 22:30:52 | INFO | [✓] ATOM-SWAP-USDT 5m  →  +1 candles
2026-09-14 22:30:52 | INFO | [✓] LTC-SWAP-USDT 5m  →  +1 candles
2026-09-14 22:30:52 | INFO | [✓] EDEN-SWAP-USDT 5m  →  +1 candles
2026-09-14 22:30:53 | INFO | [✓] ARB-SWAP-USDT 5m  →  +1 candles
2026-09-14 22:30:53 | INFO | [✓] OP-SWAP-USDT 5m  →  +1 candles
2026-09-14 22:30:53 | INFO | [✓] WLD-SWAP-USDT 5m  →  +1 candles
2026-09-14 22:30:53 | INFO | [✓] SHIBUSDT 5m  →  +1 candles
2026-09-14 22:30:53 | INFO | [✓] ACEUSDT 5m  →  +1 candles
2026-09-14 22:30:53 | INFO | [✓] OPN-SWAP-USDT 5m  →  +1 candles
2026-09-14 22:30:53 | INFO | LOG: Entering run_pipeline_parallel
2026-09-14 22:31:33 | INFO | [✓] BTC-SWAP-USDT -> no signal
2026-09-14 22:31:33 | INFO | [✓] ETH-SWAP-USDT -> no signal
2026-09-14 22:31:33 | INFO | [✓] SOL-SWAP-USDT -> no signal
2026-09-14 22:31:33 | INFO | [✓] BNB-SWAP-USDT -> no signal
2026-09-14 22:31:33 | INFO | [✓] XRP-SWAP-USDT -> no signal
2026-09-14 22:31:33 | INFO | [✓] DOGE-SWAP-USDT -> no signal
2026-09-14 22:31:33 | INFO | [✓] ADA-SWAP-USDT -> no signal
2026-09-14 22:31:33 | INFO | [✓] AVAX-SWAP-USDT -> no signal
2026-09-14 22:31:33 | INFO | [✓] DOT-SWAP-USDT -> no signal
2026-09-14 22:31:33 | INFO | [✓] RATSUSDT -> no signal
2026-09-14 22:31:33 | INFO | [✓] LINK-SWAP-USDT -> no signal
2026-09-14 22:31:33 | INFO | [✓] UNI-SWAP-USDT -> no signal
2026-09-14 22:31:33 | INFO | [✓] ATOM-SWAP-USDT -> no signal
2026-09-14 22:31:33 | INFO | [✓] LTC-SWAP-USDT -> no signal
2026-09-14 22:31:33 | INFO | [✓] EDEN-SWAP-USDT -> no signal
2026-09-14 22:31:33 | INFO | [✓] ARB-SWAP-USDT -> no signal
2026-09-14 22:31:33 | INFO | [✓] OP-SWAP-USDT -> no signal
2026-09-14 22:31:33 | INFO | [✓] WLD-SWAP-USDT -> no signal
2026-09-14 22:31:33 | INFO | [✓] SHIBUSDT -> no signal
2026-09-14 22:31:33 | INFO | [✓] ACEUSDT -> no signal
2026-09-14 22:31:33 | INFO | [✓] OPN-SWAP-USDT -> no signal
2026-09-14 22:31:33 | INFO | LOG: run_pipeline_parallel returned 0 signals
2026-09-14 22:31:33 | INFO | LOG: Entering notifier.deliver
2026-09-14 22:31:33 | INFO | [MAIN] No active signal.
2026-09-14 22:31:33 | INFO | LOG: Entering tracker.evaluate_open_signals
2026-09-14 22:31:33 | ERROR | [MAIN] tracker error: 'exit_reason'
2026-09-14 22:31:33 | INFO | 
2026-09-14 22:31:33 | INFO | ============================================================
2026-09-14 22:31:33 | INFO | 📊 CYCLE METRICS
2026-09-14 22:31:33 | INFO | ============================================================
2026-09-14 22:31:33 | INFO |   Total cycle time : 43601.8 ms
2026-09-14 22:31:33 | INFO |   Fetch            : 0.0 ms (0.0%)
2026-09-14 22:31:33 | INFO |   Cache            : 0.0 ms (0.0%)
2026-09-14 22:31:33 | INFO |   Phase 2 (indicators) : 1484.3 ms
2026-09-14 22:31:33 | INFO |   Phase 3 (structure)  : 2784.7 ms
2026-09-14 22:31:33 | INFO |   Phase 4 (FVG/OB)     : 1137.3 ms
2026-09-14 22:31:33 | INFO |   Phase 5 (patterns)   : 3664.0 ms
2026-09-14 22:31:33 | INFO |   Phase 6 (volume)     : 363.6 ms
2026-09-14 22:31:33 | INFO |   Phase 7 (scoring)    : 1688.2 ms
2026-09-14 22:31:33 | INFO |   Tracker            : 0.0 ms
2026-09-14 22:31:33 | INFO |   API requests       : 0
2026-09-14 22:31:33 | INFO |   Candles downloaded : 21
2026-09-14 22:31:33 | INFO |   Cache hits/misses  : 0/0
2026-09-14 22:31:33 | INFO |   Signals generated  : 0
2026-09-14 22:31:33 | INFO |   Signals rejected   : 0
2026-09-14 22:31:33 | INFO | ============================================================
2026-09-14 22:31:33 | INFO | [MAIN] Cycle done in 43.59s
2026-09-14 22:32:49 | INFO | 
[2026-09-14 22:32:49] Cycle start
2026-09-14 22:32:49 | INFO | [FETCH] due pairs: 42/84
2026-09-14 22:32:53 | INFO | [MAIN] No new data, skipping pipeline...
2026-09-14 22:32:53 | INFO | [MAIN] Cycle done in 3.74s
2026-09-14 22:34:49 | INFO | 
[2026-09-14 22:34:49] Cycle start
2026-09-14 22:34:50 | INFO | [FETCH] due pairs: 21/84
2026-09-14 22:34:53 | INFO | [MAIN] No new data, skipping pipeline...
2026-09-14 22:34:53 | INFO | [MAIN] Cycle done in 3.42s
2026-09-14 22:36:49 | INFO | 
[2026-09-14 22:36:49] Cycle start
2026-09-14 22:36:49 | INFO | [FETCH] due pairs: 42/84
2026-09-14 22:36:52 | INFO | [✓] BTC-SWAP-USDT 5m  →  +1 candles
2026-09-14 22:36:52 | INFO | [✓] BTC-SWAP-USDT 15m  →  +1 candles
2026-09-14 22:36:52 | INFO | [✓] ETH-SWAP-USDT 5m  →  +1 candles
2026-09-14 22:36:52 | INFO | [✓] ETH-SWAP-USDT 15m  →  +1 candles
2026-09-14 22:36:52 | INFO | [✓] SOL-SWAP-USDT 5m  →  +1 candles
2026-09-14 22:36:52 | INFO | [✓] SOL-SWAP-USDT 15m  →  +1 candles
2026-09-14 22:36:53 | INFO | [✓] BNB-SWAP-USDT 5m  →  +1 candles
2026-09-14 22:36:53 | INFO | [✓] BNB-SWAP-USDT 15m  →  +1 candles
2026-09-14 22:36:53 | INFO | [✓] XRP-SWAP-USDT 5m  →  +1 candles
2026-09-14 22:36:53 | INFO | [✓] XRP-SWAP-USDT 15m  →  +1 candles
2026-09-14 22:36:53 | INFO | [✓] DOGE-SWAP-USDT 5m  →  +1 candles
2026-09-14 22:36:53 | INFO | [✓] DOGE-SWAP-USDT 15m  →  +1 candles
2026-09-14 22:36:53 | INFO | [✓] ADA-SWAP-USDT 5m  →  +1 candles
2026-09-14 22:36:53 | INFO | [✓] ADA-SWAP-USDT 15m  →  +1 candles
2026-09-14 22:36:53 | INFO | [✓] AVAX-SWAP-USDT 5m  →  +1 candles
2026-09-14 22:36:53 | INFO | [✓] AVAX-SWAP-USDT 15m  →  +1 candles
2026-09-14 22:36:53 | INFO | [✓] DOT-SWAP-USDT 5m  →  +1 candles
2026-09-14 22:36:53 | INFO | [✓] DOT-SWAP-USDT 15m  →  +1 candles
2026-09-14 22:36:53 | INFO | [✓] RATSUSDT 5m  →  +1 candles
2026-09-14 22:36:53 | INFO | [✓] RATSUSDT 15m  →  +1 candles
2026-09-14 22:36:53 | INFO | [✓] LINK-SWAP-USDT 5m  →  +1 candles
2026-09-14 22:36:53 | INFO | [✓] LINK-SWAP-USDT 15m  →  +1 candles
2026-09-14 22:36:53 | INFO | [✓] UNI-SWAP-USDT 5m  →  +1 candles
2026-09-14 22:36:53 | INFO | [✓] UNI-SWAP-USDT 15m  →  +1 candles
2026-09-14 22:36:54 | INFO | [✓] ATOM-SWAP-USDT 5m  →  +1 candles
2026-09-14 22:36:54 | INFO | [✓] ATOM-SWAP-USDT 15m  →  +1 candles
2026-09-14 22:36:54 | INFO | [✓] LTC-SWAP-USDT 5m  →  +1 candles
2026-09-14 22:36:54 | INFO | [✓] LTC-SWAP-USDT 15m  →  +1 candles
2026-09-14 22:36:54 | INFO | [✓] EDEN-SWAP-USDT 5m  →  +1 candles
2026-09-14 22:36:54 | INFO | [✓] EDEN-SWAP-USDT 15m  →  +1 candles
2026-09-14 22:36:54 | INFO | [✓] ARB-SWAP-USDT 5m  →  +1 candles
2026-09-14 22:36:54 | INFO | [✓] ARB-SWAP-USDT 15m  →  +1 candles
2026-09-14 22:36:54 | INFO | [✓] OP-SWAP-USDT 5m  →  +1 candles
2026-09-14 22:36:54 | INFO | [✓] OP-SWAP-USDT 15m  →  +1 candles
2026-09-14 22:36:54 | INFO | [✓] WLD-SWAP-USDT 5m  →  +1 candles
2026-09-14 22:36:54 | INFO | [✓] WLD-SWAP-USDT 15m  →  +1 candles
2026-09-14 22:36:54 | INFO | [✓] SHIBUSDT 5m  →  +1 candles
2026-09-14 22:36:54 | INFO | [✓] SHIBUSDT 15m  →  +1 candles
2026-09-14 22:36:54 | INFO | [✓] ACEUSDT 5m  →  +1 candles
2026-09-14 22:36:54 | INFO | [✓] ACEUSDT 15m  →  +1 candles
2026-09-14 22:36:54 | INFO | [✓] OPN-SWAP-USDT 5m  →  +1 candles
2026-09-14 22:36:54 | INFO | [✓] OPN-SWAP-USDT 15m  →  +1 candles
2026-09-14 22:36:54 | INFO | LOG: Entering run_pipeline_parallel
2026-09-15 21:16:44 | INFO | ============================================================
2026-09-15 21:16:44 | INFO | 🤖 TOOBIT AI SIGNAL BOT (IN-MEMORY PIPELINE)
2026-09-15 21:16:44 | INFO | 📊 21 symbols, 4 timeframes
2026-09-15 21:16:44 | INFO | ============================================================
2026-09-15 21:16:44 | INFO | 
[2026-09-15 21:16:44] Cycle start
2026-09-15 21:16:45 | INFO | [FETCH] due pairs: 84/84
2026-09-15 21:16:51 | INFO | [✓] BTC-SWAP-USDT 5m  →  +272 candles
2026-09-15 21:16:51 | INFO | [✓] BTC-SWAP-USDT 15m  →  +91 candles
2026-09-15 21:16:51 | INFO | [✓] BTC-SWAP-USDT 1h  →  +23 candles
2026-09-15 21:16:51 | INFO | [✓] BTC-SWAP-USDT 4h  →  +6 candles
2026-09-15 21:16:51 | INFO | [✓] ETH-SWAP-USDT 5m  →  +272 candles
2026-09-15 21:16:51 | INFO | [✓] ETH-SWAP-USDT 15m  →  +91 candles
2026-09-15 21:16:51 | INFO | [✓] ETH-SWAP-USDT 1h  →  +23 candles
2026-09-15 21:16:51 | INFO | [✓] ETH-SWAP-USDT 4h  →  +6 candles
2026-09-15 21:16:52 | INFO | [✓] SOL-SWAP-USDT 5m  →  +272 candles
2026-09-15 21:16:52 | INFO | [✓] SOL-SWAP-USDT 15m  →  +91 candles
2026-09-15 21:16:52 | INFO | [✓] SOL-SWAP-USDT 1h  →  +23 candles
2026-09-15 21:16:52 | INFO | [✓] SOL-SWAP-USDT 4h  →  +6 candles
2026-09-15 21:16:52 | INFO | [✓] BNB-SWAP-USDT 5m  →  +272 candles
2026-09-15 21:16:52 | INFO | [✓] BNB-SWAP-USDT 15m  →  +91 candles
2026-09-15 21:16:52 | INFO | [✓] BNB-SWAP-USDT 1h  →  +23 candles
2026-09-15 21:16:52 | INFO | [✓] BNB-SWAP-USDT 4h  →  +6 candles
2026-09-15 21:16:52 | INFO | [✓] XRP-SWAP-USDT 5m  →  +272 candles
2026-09-15 21:16:52 | INFO | [✓] XRP-SWAP-USDT 15m  →  +91 candles
2026-09-15 21:16:52 | INFO | [✓] XRP-SWAP-USDT 1h  →  +23 candles
2026-09-15 21:16:52 | INFO | [✓] XRP-SWAP-USDT 4h  →  +6 candles
2026-09-15 21:16:52 | INFO | [✓] DOGE-SWAP-USDT 5m  →  +272 candles
2026-09-15 21:16:52 | INFO | [✓] DOGE-SWAP-USDT 15m  →  +91 candles
2026-09-15 21:16:52 | INFO | [✓] DOGE-SWAP-USDT 1h  →  +23 candles
2026-09-15 21:16:52 | INFO | [✓] DOGE-SWAP-USDT 4h  →  +6 candles
2026-09-15 21:16:52 | INFO | [✓] ADA-SWAP-USDT 5m  →  +272 candles
2026-09-15 21:16:52 | INFO | [✓] ADA-SWAP-USDT 15m  →  +91 candles
2026-09-15 21:16:53 | INFO | [✓] ADA-SWAP-USDT 1h  →  +23 candles
2026-09-15 21:16:53 | INFO | [✓] ADA-SWAP-USDT 4h  →  +6 candles
2026-09-15 21:16:53 | INFO | [✓] AVAX-SWAP-USDT 5m  →  +272 candles
2026-09-15 21:16:53 | INFO | [✓] AVAX-SWAP-USDT 15m  →  +91 candles
2026-09-15 21:16:53 | INFO | [✓] AVAX-SWAP-USDT 1h  →  +23 candles
2026-09-15 21:16:53 | INFO | [✓] AVAX-SWAP-USDT 4h  →  +6 candles
2026-09-15 21:16:53 | INFO | [✓] DOT-SWAP-USDT 5m  →  +272 candles
2026-09-15 21:16:53 | INFO | [✓] DOT-SWAP-USDT 15m  →  +91 candles
2026-09-15 21:16:53 | INFO | [✓] DOT-SWAP-USDT 1h  →  +23 candles
2026-09-15 21:16:53 | INFO | [✓] DOT-SWAP-USDT 4h  →  +6 candles
2026-09-15 21:16:53 | INFO | [✓] RATSUSDT 5m  →  +272 candles
2026-09-15 21:16:53 | INFO | [✓] RATSUSDT 15m  →  +91 candles
2026-09-15 21:16:53 | INFO | [✓] RATSUSDT 1h  →  +23 candles
2026-09-15 21:16:53 | INFO | [✓] RATSUSDT 4h  →  +6 candles
2026-09-15 21:16:53 | INFO | [✓] LINK-SWAP-USDT 5m  →  +272 candles
2026-09-15 21:16:53 | INFO | [✓] LINK-SWAP-USDT 15m  →  +91 candles
2026-09-15 21:16:53 | INFO | [✓] LINK-SWAP-USDT 1h  →  +23 candles
2026-09-15 21:16:53 | INFO | [✓] LINK-SWAP-USDT 4h  →  +6 candles
2026-09-15 21:16:53 | INFO | [✓] UNI-SWAP-USDT 5m  →  +272 candles
2026-09-15 21:16:54 | INFO | [✓] UNI-SWAP-USDT 15m  →  +91 candles
2026-09-15 21:16:54 | INFO | [✓] UNI-SWAP-USDT 1h  →  +23 candles
2026-09-15 21:16:54 | INFO | [✓] UNI-SWAP-USDT 4h  →  +6 candles
2026-09-15 21:16:54 | INFO | [✓] ATOM-SWAP-USDT 5m  →  +272 candles
2026-09-15 21:16:54 | INFO | [✓] ATOM-SWAP-USDT 15m  →  +91 candles
2026-09-15 21:16:54 | INFO | [✓] ATOM-SWAP-USDT 1h  →  +23 candles
2026-09-15 21:16:54 | INFO | [✓] ATOM-SWAP-USDT 4h  →  +6 candles
2026-09-15 21:16:54 | INFO | [✓] LTC-SWAP-USDT 5m  →  +272 candles
2026-09-15 21:16:54 | INFO | [✓] LTC-SWAP-USDT 15m  →  +91 candles
2026-09-15 21:16:54 | INFO | [✓] LTC-SWAP-USDT 1h  →  +23 candles
2026-09-15 21:16:54 | INFO | [✓] LTC-SWAP-USDT 4h  →  +6 candles
2026-09-15 21:16:54 | INFO | [✓] EDEN-SWAP-USDT 5m  →  +272 candles
2026-09-15 21:16:54 | INFO | [✓] EDEN-SWAP-USDT 15m  →  +91 candles
2026-09-15 21:16:54 | INFO | [✓] EDEN-SWAP-USDT 1h  →  +23 candles
2026-09-15 21:16:54 | INFO | [✓] EDEN-SWAP-USDT 4h  →  +6 candles
2026-09-15 21:16:54 | INFO | [✓] ARB-SWAP-USDT 5m  →  +272 candles
2026-09-15 21:16:54 | INFO | [✓] ARB-SWAP-USDT 15m  →  +91 candles
2026-09-15 21:16:54 | INFO | [✓] ARB-SWAP-USDT 1h  →  +23 candles
2026-09-15 21:16:54 | INFO | [✓] ARB-SWAP-USDT 4h  →  +6 candles
2026-09-15 21:16:54 | INFO | [✓] OP-SWAP-USDT 5m  →  +272 candles
2026-09-15 21:16:55 | INFO | [✓] OP-SWAP-USDT 15m  →  +91 candles
2026-09-15 21:16:55 | INFO | [✓] OP-SWAP-USDT 1h  →  +23 candles
2026-09-15 21:16:55 | INFO | [✓] OP-SWAP-USDT 4h  →  +6 candles
2026-09-15 21:16:55 | INFO | [✓] WLD-SWAP-USDT 5m  →  +272 candles
2026-09-15 21:16:55 | INFO | [✓] WLD-SWAP-USDT 15m  →  +91 candles
2026-09-15 21:16:55 | INFO | [✓] WLD-SWAP-USDT 1h  →  +23 candles
2026-09-15 21:16:55 | INFO | [✓] WLD-SWAP-USDT 4h  →  +6 candles
2026-09-15 21:16:55 | INFO | [✓] SHIBUSDT 5m  →  +272 candles
2026-09-15 21:16:55 | INFO | [✓] SHIBUSDT 15m  →  +91 candles
2026-09-15 21:16:55 | INFO | [✓] SHIBUSDT 1h  →  +23 candles
2026-09-15 21:16:55 | INFO | [✓] SHIBUSDT 4h  →  +6 candles
2026-09-15 21:16:55 | INFO | [✓] ACEUSDT 5m  →  +272 candles
2026-09-15 21:16:55 | INFO | [✓] ACEUSDT 15m  →  +91 candles
2026-09-15 21:16:55 | INFO | [✓] ACEUSDT 1h  →  +23 candles
2026-09-15 21:16:55 | INFO | [✓] ACEUSDT 4h  →  +6 candles
2026-09-15 21:16:55 | INFO | [✓] OPN-SWAP-USDT 5m  →  +272 candles
2026-09-15 21:16:55 | INFO | [✓] OPN-SWAP-USDT 15m  →  +91 candles
2026-09-15 21:16:55 | INFO | [✓] OPN-SWAP-USDT 1h  →  +23 candles
2026-09-15 21:16:55 | INFO | [✓] OPN-SWAP-USDT 4h  →  +6 candles
2026-09-15 21:16:55 | INFO | LOG: Entering run_pipeline_parallel
2026-09-15 21:17:52 | INFO | [✓] BTC-SWAP-USDT -> no signal
2026-09-15 21:17:52 | INFO | [✓] ETH-SWAP-USDT -> no signal
2026-09-15 21:17:52 | INFO | [✓] SOL-SWAP-USDT -> no signal
2026-09-15 21:17:52 | INFO | [✓] BNB-SWAP-USDT -> no signal
2026-09-15 21:17:52 | INFO | [✓] XRP-SWAP-USDT -> no signal
2026-09-15 21:17:52 | INFO | [✓] DOGE-SWAP-USDT -> no signal
2026-09-15 21:17:52 | INFO | [✓] ADA-SWAP-USDT -> no signal
2026-09-15 21:17:52 | INFO | [✓] AVAX-SWAP-USDT -> no signal
2026-09-15 21:17:52 | INFO | [✓] DOT-SWAP-USDT -> no signal
2026-09-15 21:17:52 | INFO | [✓] RATSUSDT -> no signal
2026-09-15 21:17:52 | INFO | [✓] LINK-SWAP-USDT -> no signal
2026-09-15 21:17:52 | INFO | [✓] UNI-SWAP-USDT -> no signal
2026-09-15 21:17:52 | INFO | [✓] ATOM-SWAP-USDT -> no signal
2026-09-15 21:17:52 | INFO | [✓] LTC-SWAP-USDT -> no signal
2026-09-15 21:17:52 | INFO | [✓] EDEN-SWAP-USDT -> no signal
2026-09-15 21:17:52 | INFO | [✓] ARB-SWAP-USDT -> no signal
2026-09-15 21:17:52 | INFO | [✓] OP-SWAP-USDT -> no signal
2026-09-15 21:17:52 | INFO | [✓] WLD-SWAP-USDT -> no signal
2026-09-15 21:17:52 | INFO | [✓] SHIBUSDT -> no signal
2026-09-15 21:17:52 | INFO | [✓] ACEUSDT -> no signal
2026-09-15 21:17:52 | INFO | [✓] OPN-SWAP-USDT -> no signal
2026-09-15 21:17:52 | INFO | LOG: run_pipeline_parallel returned 0 signals
2026-09-15 21:17:52 | INFO | LOG: Entering notifier.deliver
2026-09-15 21:17:52 | INFO | [MAIN] No active signal.
2026-09-15 21:17:52 | INFO | LOG: Entering tracker.evaluate_open_signals
2026-09-15 21:17:52 | ERROR | [MAIN] tracker error: 'exit_reason'
2026-09-15 21:17:52 | INFO | 
2026-09-15 21:17:52 | INFO | ============================================================
2026-09-15 21:17:52 | INFO | 📊 CYCLE METRICS
2026-09-15 21:17:52 | INFO | ============================================================
2026-09-15 21:17:52 | INFO |   Total cycle time : 67693.4 ms
2026-09-15 21:17:52 | INFO |   Fetch            : 0.0 ms (0.0%)
2026-09-15 21:17:52 | INFO |   Cache            : 0.0 ms (0.0%)
2026-09-15 21:17:52 | INFO |   Phase 2 (indicators) : 2974.6 ms
2026-09-15 21:17:52 | INFO |   Phase 3 (structure)  : 3068.3 ms
2026-09-15 21:17:52 | INFO |   Phase 4 (FVG/OB)     : 1265.8 ms
2026-09-15 21:17:52 | INFO |   Phase 5 (patterns)   : 4137.4 ms
2026-09-15 21:17:52 | INFO |   Phase 6 (volume)     : 423.4 ms
2026-09-15 21:17:52 | INFO |   Phase 7 (scoring)    : 2041.6 ms
2026-09-15 21:17:52 | INFO |   Tracker            : 0.0 ms
2026-09-15 21:17:52 | INFO |   API requests       : 0
2026-09-15 21:17:52 | INFO |   Candles downloaded : 8232
2026-09-15 21:17:52 | INFO |   Cache hits/misses  : 0/0
2026-09-15 21:17:52 | INFO |   Signals generated  : 0
2026-09-15 21:17:52 | INFO |   Signals rejected   : 0
2026-09-15 21:17:52 | INFO | ============================================================
2026-09-15 21:17:52 | INFO | [MAIN] Cycle done in 67.66s
2026-09-15 21:18:44 | INFO | 
[2026-09-15 21:18:44] Cycle start
2026-09-15 21:18:45 | INFO | [FETCH] due pairs: 21/84
2026-09-15 21:18:48 | INFO | [MAIN] No new data, skipping pipeline...
2026-09-15 21:18:48 | INFO | [MAIN] Cycle done in 4.22s
2026-09-15 21:20:44 | INFO | 
[2026-09-15 21:20:44] Cycle start
2026-09-15 21:20:44 | INFO | [FETCH] due pairs: 21/84
2026-09-15 21:20:47 | INFO | [✓] BTC-SWAP-USDT 5m  →  +1 candles
2026-09-15 21:20:47 | INFO | [✓] ETH-SWAP-USDT 5m  →  +1 candles
2026-09-15 21:20:47 | INFO | [✓] SOL-SWAP-USDT 5m  →  +1 candles
2026-09-15 21:20:47 | INFO | [✓] BNB-SWAP-USDT 5m  →  +1 candles
2026-09-15 21:20:47 | INFO | [✓] XRP-SWAP-USDT 5m  →  +1 candles
2026-09-15 21:20:47 | INFO | [✓] DOGE-SWAP-USDT 5m  →  +1 candles
2026-09-15 21:20:47 | INFO | [✓] ADA-SWAP-USDT 5m  →  +1 candles
2026-09-15 21:20:48 | INFO | [✓] AVAX-SWAP-USDT 5m  →  +1 candles
2026-09-15 21:20:48 | INFO | [✓] DOT-SWAP-USDT 5m  →  +1 candles
2026-09-15 21:20:48 | INFO | [✓] RATSUSDT 5m  →  +1 candles
2026-09-15 21:20:48 | INFO | [✓] LINK-SWAP-USDT 5m  →  +1 candles
2026-09-15 21:20:48 | INFO | [✓] UNI-SWAP-USDT 5m  →  +1 candles
2026-09-15 21:20:48 | INFO | [✓] ATOM-SWAP-USDT 5m  →  +1 candles
2026-09-15 21:20:48 | INFO | [✓] LTC-SWAP-USDT 5m  →  +1 candles
2026-09-15 21:20:48 | INFO | [✓] EDEN-SWAP-USDT 5m  →  +1 candles
2026-09-15 21:20:48 | INFO | [✓] ARB-SWAP-USDT 5m  →  +1 candles
2026-09-15 21:20:48 | INFO | [✓] OP-SWAP-USDT 5m  →  +1 candles
2026-09-15 21:20:48 | INFO | [✓] WLD-SWAP-USDT 5m  →  +1 candles
2026-09-15 21:20:48 | INFO | [✓] SHIBUSDT 5m  →  +1 candles
2026-09-15 21:20:48 | INFO | [✓] ACEUSDT 5m  →  +1 candles
2026-09-15 21:20:48 | INFO | [✓] OPN-SWAP-USDT 5m  →  +1 candles
2026-09-15 21:20:48 | INFO | LOG: Entering run_pipeline_parallel
2026-09-15 21:21:42 | INFO | [✓] BTC-SWAP-USDT -> no signal
2026-09-15 21:21:42 | INFO | [✓] ETH-SWAP-USDT -> no signal
2026-09-15 21:21:42 | INFO | [✓] SOL-SWAP-USDT -> no signal
2026-09-15 21:21:42 | INFO | [✓] BNB-SWAP-USDT -> no signal
2026-09-15 21:21:42 | INFO | [✓] XRP-SWAP-USDT -> no signal
2026-09-15 21:21:42 | INFO | [✓] DOGE-SWAP-USDT -> no signal
2026-09-15 21:21:42 | INFO | [✓] ADA-SWAP-USDT -> no signal
2026-09-15 21:21:42 | INFO | [✓] AVAX-SWAP-USDT -> no signal
2026-09-15 21:21:42 | INFO | [✓] DOT-SWAP-USDT -> no signal
2026-09-15 21:21:42 | INFO | [✓] RATSUSDT -> no signal
2026-09-15 21:21:42 | INFO | [✓] LINK-SWAP-USDT -> no signal
2026-09-15 21:21:42 | INFO | [✓] UNI-SWAP-USDT -> no signal
2026-09-15 21:21:42 | INFO | [✓] ATOM-SWAP-USDT -> no signal
2026-09-15 21:21:42 | INFO | [✓] LTC-SWAP-USDT -> no signal
2026-09-15 21:21:42 | INFO | [✓] EDEN-SWAP-USDT -> no signal
2026-09-15 21:21:42 | INFO | [✓] ARB-SWAP-USDT -> no signal
2026-09-15 21:21:42 | INFO | [✓] OP-SWAP-USDT -> no signal
2026-09-15 21:21:42 | INFO | [✓] WLD-SWAP-USDT -> no signal
2026-09-15 21:21:42 | INFO | [✓] SHIBUSDT -> no signal
2026-09-15 21:21:42 | INFO | [✓] ACEUSDT -> no signal
2026-09-15 21:21:42 | INFO | [✓] OPN-SWAP-USDT -> no signal
2026-09-15 21:21:42 | INFO | LOG: run_pipeline_parallel returned 0 signals
2026-09-15 21:21:42 | INFO | LOG: Entering notifier.deliver
2026-09-15 21:21:42 | INFO | [MAIN] No active signal.
2026-09-15 21:21:42 | INFO | LOG: Entering tracker.evaluate_open_signals
2026-09-15 21:21:42 | ERROR | [MAIN] tracker error: 'exit_reason'
2026-09-15 21:21:42 | INFO | 
2026-09-15 21:21:42 | INFO | ============================================================
2026-09-15 21:21:42 | INFO | 📊 CYCLE METRICS
2026-09-15 21:21:42 | INFO | ============================================================
2026-09-15 21:21:42 | INFO |   Total cycle time : 57416.4 ms
2026-09-15 21:21:42 | INFO |   Fetch            : 0.0 ms (0.0%)
2026-09-15 21:21:42 | INFO |   Cache            : 0.0 ms (0.0%)
2026-09-15 21:21:42 | INFO |   Phase 2 (indicators) : 3027.8 ms
2026-09-15 21:21:42 | INFO |   Phase 3 (structure)  : 3052.6 ms
2026-09-15 21:21:42 | INFO |   Phase 4 (FVG/OB)     : 1267.5 ms
2026-09-15 21:21:42 | INFO |   Phase 5 (patterns)   : 4252.8 ms
2026-09-15 21:21:42 | INFO |   Phase 6 (volume)     : 453.9 ms
2026-09-15 21:21:42 | INFO |   Phase 7 (scoring)    : 2669.6 ms
2026-09-15 21:21:42 | INFO |   Tracker            : 0.0 ms
2026-09-15 21:21:42 | INFO |   API requests       : 0
2026-09-15 21:21:42 | INFO |   Candles downloaded : 21
2026-09-15 21:21:42 | INFO |   Cache hits/misses  : 0/0
2026-09-15 21:21:42 | INFO |   Signals generated  : 0
2026-09-15 21:21:42 | INFO |   Signals rejected   : 0
2026-09-15 21:21:42 | INFO | ============================================================
2026-09-15 21:21:42 | INFO | [MAIN] Cycle done in 57.39s
2026-09-15 21:22:44 | INFO | 
[2026-09-15 21:22:44] Cycle start
2026-09-15 21:22:44 | INFO | [FETCH] due pairs: 21/84
2026-09-15 21:22:48 | INFO | [MAIN] No new data, skipping pipeline...
2026-09-15 21:22:48 | INFO | [MAIN] Cycle done in 3.49s
2026-09-15 21:24:44 | INFO | 
[2026-09-15 21:24:44] Cycle start
2026-09-15 21:24:44 | INFO | [FETCH] due pairs: 42/84
2026-09-15 21:24:50 | INFO | [MAIN] No new data, skipping pipeline...
2026-09-15 21:24:50 | INFO | [MAIN] Cycle done in 5.63s
2026-09-15 21:26:44 | INFO | 
[2026-09-15 21:26:44] Cycle start
2026-09-15 21:26:45 | INFO | [FETCH] due pairs: 21/84
2026-09-15 21:26:48 | INFO | [✓] BTC-SWAP-USDT 5m  →  +1 candles
2026-09-15 21:26:48 | INFO | [✓] ETH-SWAP-USDT 5m  →  +1 candles
2026-09-15 21:26:48 | INFO | [✓] SOL-SWAP-USDT 5m  →  +1 candles
2026-09-15 21:26:48 | INFO | [✓] BNB-SWAP-USDT 5m  →  +1 candles
2026-09-15 21:26:48 | INFO | [✓] XRP-SWAP-USDT 5m  →  +1 candles
2026-09-15 21:26:48 | INFO | [✓] DOGE-SWAP-USDT 5m  →  +1 candles
2026-09-15 21:26:48 | INFO | [✓] ADA-SWAP-USDT 5m  →  +1 candles
2026-09-15 21:26:48 | INFO | [✓] AVAX-SWAP-USDT 5m  →  +1 candles
2026-09-15 21:26:48 | INFO | [✓] DOT-SWAP-USDT 5m  →  +1 candles
2026-09-15 21:26:48 | INFO | [✓] RATSUSDT 5m  →  +1 candles
2026-09-15 21:26:48 | INFO | [✓] LINK-SWAP-USDT 5m  →  +1 candles
2026-09-15 21:26:48 | INFO | [✓] UNI-SWAP-USDT 5m  →  +1 candles
2026-09-15 21:26:49 | INFO | [✓] ATOM-SWAP-USDT 5m  →  +1 candles
2026-09-15 21:26:49 | INFO | [✓] LTC-SWAP-USDT 5m  →  +1 candles
2026-09-15 21:26:49 | INFO | [✓] EDEN-SWAP-USDT 5m  →  +1 candles
2026-09-15 21:26:49 | INFO | [✓] ARB-SWAP-USDT 5m  →  +1 candles
2026-09-15 21:26:49 | INFO | [✓] OP-SWAP-USDT 5m  →  +1 candles
2026-09-15 21:26:49 | INFO | [✓] WLD-SWAP-USDT 5m  →  +1 candles
2026-09-15 21:26:49 | INFO | [✓] SHIBUSDT 5m  →  +1 candles
2026-09-15 21:26:49 | INFO | [✓] ACEUSDT 5m  →  +1 candles
2026-09-15 21:26:49 | INFO | [✓] OPN-SWAP-USDT 5m  →  +1 candles
2026-09-15 21:26:49 | INFO | LOG: Entering run_pipeline_parallel
2026-09-15 21:27:38 | INFO | [✓] BTC-SWAP-USDT -> no signal
2026-09-15 21:27:38 | INFO | [✓] ETH-SWAP-USDT -> no signal
2026-09-15 21:27:38 | INFO | [✓] SOL-SWAP-USDT -> no signal
2026-09-15 21:27:38 | INFO | [✓] BNB-SWAP-USDT -> no signal
2026-09-15 21:27:38 | INFO | [✓] XRP-SWAP-USDT -> no signal
2026-09-15 21:27:38 | INFO | [✓] DOGE-SWAP-USDT -> no signal
2026-09-15 21:27:38 | INFO | [✓] ADA-SWAP-USDT -> no signal
2026-09-15 21:27:38 | INFO | [✓] AVAX-SWAP-USDT -> no signal
2026-09-15 21:27:38 | INFO | [✓] DOT-SWAP-USDT -> no signal
2026-09-15 21:27:38 | INFO | [✓] RATSUSDT -> no signal
2026-09-15 21:27:38 | INFO | [✓] LINK-SWAP-USDT -> no signal
2026-09-15 21:27:38 | INFO | [✓] UNI-SWAP-USDT -> no signal
2026-09-15 21:27:38 | INFO | [✓] ATOM-SWAP-USDT -> no signal
2026-09-15 21:27:38 | INFO | [✓] LTC-SWAP-USDT -> no signal
2026-09-15 21:27:38 | INFO | [✓] EDEN-SWAP-USDT -> no signal
2026-09-15 21:27:38 | INFO | [✓] ARB-SWAP-USDT -> no signal
2026-09-15 21:27:38 | INFO | [✓] OP-SWAP-USDT -> no signal
2026-09-15 21:27:38 | INFO | [✓] WLD-SWAP-USDT -> no signal
2026-09-15 21:27:38 | INFO | [✓] SHIBUSDT -> no signal
2026-09-15 21:27:38 | INFO | [✓] ACEUSDT -> no signal
2026-09-15 21:27:38 | INFO | [✓] OPN-SWAP-USDT -> no signal
2026-09-15 21:27:38 | INFO | LOG: run_pipeline_parallel returned 0 signals
2026-09-15 21:27:38 | INFO | LOG: Entering notifier.deliver
2026-09-15 21:27:38 | INFO | [MAIN] No active signal.
2026-09-15 21:27:38 | INFO | LOG: Entering tracker.evaluate_open_signals
2026-09-15 21:27:38 | ERROR | [MAIN] tracker error: 'exit_reason'
2026-09-15 21:27:38 | INFO | 
2026-09-15 21:27:38 | INFO | ============================================================
2026-09-15 21:27:38 | INFO | 📊 CYCLE METRICS
2026-09-15 21:27:38 | INFO | ============================================================
2026-09-15 21:27:38 | INFO |   Total cycle time : 54059.2 ms
2026-09-15 21:27:38 | INFO |   Fetch            : 0.0 ms (0.0%)
2026-09-15 21:27:38 | INFO |   Cache            : 0.0 ms (0.0%)
2026-09-15 21:27:38 | INFO |   Phase 2 (indicators) : 2934.7 ms
2026-09-15 21:27:38 | INFO |   Phase 3 (structure)  : 3114.0 ms
2026-09-15 21:27:38 | INFO |   Phase 4 (FVG/OB)     : 1355.8 ms
2026-09-15 21:27:38 | INFO |   Phase 5 (patterns)   : 4424.1 ms
2026-09-15 21:27:38 | INFO |   Phase 6 (volume)     : 412.0 ms
2026-09-15 21:27:38 | INFO |   Phase 7 (scoring)    : 2125.2 ms
2026-09-15 21:27:38 | INFO |   Tracker            : 0.0 ms
2026-09-15 21:27:38 | INFO |   API requests       : 0
2026-09-15 21:27:38 | INFO |   Candles downloaded : 21
2026-09-15 21:27:38 | INFO |   Cache hits/misses  : 0/0
2026-09-15 21:27:38 | INFO |   Signals generated  : 0
2026-09-15 21:27:38 | INFO |   Signals rejected   : 0
2026-09-15 21:27:38 | INFO | ============================================================
2026-09-15 21:27:38 | INFO | [MAIN] Cycle done in 54.03s
2026-09-18 06:00:49 | INFO | ============================================================
2026-09-18 06:00:49 | INFO | 🤖 TOOBIT AI SIGNAL BOT (IN-MEMORY PIPELINE)
2026-09-18 06:00:49 | INFO | 📊 21 symbols, 4 timeframes
2026-09-18 06:00:49 | INFO | ============================================================
2026-09-18 06:00:49 | INFO | 
[2026-09-18 06:00:49] Cycle start
2026-09-18 06:00:50 | INFO | [FETCH] due pairs: 84/84
2026-09-18 06:00:59 | INFO | [✓] BTC-SWAP-USDT 5m  →  +679 candles
2026-09-18 06:00:59 | INFO | [✓] BTC-SWAP-USDT 15m  →  +227 candles
2026-09-18 06:00:59 | INFO | [✓] BTC-SWAP-USDT 1h  →  +57 candles
2026-09-18 06:00:59 | INFO | [✓] BTC-SWAP-USDT 4h  →  +14 candles
2026-09-18 06:00:59 | INFO | [✓] ETH-SWAP-USDT 5m  →  +679 candles
2026-09-18 06:00:59 | INFO | [✓] ETH-SWAP-USDT 15m  →  +227 candles
2026-09-18 06:00:59 | INFO | [✓] ETH-SWAP-USDT 1h  →  +57 candles
2026-09-18 06:00:59 | INFO | [✓] ETH-SWAP-USDT 4h  →  +14 candles
2026-09-18 06:00:59 | INFO | [✓] SOL-SWAP-USDT 5m  →  +679 candles
2026-09-18 06:00:59 | INFO | [✓] SOL-SWAP-USDT 15m  →  +227 candles
2026-09-18 06:00:59 | INFO | [✓] SOL-SWAP-USDT 1h  →  +57 candles
2026-09-18 06:00:59 | INFO | [✓] SOL-SWAP-USDT 4h  →  +14 candles
2026-09-18 06:00:59 | INFO | [✓] BNB-SWAP-USDT 5m  →  +679 candles
2026-09-18 06:01:00 | INFO | [✓] BNB-SWAP-USDT 15m  →  +227 candles
2026-09-18 06:01:00 | INFO | [✓] BNB-SWAP-USDT 1h  →  +57 candles
2026-09-18 06:01:00 | INFO | [✓] BNB-SWAP-USDT 4h  →  +14 candles
2026-09-18 06:01:00 | INFO | [✓] XRP-SWAP-USDT 5m  →  +679 candles
2026-09-18 06:01:00 | INFO | [✓] XRP-SWAP-USDT 15m  →  +227 candles
2026-09-18 06:01:00 | INFO | [✓] XRP-SWAP-USDT 1h  →  +57 candles
2026-09-18 06:01:00 | INFO | [✓] XRP-SWAP-USDT 4h  →  +14 candles
2026-09-18 06:01:00 | INFO | [✓] DOGE-SWAP-USDT 5m  →  +679 candles
2026-09-18 06:01:00 | INFO | [✓] DOGE-SWAP-USDT 15m  →  +227 candles
2026-09-18 06:01:00 | INFO | [✓] DOGE-SWAP-USDT 1h  →  +57 candles
2026-09-18 06:01:00 | INFO | [✓] DOGE-SWAP-USDT 4h  →  +14 candles
2026-09-18 06:01:00 | INFO | [✓] ADA-SWAP-USDT 5m  →  +679 candles
2026-09-18 06:01:00 | INFO | [✓] ADA-SWAP-USDT 15m  →  +227 candles
2026-09-18 06:01:00 | INFO | [✓] ADA-SWAP-USDT 1h  →  +57 candles
2026-09-18 06:01:00 | INFO | [✓] ADA-SWAP-USDT 4h  →  +14 candles
2026-09-18 06:01:00 | INFO | [✓] AVAX-SWAP-USDT 5m  →  +679 candles
2026-09-18 06:01:00 | INFO | [✓] AVAX-SWAP-USDT 15m  →  +227 candles
2026-09-18 06:01:00 | INFO | [✓] AVAX-SWAP-USDT 1h  →  +57 candles
2026-09-18 06:01:00 | INFO | [✓] AVAX-SWAP-USDT 4h  →  +14 candles
2026-09-18 06:01:01 | INFO | [✓] DOT-SWAP-USDT 5m  →  +679 candles
2026-09-18 06:01:01 | INFO | [✓] DOT-SWAP-USDT 15m  →  +227 candles
2026-09-18 06:01:01 | INFO | [✓] DOT-SWAP-USDT 1h  →  +57 candles
2026-09-18 06:01:01 | INFO | [✓] DOT-SWAP-USDT 4h  →  +14 candles
2026-09-18 06:01:01 | INFO | [✓] RATSUSDT 5m  →  +679 candles
2026-09-18 06:01:01 | INFO | [✓] RATSUSDT 15m  →  +227 candles
2026-09-18 06:01:01 | INFO | [✓] RATSUSDT 1h  →  +57 candles
2026-09-18 06:01:01 | INFO | [✓] RATSUSDT 4h  →  +14 candles
2026-09-18 06:01:01 | INFO | [✓] LINK-SWAP-USDT 5m  →  +679 candles
2026-09-18 06:01:01 | INFO | [✓] LINK-SWAP-USDT 15m  →  +227 candles
2026-09-18 06:01:01 | INFO | [✓] LINK-SWAP-USDT 1h  →  +57 candles
2026-09-18 06:01:01 | INFO | [✓] LINK-SWAP-USDT 4h  →  +14 candles
2026-09-18 06:01:01 | INFO | [✓] UNI-SWAP-USDT 5m  →  +679 candles
2026-09-18 06:01:01 | INFO | [✓] UNI-SWAP-USDT 15m  →  +227 candles
2026-09-18 06:01:01 | INFO | [✓] UNI-SWAP-USDT 1h  →  +57 candles
2026-09-18 06:01:01 | INFO | [✓] UNI-SWAP-USDT 4h  →  +14 candles
2026-09-18 06:01:01 | INFO | [✓] ATOM-SWAP-USDT 5m  →  +679 candles
2026-09-18 06:01:01 | INFO | [✓] ATOM-SWAP-USDT 15m  →  +227 candles
2026-09-18 06:01:01 | INFO | [✓] ATOM-SWAP-USDT 1h  →  +57 candles
2026-09-18 06:01:01 | INFO | [✓] ATOM-SWAP-USDT 4h  →  +14 candles
2026-09-18 06:01:01 | INFO | [✓] LTC-SWAP-USDT 5m  →  +679 candles
2026-09-18 06:01:02 | INFO | [✓] LTC-SWAP-USDT 15m  →  +227 candles
2026-09-18 06:01:02 | INFO | [✓] LTC-SWAP-USDT 1h  →  +57 candles
2026-09-18 06:01:02 | INFO | [✓] LTC-SWAP-USDT 4h  →  +14 candles
2026-09-18 06:01:02 | INFO | [✓] EDEN-SWAP-USDT 5m  →  +679 candles
2026-09-18 06:01:02 | INFO | [✓] EDEN-SWAP-USDT 15m  →  +227 candles
2026-09-18 06:01:02 | INFO | [✓] EDEN-SWAP-USDT 1h  →  +57 candles
2026-09-18 06:01:02 | INFO | [✓] EDEN-SWAP-USDT 4h  →  +14 candles
2026-09-18 06:01:02 | INFO | [✓] ARB-SWAP-USDT 5m  →  +679 candles
2026-09-18 06:01:02 | INFO | [✓] ARB-SWAP-USDT 15m  →  +227 candles
2026-09-18 06:01:02 | INFO | [✓] ARB-SWAP-USDT 1h  →  +57 candles
2026-09-18 06:01:02 | INFO | [✓] ARB-SWAP-USDT 4h  →  +14 candles
2026-09-18 06:01:02 | INFO | [✓] OP-SWAP-USDT 5m  →  +679 candles
2026-09-18 06:01:02 | INFO | [✓] OP-SWAP-USDT 15m  →  +227 candles
2026-09-18 06:01:02 | INFO | [✓] OP-SWAP-USDT 1h  →  +57 candles
2026-09-18 06:01:02 | INFO | [✓] OP-SWAP-USDT 4h  →  +14 candles
2026-09-18 06:01:02 | INFO | [✓] WLD-SWAP-USDT 5m  →  +679 candles
2026-09-18 06:01:02 | INFO | [✓] WLD-SWAP-USDT 15m  →  +227 candles
2026-09-18 06:01:02 | INFO | [✓] WLD-SWAP-USDT 1h  →  +57 candles
2026-09-18 06:01:02 | INFO | [✓] WLD-SWAP-USDT 4h  →  +14 candles
2026-09-18 06:01:02 | INFO | [✓] SHIBUSDT 5m  →  +679 candles
2026-09-18 06:01:03 | INFO | [✓] SHIBUSDT 15m  →  +227 candles
2026-09-18 06:01:03 | INFO | [✓] SHIBUSDT 1h  →  +57 candles
2026-09-18 06:01:03 | INFO | [✓] SHIBUSDT 4h  →  +14 candles
2026-09-18 06:01:03 | INFO | [✓] ACEUSDT 5m  →  +679 candles
2026-09-18 06:01:03 | INFO | [✓] ACEUSDT 15m  →  +227 candles
2026-09-18 06:01:03 | INFO | [✓] ACEUSDT 1h  →  +57 candles
2026-09-18 06:01:03 | INFO | [✓] ACEUSDT 4h  →  +14 candles
2026-09-18 06:01:03 | INFO | [✓] OPN-SWAP-USDT 5m  →  +679 candles
2026-09-18 06:01:03 | INFO | [✓] OPN-SWAP-USDT 15m  →  +227 candles
2026-09-18 06:01:03 | INFO | [✓] OPN-SWAP-USDT 1h  →  +57 candles
2026-09-18 06:01:03 | INFO | [✓] OPN-SWAP-USDT 4h  →  +14 candles
2026-09-18 06:01:03 | INFO | LOG: Entering run_pipeline_parallel
2026-09-18 06:01:53 | INFO | [✓] BTC-SWAP-USDT -> no signal
2026-09-18 06:01:53 | INFO | [✓] ETH-SWAP-USDT -> no signal
2026-09-18 06:01:53 | INFO | [✓] SOL-SWAP-USDT -> no signal
2026-09-18 06:01:53 | INFO | [✓] BNB-SWAP-USDT -> no signal
2026-09-18 06:01:53 | INFO | [✓] XRP-SWAP-USDT -> no signal
2026-09-18 06:01:53 | INFO | [✓] DOGE-SWAP-USDT -> no signal
2026-09-18 06:01:53 | INFO | [✓] ADA-SWAP-USDT -> no signal
2026-09-18 06:01:53 | INFO | [✓] AVAX-SWAP-USDT -> no signal
2026-09-18 06:01:53 | INFO | [✓] DOT-SWAP-USDT -> no signal
2026-09-18 06:01:53 | INFO | [✓] RATSUSDT -> no signal
2026-09-18 06:01:53 | INFO | [✓] LINK-SWAP-USDT -> no signal
2026-09-18 06:01:53 | INFO | [✓] UNI-SWAP-USDT -> no signal
2026-09-18 06:01:53 | INFO | [✓] ATOM-SWAP-USDT -> no signal
2026-09-18 06:01:53 | INFO | [✓] LTC-SWAP-USDT -> no signal
2026-09-18 06:01:53 | INFO | [✓] EDEN-SWAP-USDT -> no signal
2026-09-18 06:01:53 | INFO | [✓] ARB-SWAP-USDT -> no signal
2026-09-18 06:01:53 | INFO | [✓] OP-SWAP-USDT -> no signal
2026-09-18 06:01:53 | INFO | [✓] WLD-SWAP-USDT -> no signal
2026-09-18 06:01:53 | INFO | [✓] SHIBUSDT -> no signal
2026-09-18 06:01:53 | INFO | [✓] ACEUSDT -> no signal
2026-09-18 06:01:53 | INFO | [✓] OPN-SWAP-USDT -> no signal
2026-09-18 06:01:53 | INFO | LOG: run_pipeline_parallel returned 0 signals
2026-09-18 06:01:53 | INFO | LOG: Entering notifier.deliver
2026-09-18 06:01:53 | INFO | [MAIN] No active signal.
2026-09-18 06:01:53 | INFO | LOG: Entering tracker.evaluate_open_signals
2026-09-18 06:01:53 | ERROR | [MAIN] tracker error: 'exit_reason'
2026-09-18 06:01:53 | INFO | 
2026-09-18 06:01:53 | INFO | ============================================================
2026-09-18 06:01:53 | INFO | 📊 CYCLE METRICS
2026-09-18 06:01:53 | INFO | ============================================================
2026-09-18 06:01:53 | INFO |   Total cycle time : 63292.4 ms
2026-09-18 06:01:53 | INFO |   Fetch            : 0.0 ms (0.0%)
2026-09-18 06:01:53 | INFO |   Cache            : 0.0 ms (0.0%)
2026-09-18 06:01:53 | INFO |   Phase 2 (indicators) : 2827.5 ms
2026-09-18 06:01:53 | INFO |   Phase 3 (structure)  : 2880.6 ms
2026-09-18 06:01:53 | INFO |   Phase 4 (FVG/OB)     : 1196.2 ms
2026-09-18 06:01:53 | INFO |   Phase 5 (patterns)   : 4660.6 ms
2026-09-18 06:01:53 | INFO |   Phase 6 (volume)     : 363.1 ms
2026-09-18 06:01:53 | INFO |   Phase 7 (scoring)    : 1877.9 ms
2026-09-18 06:01:53 | INFO |   Tracker            : 0.0 ms
2026-09-18 06:01:53 | INFO |   API requests       : 0
2026-09-18 06:01:53 | INFO |   Candles downloaded : 20517
2026-09-18 06:01:53 | INFO |   Cache hits/misses  : 0/0
2026-09-18 06:01:53 | INFO |   Signals generated  : 0
2026-09-18 06:01:53 | INFO |   Signals rejected   : 0
2026-09-18 06:01:53 | INFO | ============================================================
2026-09-18 06:01:53 | INFO | [MAIN] Cycle done in 63.26s
2026-09-18 06:02:50 | INFO | 
[2026-09-18 06:02:50] Cycle start
2026-09-18 06:02:50 | INFO | [FETCH] due pairs: 21/84
2026-09-18 06:02:53 | INFO | [MAIN] No new data, skipping pipeline...
2026-09-18 06:02:53 | INFO | [MAIN] Cycle done in 3.37s
2026-09-18 06:04:50 | INFO | 
[2026-09-18 06:04:50] Cycle start
2026-09-18 06:04:50 | INFO | [FETCH] due pairs: 21/84
2026-09-18 06:04:54 | INFO | [MAIN] No new data, skipping pipeline...
2026-09-18 06:04:54 | INFO | [MAIN] Cycle done in 4.51s
2026-09-18 06:06:50 | INFO | 
[2026-09-18 06:06:50] Cycle start
2026-09-18 06:06:50 | INFO | [FETCH] due pairs: 21/84
2026-09-18 06:06:53 | INFO | [✓] BTC-SWAP-USDT 5m  →  +1 candles
2026-09-18 06:06:53 | INFO | [✓] ETH-SWAP-USDT 5m  →  +1 candles
2026-09-18 06:06:53 | INFO | [✓] SOL-SWAP-USDT 5m  →  +1 candles
2026-09-18 06:06:53 | INFO | [✓] BNB-SWAP-USDT 5m  →  +1 candles
2026-09-18 06:06:53 | INFO | [✓] XRP-SWAP-USDT 5m  →  +1 candles
2026-09-18 06:06:53 | INFO | [✓] DOGE-SWAP-USDT 5m  →  +1 candles
2026-09-18 06:06:53 | INFO | [✓] ADA-SWAP-USDT 5m  →  +1 candles
2026-09-18 06:06:53 | INFO | [✓] AVAX-SWAP-USDT 5m  →  +1 candles
2026-09-18 06:06:53 | INFO | [✓] DOT-SWAP-USDT 5m  →  +1 candles
2026-09-18 06:06:53 | INFO | [✓] RATSUSDT 5m  →  +1 candles
2026-09-18 06:06:53 | INFO | [✓] LINK-SWAP-USDT 5m  →  +1 candles
2026-09-18 06:06:53 | INFO | [✓] UNI-SWAP-USDT 5m  →  +1 candles
2026-09-18 06:06:53 | INFO | [✓] ATOM-SWAP-USDT 5m  →  +1 candles
2026-09-18 06:06:53 | INFO | [✓] LTC-SWAP-USDT 5m  →  +1 candles
2026-09-18 06:06:53 | INFO | [✓] EDEN-SWAP-USDT 5m  →  +1 candles
2026-09-18 06:06:54 | INFO | [✓] ARB-SWAP-USDT 5m  →  +1 candles
2026-09-18 06:06:54 | INFO | [✓] OP-SWAP-USDT 5m  →  +1 candles
2026-09-18 06:06:54 | INFO | [✓] WLD-SWAP-USDT 5m  →  +1 candles
2026-09-18 06:06:54 | INFO | [✓] SHIBUSDT 5m  →  +1 candles
2026-09-18 06:06:54 | INFO | [✓] ACEUSDT 5m  →  +1 candles
2026-09-18 06:06:54 | INFO | [✓] OPN-SWAP-USDT 5m  →  +1 candles
2026-09-18 06:06:54 | INFO | LOG: Entering run_pipeline_parallel
2026-09-18 06:07:39 | INFO | [✓] BTC-SWAP-USDT -> no signal
2026-09-18 06:07:39 | INFO | [✓] ETH-SWAP-USDT -> no signal
2026-09-18 06:07:39 | INFO | [✓] SOL-SWAP-USDT -> no signal
2026-09-18 06:07:39 | INFO | [✓] BNB-SWAP-USDT -> no signal
2026-09-18 06:07:39 | INFO | [✓] XRP-SWAP-USDT -> no signal
2026-09-18 06:07:39 | INFO | [✓] DOGE-SWAP-USDT -> no signal
2026-09-18 06:07:39 | INFO | [✓] ADA-SWAP-USDT -> no signal
2026-09-18 06:07:39 | INFO | [✓] AVAX-SWAP-USDT -> no signal
2026-09-18 06:07:39 | INFO | [✓] DOT-SWAP-USDT -> no signal
2026-09-18 06:07:39 | INFO | [✓] RATSUSDT -> no signal
2026-09-18 06:07:39 | INFO | [✓] LINK-SWAP-USDT -> no signal
2026-09-18 06:07:39 | INFO | [✓] UNI-SWAP-USDT -> no signal
2026-09-18 06:07:39 | INFO | [✓] ATOM-SWAP-USDT -> no signal
2026-09-18 06:07:39 | INFO | [✓] LTC-SWAP-USDT -> no signal
2026-09-18 06:07:39 | INFO | [✓] EDEN-SWAP-USDT -> no signal
2026-09-18 06:07:39 | INFO | [✓] ARB-SWAP-USDT -> no signal
2026-09-18 06:07:39 | INFO | [✓] OP-SWAP-USDT -> no signal
2026-09-18 06:07:39 | INFO | [✓] WLD-SWAP-USDT -> no signal
2026-09-18 06:07:39 | INFO | [✓] SHIBUSDT -> no signal
2026-09-18 06:07:39 | INFO | [✓] ACEUSDT -> no signal
2026-09-18 06:07:39 | INFO | [✓] OPN-SWAP-USDT -> no signal
2026-09-18 06:07:39 | INFO | LOG: run_pipeline_parallel returned 0 signals
2026-09-18 06:07:39 | INFO | LOG: Entering notifier.deliver
2026-09-18 06:07:39 | INFO | [MAIN] No active signal.
2026-09-18 06:07:39 | INFO | LOG: Entering tracker.evaluate_open_signals
2026-09-18 06:07:39 | ERROR | [MAIN] tracker error: 'exit_reason'
2026-09-18 06:07:39 | INFO | 
2026-09-18 06:07:39 | INFO | ============================================================
2026-09-18 06:07:39 | INFO | 📊 CYCLE METRICS
2026-09-18 06:07:39 | INFO | ============================================================
2026-09-18 06:07:39 | INFO |   Total cycle time : 49823.2 ms
2026-09-18 06:07:39 | INFO |   Fetch            : 0.0 ms (0.0%)
2026-09-18 06:07:39 | INFO |   Cache            : 0.0 ms (0.0%)
2026-09-18 06:07:39 | INFO |   Phase 2 (indicators) : 2867.8 ms
2026-09-18 06:07:39 | INFO |   Phase 3 (structure)  : 2844.8 ms
2026-09-18 06:07:39 | INFO |   Phase 4 (FVG/OB)     : 1216.5 ms
2026-09-18 06:07:39 | INFO |   Phase 5 (patterns)   : 4162.9 ms
2026-09-18 06:07:39 | INFO |   Phase 6 (volume)     : 403.9 ms
2026-09-18 06:07:39 | INFO |   Phase 7 (scoring)    : 1888.7 ms
2026-09-18 06:07:39 | INFO |   Tracker            : 0.0 ms
2026-09-18 06:07:39 | INFO |   API requests       : 0
2026-09-18 06:07:39 | INFO |   Candles downloaded : 21
2026-09-18 06:07:39 | INFO |   Cache hits/misses  : 0/0
2026-09-18 06:07:39 | INFO |   Signals generated  : 0
2026-09-18 06:07:39 | INFO |   Signals rejected   : 0
2026-09-18 06:07:39 | INFO | ============================================================
2026-09-18 06:07:39 | INFO | [MAIN] Cycle done in 49.80s
2026-09-18 06:08:50 | INFO | 
[2026-09-18 06:08:50] Cycle start
2026-09-18 06:08:50 | INFO | [FETCH] due pairs: 42/84
2026-09-18 06:08:54 | INFO | [MAIN] No new data, skipping pipeline...
2026-09-18 06:08:54 | INFO | [MAIN] Cycle done in 4.12s
2026-09-18 06:10:50 | INFO | 
[2026-09-18 06:10:50] Cycle start
2026-09-18 06:10:50 | INFO | [FETCH] due pairs: 21/84
2026-09-18 06:10:54 | INFO | [✓] BTC-SWAP-USDT 5m  →  +1 candles
2026-09-18 06:10:54 | INFO | [✓] ETH-SWAP-USDT 5m  →  +1 candles
2026-09-18 06:10:54 | INFO | [✓] SOL-SWAP-USDT 5m  →  +1 candles
2026-09-18 06:10:54 | INFO | [✓] BNB-SWAP-USDT 5m  →  +1 candles
2026-09-18 06:10:54 | INFO | [✓] XRP-SWAP-USDT 5m  →  +1 candles
2026-09-18 06:10:54 | INFO | [✓] DOGE-SWAP-USDT 5m  →  +1 candles
2026-09-18 06:10:54 | INFO | [✓] ADA-SWAP-USDT 5m  →  +1 candles
2026-09-18 06:10:54 | INFO | [✓] AVAX-SWAP-USDT 5m  →  +1 candles
2026-09-18 06:10:54 | INFO | [✓] DOT-SWAP-USDT 5m  →  +1 candles
2026-09-18 06:10:54 | INFO | [✓] RATSUSDT 5m  →  +1 candles
2026-09-18 06:10:54 | INFO | [✓] LINK-SWAP-USDT 5m  →  +1 candles
2026-09-18 06:10:54 | INFO | [✓] UNI-SWAP-USDT 5m  →  +1 candles
2026-09-18 06:10:54 | INFO | [✓] ATOM-SWAP-USDT 5m  →  +1 candles
2026-09-18 06:10:55 | INFO | [✓] LTC-SWAP-USDT 5m  →  +1 candles
2026-09-18 06:10:55 | INFO | [✓] EDEN-SWAP-USDT 5m  →  +1 candles
2026-09-18 06:10:55 | INFO | [✓] ARB-SWAP-USDT 5m  →  +1 candles
2026-09-18 06:10:55 | INFO | [✓] OP-SWAP-USDT 5m  →  +1 candles
2026-09-18 06:10:55 | INFO | [✓] WLD-SWAP-USDT 5m  →  +1 candles
2026-09-18 06:10:55 | INFO | [✓] SHIBUSDT 5m  →  +1 candles
2026-09-18 06:10:55 | INFO | [✓] ACEUSDT 5m  →  +1 candles
2026-09-18 06:10:55 | INFO | [✓] OPN-SWAP-USDT 5m  →  +1 candles
2026-09-18 06:10:55 | INFO | LOG: Entering run_pipeline_parallel
2026-09-18 06:11:45 | INFO | [✓] BTC-SWAP-USDT -> no signal
2026-09-18 06:11:45 | INFO | [✓] ETH-SWAP-USDT -> no signal
2026-09-18 06:11:45 | INFO | [✓] SOL-SWAP-USDT -> no signal
2026-09-18 06:11:45 | INFO | [✓] BNB-SWAP-USDT -> no signal
2026-09-18 06:11:45 | INFO | [✓] XRP-SWAP-USDT -> no signal
2026-09-18 06:11:45 | INFO | [✓] DOGE-SWAP-USDT -> no signal
2026-09-18 06:11:45 | INFO | [✓] ADA-SWAP-USDT -> no signal
2026-09-18 06:11:45 | INFO | [✓] AVAX-SWAP-USDT -> no signal
2026-09-18 06:11:45 | INFO | [✓] DOT-SWAP-USDT -> no signal
2026-09-18 06:11:45 | INFO | [✓] RATSUSDT -> no signal
2026-09-18 06:11:45 | INFO | [✓] LINK-SWAP-USDT -> no signal
2026-09-18 06:11:45 | INFO | [✓] UNI-SWAP-USDT -> no signal
2026-09-18 06:11:45 | INFO | [✓] ATOM-SWAP-USDT -> no signal
2026-09-18 06:11:45 | INFO | [✓] LTC-SWAP-USDT -> no signal
2026-09-18 06:11:45 | INFO | [✓] EDEN-SWAP-USDT -> no signal
2026-09-18 06:11:45 | INFO | [✓] ARB-SWAP-USDT -> no signal
2026-09-18 06:11:45 | INFO | [✓] OP-SWAP-USDT -> no signal
2026-09-18 06:11:45 | INFO | [✓] WLD-SWAP-USDT -> no signal
2026-09-18 06:11:45 | INFO | [✓] SHIBUSDT -> no signal
2026-09-18 06:11:45 | INFO | [✓] ACEUSDT -> no signal
2026-09-18 06:11:45 | INFO | [✓] OPN-SWAP-USDT -> no signal
2026-09-18 06:11:45 | INFO | LOG: run_pipeline_parallel returned 0 signals
2026-09-18 06:11:45 | INFO | LOG: Entering notifier.deliver
2026-09-18 06:11:45 | INFO | [MAIN] No active signal.
2026-09-18 06:11:45 | INFO | LOG: Entering tracker.evaluate_open_signals
2026-09-18 06:11:45 | ERROR | [MAIN] tracker error: 'exit_reason'
2026-09-18 06:11:45 | INFO | 
2026-09-18 06:11:45 | INFO | ============================================================
2026-09-18 06:11:45 | INFO | 📊 CYCLE METRICS
2026-09-18 06:11:45 | INFO | ============================================================
2026-09-18 06:11:45 | INFO |   Total cycle time : 55001.5 ms
2026-09-18 06:11:45 | INFO |   Fetch            : 0.0 ms (0.0%)
2026-09-18 06:11:45 | INFO |   Cache            : 0.0 ms (0.0%)
2026-09-18 06:11:45 | INFO |   Phase 2 (indicators) : 2892.8 ms
2026-09-18 06:11:45 | INFO |   Phase 3 (structure)  : 2909.0 ms
2026-09-18 06:11:45 | INFO |   Phase 4 (FVG/OB)     : 1240.0 ms
2026-09-18 06:11:45 | INFO |   Phase 5 (patterns)   : 4019.7 ms
2026-09-18 06:11:45 | INFO |   Phase 6 (volume)     : 386.3 ms
2026-09-18 06:11:45 | INFO |   Phase 7 (scoring)    : 2003.9 ms
2026-09-18 06:11:45 | INFO |   Tracker            : 0.0 ms
2026-09-18 06:11:45 | INFO |   API requests       : 0
2026-09-18 06:11:45 | INFO |   Candles downloaded : 21
2026-09-18 06:11:45 | INFO |   Cache hits/misses  : 0/0
2026-09-18 06:11:45 | INFO |   Signals generated  : 0
2026-09-18 06:11:45 | INFO |   Signals rejected   : 0
2026-09-18 06:11:45 | INFO | ============================================================
2026-09-18 06:11:45 | INFO | [MAIN] Cycle done in 54.98s
2026-09-18 06:12:50 | INFO | 
[2026-09-18 06:12:50] Cycle start
2026-09-18 06:12:50 | INFO | [FETCH] due pairs: 21/84
2026-09-18 06:12:54 | INFO | [MAIN] No new data, skipping pipeline...
2026-09-18 06:12:54 | INFO | [MAIN] Cycle done in 4.07s
2026-09-18 06:14:50 | INFO | 
[2026-09-18 06:14:50] Cycle start
2026-09-18 06:14:50 | INFO | [FETCH] due pairs: 21/84
2026-09-18 06:14:54 | INFO | [MAIN] No new data, skipping pipeline...
2026-09-18 06:14:54 | INFO | [MAIN] Cycle done in 4.42s
2026-09-18 06:16:50 | INFO | 
[2026-09-18 06:16:50] Cycle start
2026-09-18 06:16:50 | INFO | [FETCH] due pairs: 42/84
2026-09-18 06:16:53 | INFO | [✓] BTC-SWAP-USDT 5m  →  +1 candles
2026-09-18 06:16:53 | INFO | [✓] BTC-SWAP-USDT 15m  →  +1 candles
2026-09-18 06:16:53 | INFO | [✓] ETH-SWAP-USDT 5m  →  +1 candles
2026-09-18 06:16:53 | INFO | [✓] ETH-SWAP-USDT 15m  →  +1 candles
2026-09-18 06:16:53 | INFO | [✓] SOL-SWAP-USDT 5m  →  +1 candles
2026-09-18 06:16:53 | INFO | [✓] SOL-SWAP-USDT 15m  →  +1 candles
2026-09-18 06:16:53 | INFO | [✓] BNB-SWAP-USDT 5m  →  +1 candles
2026-09-18 06:16:53 | INFO | [✓] BNB-SWAP-USDT 15m  →  +1 candles
2026-09-18 06:16:53 | INFO | [✓] XRP-SWAP-USDT 5m  →  +1 candles
2026-09-18 06:16:53 | INFO | [✓] XRP-SWAP-USDT 15m  →  +1 candles
2026-09-18 06:16:53 | INFO | [✓] DOGE-SWAP-USDT 5m  →  +1 candles
2026-09-18 06:16:53 | INFO | [✓] DOGE-SWAP-USDT 15m  →  +1 candles
2026-09-18 06:16:53 | INFO | [✓] ADA-SWAP-USDT 5m  →  +1 candles
2026-09-18 06:16:53 | INFO | [✓] ADA-SWAP-USDT 15m  →  +1 candles
2026-09-18 06:16:54 | INFO | [✓] AVAX-SWAP-USDT 5m  →  +1 candles
2026-09-18 06:16:54 | INFO | [✓] AVAX-SWAP-USDT 15m  →  +1 candles
2026-09-18 06:16:54 | INFO | [✓] DOT-SWAP-USDT 5m  →  +1 candles
2026-09-18 06:16:54 | INFO | [✓] DOT-SWAP-USDT 15m  →  +1 candles
2026-09-18 06:16:54 | INFO | [✓] RATSUSDT 5m  →  +1 candles
2026-09-18 06:16:54 | INFO | [✓] RATSUSDT 15m  →  +1 candles
2026-09-18 06:16:54 | INFO | [✓] LINK-SWAP-USDT 5m  →  +1 candles
2026-09-18 06:16:54 | INFO | [✓] LINK-SWAP-USDT 15m  →  +1 candles
2026-09-18 06:16:54 | INFO | [✓] UNI-SWAP-USDT 5m  →  +1 candles
2026-09-18 06:16:54 | INFO | [✓] UNI-SWAP-USDT 15m  →  +1 candles
2026-09-18 06:16:54 | INFO | [✓] ATOM-SWAP-USDT 5m  →  +1 candles
2026-09-18 06:16:54 | INFO | [✓] ATOM-SWAP-USDT 15m  →  +1 candles
2026-09-18 06:16:54 | INFO | [✓] LTC-SWAP-USDT 5m  →  +1 candles
2026-09-18 06:16:54 | INFO | [✓] LTC-SWAP-USDT 15m  →  +1 candles
2026-09-18 06:16:54 | INFO | [✓] EDEN-SWAP-USDT 5m  →  +1 candles
2026-09-18 06:16:54 | INFO | [✓] EDEN-SWAP-USDT 15m  →  +1 candles
2026-09-18 06:16:54 | INFO | [✓] ARB-SWAP-USDT 5m  →  +1 candles
2026-09-18 06:16:55 | INFO | [✓] ARB-SWAP-USDT 15m  →  +1 candles
2026-09-18 06:16:55 | INFO | [✓] OP-SWAP-USDT 5m  →  +1 candles
2026-09-18 06:16:55 | INFO | [✓] OP-SWAP-USDT 15m  →  +1 candles
2026-09-18 06:16:55 | INFO | [✓] WLD-SWAP-USDT 5m  →  +1 candles
2026-09-18 06:16:55 | INFO | [✓] WLD-SWAP-USDT 15m  →  +1 candles
2026-09-18 06:16:55 | INFO | [✓] SHIBUSDT 5m  →  +1 candles
2026-09-18 06:16:55 | INFO | [✓] SHIBUSDT 15m  →  +1 candles
2026-09-18 06:16:55 | INFO | [✓] ACEUSDT 5m  →  +1 candles
2026-09-18 06:16:55 | INFO | [✓] ACEUSDT 15m  →  +1 candles
2026-09-18 06:16:55 | INFO | [✓] OPN-SWAP-USDT 5m  →  +1 candles
2026-09-18 06:16:55 | INFO | [✓] OPN-SWAP-USDT 15m  →  +1 candles
2026-09-18 06:16:55 | INFO | LOG: Entering run_pipeline_parallel
2026-09-18 06:17:40 | INFO | [✓] BTC-SWAP-USDT -> no signal
2026-09-18 06:17:40 | INFO | [✓] ETH-SWAP-USDT -> no signal
2026-09-18 06:17:40 | INFO | [✓] SOL-SWAP-USDT -> no signal
2026-09-18 06:17:40 | INFO | [✓] BNB-SWAP-USDT -> no signal
2026-09-18 06:17:40 | INFO | [✓] XRP-SWAP-USDT -> no signal
2026-09-18 06:17:40 | INFO | [✓] DOGE-SWAP-USDT -> no signal
2026-09-18 06:17:40 | INFO | [✓] ADA-SWAP-USDT -> no signal
2026-09-18 06:17:40 | INFO | [✓] AVAX-SWAP-USDT -> no signal
2026-09-18 06:17:40 | INFO | [✓] DOT-SWAP-USDT -> no signal
2026-09-18 06:17:40 | INFO | [✓] RATSUSDT -> no signal
2026-09-18 06:17:40 | INFO | [✓] LINK-SWAP-USDT -> no signal
2026-09-18 06:17:40 | INFO | [✓] UNI-SWAP-USDT -> no signal
2026-09-18 06:17:40 | INFO | [✓] ATOM-SWAP-USDT -> no signal
2026-09-18 06:17:40 | INFO | [✓] LTC-SWAP-USDT -> no signal
2026-09-18 06:17:40 | INFO | [✓] EDEN-SWAP-USDT -> no signal
2026-09-18 06:17:40 | INFO | [✓] ARB-SWAP-USDT -> no signal
2026-09-18 06:17:40 | INFO | [✓] OP-SWAP-USDT -> no signal
2026-09-18 06:17:40 | INFO | [✓] WLD-SWAP-USDT -> no signal
2026-09-18 06:17:40 | INFO | [✓] SHIBUSDT -> no signal
2026-09-18 06:17:40 | INFO | [✓] ACEUSDT -> no signal
2026-09-18 06:17:40 | INFO | [✓] OPN-SWAP-USDT -> no signal
2026-09-18 06:17:40 | INFO | LOG: run_pipeline_parallel returned 0 signals
2026-09-18 06:17:40 | INFO | LOG: Entering notifier.deliver
2026-09-18 06:17:40 | INFO | [MAIN] No active signal.
2026-09-18 06:17:40 | INFO | LOG: Entering tracker.evaluate_open_signals
2026-09-18 06:17:40 | ERROR | [MAIN] tracker error: 'exit_reason'
2026-09-18 06:17:40 | INFO | 
2026-09-18 06:17:40 | INFO | ============================================================
2026-09-18 06:17:40 | INFO | 📊 CYCLE METRICS
2026-09-18 06:17:40 | INFO | ============================================================
2026-09-18 06:17:40 | INFO |   Total cycle time : 50225.9 ms
2026-09-18 06:17:40 | INFO |   Fetch            : 0.0 ms (0.0%)
2026-09-18 06:17:40 | INFO |   Cache            : 0.0 ms (0.0%)
2026-09-18 06:17:40 | INFO |   Phase 2 (indicators) : 2759.2 ms
2026-09-18 06:17:40 | INFO |   Phase 3 (structure)  : 2836.6 ms
2026-09-18 06:17:40 | INFO |   Phase 4 (FVG/OB)     : 1216.2 ms
2026-09-18 06:17:40 | INFO |   Phase 5 (patterns)   : 4106.1 ms
2026-09-18 06:17:40 | INFO |   Phase 6 (volume)     : 419.4 ms
2026-09-18 06:17:40 | INFO |   Phase 7 (scoring)    : 1921.7 ms
2026-09-18 06:17:40 | INFO |   Tracker            : 0.0 ms
2026-09-18 06:17:40 | INFO |   API requests       : 0
2026-09-18 06:17:40 | INFO |   Candles downloaded : 42
2026-09-18 06:17:40 | INFO |   Cache hits/misses  : 0/0
2026-09-18 06:17:40 | INFO |   Signals generated  : 0
2026-09-18 06:17:40 | INFO |   Signals rejected   : 0
2026-09-18 06:17:40 | INFO | ============================================================
2026-09-18 06:17:40 | INFO | [MAIN] Cycle done in 50.20s
2026-09-18 06:18:50 | INFO | 
[2026-09-18 06:18:50] Cycle start
2026-09-18 06:18:50 | INFO | [FETCH] due pairs: 21/84
2026-09-18 06:18:53 | INFO | [MAIN] No new data, skipping pipeline...
2026-09-18 06:18:53 | INFO | [MAIN] Cycle done in 2.88s
2026-09-18 06:20:50 | INFO | 
[2026-09-18 06:20:50] Cycle start
2026-09-18 06:20:50 | INFO | [FETCH] due pairs: 21/84
2026-09-18 06:20:53 | INFO | [✓] BTC-SWAP-USDT 5m  →  +1 candles
2026-09-18 06:20:53 | INFO | [✓] ETH-SWAP-USDT 5m  →  +1 candles
2026-09-18 06:20:53 | INFO | [✓] SOL-SWAP-USDT 5m  →  +1 candles
2026-09-18 06:20:53 | INFO | [✓] BNB-SWAP-USDT 5m  →  +1 candles
2026-09-18 06:20:53 | INFO | [✓] XRP-SWAP-USDT 5m  →  +1 candles
2026-09-18 06:20:53 | INFO | [✓] DOGE-SWAP-USDT 5m  →  +1 candles
2026-09-18 06:20:53 | INFO | [✓] ADA-SWAP-USDT 5m  →  +1 candles
2026-09-18 06:20:53 | INFO | [✓] AVAX-SWAP-USDT 5m  →  +1 candles
2026-09-18 06:20:53 | INFO | [✓] DOT-SWAP-USDT 5m  →  +1 candles
2026-09-18 06:20:53 | INFO | [✓] RATSUSDT 5m  →  +1 candles
2026-09-18 06:20:54 | INFO | [✓] LINK-SWAP-USDT 5m  →  +1 candles
2026-09-18 06:20:54 | INFO | [✓] UNI-SWAP-USDT 5m  →  +1 candles
2026-09-18 06:20:54 | INFO | [✓] ATOM-SWAP-USDT 5m  →  +1 candles
2026-09-18 06:20:54 | INFO | [✓] LTC-SWAP-USDT 5m  →  +1 candles
2026-09-18 06:20:54 | INFO | [✓] EDEN-SWAP-USDT 5m  →  +1 candles
2026-09-18 06:20:54 | INFO | [✓] ARB-SWAP-USDT 5m  →  +1 candles
2026-09-18 06:20:54 | INFO | [✓] OP-SWAP-USDT 5m  →  +1 candles
2026-09-18 06:20:54 | INFO | [✓] WLD-SWAP-USDT 5m  →  +1 candles
2026-09-18 06:20:54 | INFO | [✓] SHIBUSDT 5m  →  +1 candles
2026-09-18 06:20:54 | INFO | [✓] ACEUSDT 5m  →  +1 candles
2026-09-18 06:20:54 | INFO | [✓] OPN-SWAP-USDT 5m  →  +1 candles
2026-09-18 06:20:54 | INFO | LOG: Entering run_pipeline_parallel
2026-09-18 06:21:37 | INFO | [✓] BTC-SWAP-USDT -> no signal
2026-09-18 06:21:37 | INFO | [✓] ETH-SWAP-USDT -> no signal
2026-09-18 06:21:37 | INFO | [✓] SOL-SWAP-USDT -> no signal
2026-09-18 06:21:37 | INFO | [✓] BNB-SWAP-USDT -> no signal
2026-09-18 06:21:37 | INFO | [✓] XRP-SWAP-USDT -> no signal
2026-09-18 06:21:37 | INFO | [✓] DOGE-SWAP-USDT -> no signal
2026-09-18 06:21:37 | INFO | [✓] ADA-SWAP-USDT -> no signal
2026-09-18 06:21:37 | INFO | [✓] AVAX-SWAP-USDT -> no signal
2026-09-18 06:21:37 | INFO | [✓] DOT-SWAP-USDT -> no signal
2026-09-18 06:21:37 | INFO | [✓] RATSUSDT -> no signal
2026-09-18 06:21:37 | INFO | [✓] LINK-SWAP-USDT -> no signal
2026-09-18 06:21:37 | INFO | [✓] UNI-SWAP-USDT -> no signal
2026-09-18 06:21:37 | INFO | [✓] ATOM-SWAP-USDT -> no signal
2026-09-18 06:21:37 | INFO | [✓] LTC-SWAP-USDT -> no signal
2026-09-18 06:21:37 | INFO | [✓] EDEN-SWAP-USDT -> no signal
2026-09-18 06:21:37 | INFO | [✓] ARB-SWAP-USDT -> no signal
2026-09-18 06:21:37 | INFO | [✓] OP-SWAP-USDT -> no signal
2026-09-18 06:21:37 | INFO | [✓] WLD-SWAP-USDT -> no signal
2026-09-18 06:21:37 | INFO | [✓] SHIBUSDT -> no signal
2026-09-18 06:21:37 | INFO | [✓] ACEUSDT -> no signal
2026-09-18 06:21:37 | INFO | [✓] OPN-SWAP-USDT -> no signal
2026-09-18 06:21:37 | INFO | LOG: run_pipeline_parallel returned 0 signals
2026-09-18 06:21:37 | INFO | LOG: Entering notifier.deliver
2026-09-18 06:21:37 | INFO | [MAIN] No active signal.
2026-09-18 06:21:37 | INFO | LOG: Entering tracker.evaluate_open_signals
2026-09-18 06:21:37 | ERROR | [MAIN] tracker error: 'exit_reason'
2026-09-18 06:21:37 | INFO | 
2026-09-18 06:21:37 | INFO | ============================================================
2026-09-18 06:21:37 | INFO | 📊 CYCLE METRICS
2026-09-18 06:21:37 | INFO | ============================================================
2026-09-18 06:21:37 | INFO |   Total cycle time : 47408.3 ms
2026-09-18 06:21:37 | INFO |   Fetch            : 0.0 ms (0.0%)
2026-09-18 06:21:37 | INFO |   Cache            : 0.0 ms (0.0%)
2026-09-18 06:21:37 | INFO |   Phase 2 (indicators) : 2869.3 ms
2026-09-18 06:21:37 | INFO |   Phase 3 (structure)  : 2866.2 ms
2026-09-18 06:21:37 | INFO |   Phase 4 (FVG/OB)     : 1213.4 ms
2026-09-18 06:21:37 | INFO |   Phase 5 (patterns)   : 3730.4 ms
2026-09-18 06:21:37 | INFO |   Phase 6 (volume)     : 359.0 ms
2026-09-18 06:21:37 | INFO |   Phase 7 (scoring)    : 1940.7 ms
2026-09-18 06:21:37 | INFO |   Tracker            : 0.0 ms
2026-09-18 06:21:37 | INFO |   API requests       : 0
2026-09-18 06:21:37 | INFO |   Candles downloaded : 21
2026-09-18 06:21:37 | INFO |   Cache hits/misses  : 0/0
2026-09-18 06:21:37 | INFO |   Signals generated  : 0
2026-09-18 06:21:37 | INFO |   Signals rejected   : 0
2026-09-18 06:21:37 | INFO | ============================================================
2026-09-18 06:21:37 | INFO | [MAIN] Cycle done in 47.39s
2026-09-18 06:22:50 | INFO | 
[2026-09-18 06:22:50] Cycle start
2026-09-18 06:22:50 | INFO | [FETCH] due pairs: 42/84
2026-09-18 06:22:54 | INFO | [MAIN] No new data, skipping pipeline...
2026-09-18 06:22:54 | INFO | [MAIN] Cycle done in 3.96s
2026-09-18 06:24:50 | INFO | 
[2026-09-18 06:24:50] Cycle start
2026-09-18 06:24:50 | INFO | [FETCH] due pairs: 42/84
2026-09-18 06:24:55 | INFO | [MAIN] No new data, skipping pipeline...
2026-09-18 06:24:55 | INFO | [MAIN] Cycle done in 5.52s
2026-09-18 06:26:50 | INFO | 
[2026-09-18 06:26:50] Cycle start
2026-09-18 06:26:50 | INFO | [FETCH] due pairs: 21/84
2026-09-18 06:26:52 | INFO | [✓] BTC-SWAP-USDT 5m  →  +1 candles
2026-09-18 06:26:52 | INFO | [✓] ETH-SWAP-USDT 5m  →  +1 candles
2026-09-18 06:26:52 | INFO | [✓] SOL-SWAP-USDT 5m  →  +1 candles
2026-09-18 06:26:52 | INFO | [✓] BNB-SWAP-USDT 5m  →  +1 candles
2026-09-18 06:26:52 | INFO | [✓] XRP-SWAP-USDT 5m  →  +1 candles
2026-09-18 06:26:52 | INFO | [✓] DOGE-SWAP-USDT 5m  →  +1 candles
2026-09-18 06:26:52 | INFO | [✓] ADA-SWAP-USDT 5m  →  +1 candles
2026-09-18 06:26:52 | INFO | [✓] AVAX-SWAP-USDT 5m  →  +1 candles
2026-09-18 06:26:52 | INFO | [✓] DOT-SWAP-USDT 5m  →  +1 candles
2026-09-18 06:26:52 | INFO | [✓] RATSUSDT 5m  →  +1 candles
2026-09-18 06:26:53 | INFO | [✓] LINK-SWAP-USDT 5m  →  +1 candles
2026-09-18 06:26:53 | INFO | [✓] UNI-SWAP-USDT 5m  →  +1 candles
2026-09-18 06:26:53 | INFO | [✓] ATOM-SWAP-USDT 5m  →  +1 candles
2026-09-18 06:26:53 | INFO | [✓] LTC-SWAP-USDT 5m  →  +1 candles
2026-09-18 06:26:53 | INFO | [✓] EDEN-SWAP-USDT 5m  →  +1 candles
2026-09-18 06:26:53 | INFO | [✓] ARB-SWAP-USDT 5m  →  +1 candles
2026-09-18 06:26:53 | INFO | [✓] OP-SWAP-USDT 5m  →  +1 candles
2026-09-18 06:26:53 | INFO | [✓] WLD-SWAP-USDT 5m  →  +1 candles
2026-09-18 06:26:53 | INFO | [✓] SHIBUSDT 5m  →  +1 candles
2026-09-18 06:26:53 | INFO | [✓] ACEUSDT 5m  →  +1 candles
2026-09-18 06:26:53 | INFO | [✓] OPN-SWAP-USDT 5m  →  +1 candles
2026-09-18 06:26:53 | INFO | LOG: Entering run_pipeline_parallel
2026-09-18 06:27:40 | INFO | [✓] BTC-SWAP-USDT -> no signal
2026-09-18 06:27:40 | INFO | [✓] ETH-SWAP-USDT -> no signal
2026-09-18 06:27:40 | INFO | [✓] SOL-SWAP-USDT -> no signal
2026-09-18 06:27:40 | INFO | [✓] BNB-SWAP-USDT -> no signal
2026-09-18 06:27:40 | INFO | [✓] XRP-SWAP-USDT -> no signal
2026-09-18 06:27:40 | INFO | [✓] DOGE-SWAP-USDT -> no signal
2026-09-18 06:27:40 | INFO | [✓] ADA-SWAP-USDT -> no signal
2026-09-18 06:27:40 | INFO | [✓] AVAX-SWAP-USDT -> no signal
2026-09-18 06:27:40 | INFO | [✓] DOT-SWAP-USDT -> no signal
2026-09-18 06:27:40 | INFO | [✓] RATSUSDT -> no signal
2026-09-18 06:27:40 | INFO | [✓] LINK-SWAP-USDT -> no signal
2026-09-18 06:27:40 | INFO | [✓] UNI-SWAP-USDT -> no signal
2026-09-18 06:27:40 | INFO | [✓] ATOM-SWAP-USDT -> no signal
2026-09-18 06:27:40 | INFO | [✓] LTC-SWAP-USDT -> no signal
2026-09-18 06:27:40 | INFO | [✓] EDEN-SWAP-USDT -> no signal
2026-09-18 06:27:41 | INFO | [✓] ARB-SWAP-USDT -> no signal
2026-09-18 06:27:41 | INFO | [✓] OP-SWAP-USDT -> no signal
2026-09-18 06:27:41 | INFO | [✓] WLD-SWAP-USDT -> no signal
2026-09-18 06:27:41 | INFO | [✓] SHIBUSDT -> no signal
2026-09-18 06:27:41 | INFO | [✓] ACEUSDT -> no signal
2026-09-18 06:27:41 | INFO | [✓] OPN-SWAP-USDT -> no signal
2026-09-18 06:27:41 | INFO | LOG: run_pipeline_parallel returned 0 signals
2026-09-18 06:27:41 | INFO | LOG: Entering notifier.deliver
2026-09-18 06:27:41 | INFO | [MAIN] No active signal.
2026-09-18 06:27:41 | INFO | LOG: Entering tracker.evaluate_open_signals
2026-09-18 06:27:41 | ERROR | [MAIN] tracker error: 'exit_reason'
2026-09-18 06:27:41 | INFO | 
2026-09-18 06:27:41 | INFO | ============================================================
2026-09-18 06:27:41 | INFO | 📊 CYCLE METRICS
2026-09-18 06:27:41 | INFO | ============================================================
2026-09-18 06:27:41 | INFO |   Total cycle time : 50793.6 ms
2026-09-18 06:27:41 | INFO |   Fetch            : 0.0 ms (0.0%)
2026-09-18 06:27:41 | INFO |   Cache            : 0.0 ms (0.0%)
2026-09-18 06:27:41 | INFO |   Phase 2 (indicators) : 2775.2 ms
2026-09-18 06:27:41 | INFO |   Phase 3 (structure)  : 2820.1 ms
2026-09-18 06:27:41 | INFO |   Phase 4 (FVG/OB)     : 1208.9 ms
2026-09-18 06:27:41 | INFO |   Phase 5 (patterns)   : 4163.7 ms
2026-09-18 06:27:41 | INFO |   Phase 6 (volume)     : 372.5 ms
2026-09-18 06:27:41 | INFO |   Phase 7 (scoring)    : 1929.0 ms
2026-09-18 06:27:41 | INFO |   Tracker            : 0.0 ms
2026-09-18 06:27:41 | INFO |   API requests       : 0
2026-09-18 06:27:41 | INFO |   Candles downloaded : 21
2026-09-18 06:27:41 | INFO |   Cache hits/misses  : 0/0
2026-09-18 06:27:41 | INFO |   Signals generated  : 0
2026-09-18 06:27:41 | INFO |   Signals rejected   : 0
2026-09-18 06:27:41 | INFO | ============================================================
2026-09-18 06:27:41 | INFO | [MAIN] Cycle done in 50.78s
2026-09-18 06:28:50 | INFO | 
[2026-09-18 06:28:50] Cycle start
2026-09-18 06:28:50 | INFO | [FETCH] due pairs: 21/84
2026-09-18 06:28:54 | INFO | [MAIN] No new data, skipping pipeline...
2026-09-18 06:28:54 | INFO | [MAIN] Cycle done in 4.59s
2026-09-18 06:30:50 | INFO | 
[2026-09-18 06:30:50] Cycle start
2026-09-18 06:30:50 | INFO | [FETCH] due pairs: 21/84
2026-09-18 06:30:53 | INFO | [✓] BTC-SWAP-USDT 5m  →  +1 candles
2026-09-18 06:30:53 | INFO | [✓] ETH-SWAP-USDT 5m  →  +1 candles
2026-09-18 06:30:53 | INFO | [✓] SOL-SWAP-USDT 5m  →  +1 candles
2026-09-18 06:30:53 | INFO | [✓] BNB-SWAP-USDT 5m  →  +1 candles
2026-09-18 06:30:53 | INFO | [✓] XRP-SWAP-USDT 5m  →  +1 candles
2026-09-18 06:30:53 | INFO | [✓] DOGE-SWAP-USDT 5m  →  +1 candles
2026-09-18 06:30:53 | INFO | [✓] ADA-SWAP-USDT 5m  →  +1 candles
2026-09-18 06:30:54 | INFO | [✓] AVAX-SWAP-USDT 5m  →  +1 candles
2026-09-18 06:30:54 | INFO | [✓] DOT-SWAP-USDT 5m  →  +1 candles
2026-09-18 06:30:54 | INFO | [✓] RATSUSDT 5m  →  +1 candles
2026-09-18 06:30:54 | INFO | [✓] LINK-SWAP-USDT 5m  →  +1 candles
2026-09-18 06:30:54 | INFO | [✓] UNI-SWAP-USDT 5m  →  +1 candles
2026-09-18 06:30:54 | INFO | [✓] ATOM-SWAP-USDT 5m  →  +1 candles
2026-09-18 06:30:54 | INFO | [✓] LTC-SWAP-USDT 5m  →  +1 candles
2026-09-18 06:30:54 | INFO | [✓] EDEN-SWAP-USDT 5m  →  +1 candles
2026-09-18 06:30:54 | INFO | [✓] ARB-SWAP-USDT 5m  →  +1 candles
2026-09-18 06:30:54 | INFO | [✓] OP-SWAP-USDT 5m  →  +1 candles
2026-09-18 06:30:54 | INFO | [✓] WLD-SWAP-USDT 5m  →  +1 candles
2026-09-18 06:30:54 | INFO | [✓] SHIBUSDT 5m  →  +1 candles
2026-09-18 06:30:54 | INFO | [✓] ACEUSDT 5m  →  +1 candles
2026-09-18 06:30:54 | INFO | [✓] OPN-SWAP-USDT 5m  →  +1 candles
2026-09-18 06:30:54 | INFO | LOG: Entering run_pipeline_parallel
2026-09-18 06:31:43 | INFO | [✓] BTC-SWAP-USDT -> no signal
2026-09-18 06:31:43 | INFO | [✓] ETH-SWAP-USDT -> no signal
2026-09-18 06:31:43 | INFO | [✓] SOL-SWAP-USDT -> no signal
2026-09-18 06:31:43 | INFO | [✓] BNB-SWAP-USDT -> no signal
2026-09-18 06:31:43 | INFO | [✓] XRP-SWAP-USDT -> no signal
2026-09-18 06:31:43 | INFO | [✓] DOGE-SWAP-USDT -> no signal
2026-09-18 06:31:43 | INFO | [✓] ADA-SWAP-USDT -> no signal
2026-09-18 06:31:43 | INFO | [✓] AVAX-SWAP-USDT -> no signal
2026-09-18 06:31:43 | INFO | [✓] DOT-SWAP-USDT -> no signal
2026-09-18 06:31:43 | INFO | [✓] RATSUSDT -> no signal
2026-09-18 06:31:43 | INFO | [✓] LINK-SWAP-USDT -> no signal
2026-09-18 06:31:43 | INFO | [✓] UNI-SWAP-USDT -> no signal
2026-09-18 06:31:43 | INFO | [✓] ATOM-SWAP-USDT -> no signal
2026-09-18 06:31:43 | INFO | [✓] LTC-SWAP-USDT -> no signal
2026-09-18 06:31:43 | INFO | [✓] EDEN-SWAP-USDT -> no signal
2026-09-18 06:31:43 | INFO | [✓] ARB-SWAP-USDT -> no signal
2026-09-18 06:31:43 | INFO | [✓] OP-SWAP-USDT -> no signal
2026-09-18 06:31:43 | INFO | [✓] WLD-SWAP-USDT -> no signal
2026-09-18 06:31:43 | INFO | [✓] SHIBUSDT -> no signal
2026-09-18 06:31:43 | INFO | [✓] ACEUSDT -> no signal
2026-09-18 06:31:43 | INFO | [✓] OPN-SWAP-USDT -> no signal
2026-09-18 06:31:43 | INFO | LOG: run_pipeline_parallel returned 0 signals
2026-09-18 06:31:43 | INFO | LOG: Entering notifier.deliver
2026-09-18 06:31:43 | INFO | [MAIN] No active signal.
2026-09-18 06:31:43 | INFO | LOG: Entering tracker.evaluate_open_signals
2026-09-18 06:31:43 | ERROR | [MAIN] tracker error: 'exit_reason'
2026-09-18 06:31:43 | INFO | 
2026-09-18 06:31:43 | INFO | ============================================================
2026-09-18 06:31:43 | INFO | 📊 CYCLE METRICS
2026-09-18 06:31:43 | INFO | ============================================================
2026-09-18 06:31:43 | INFO |   Total cycle time : 53347.6 ms
2026-09-18 06:31:43 | INFO |   Fetch            : 0.0 ms (0.0%)
2026-09-18 06:31:43 | INFO |   Cache            : 0.0 ms (0.0%)
2026-09-18 06:31:43 | INFO |   Phase 2 (indicators) : 2770.5 ms
2026-09-18 06:31:43 | INFO |   Phase 3 (structure)  : 2878.4 ms
2026-09-18 06:31:43 | INFO |   Phase 4 (FVG/OB)     : 1201.3 ms
2026-09-18 06:31:43 | INFO |   Phase 5 (patterns)   : 4162.9 ms
2026-09-18 06:31:43 | INFO |   Phase 6 (volume)     : 422.3 ms
2026-09-18 06:31:43 | INFO |   Phase 7 (scoring)    : 1948.2 ms
2026-09-18 06:31:43 | INFO |   Tracker            : 0.0 ms
2026-09-18 06:31:43 | INFO |   API requests       : 0
2026-09-18 06:31:43 | INFO |   Candles downloaded : 21
2026-09-18 06:31:43 | INFO |   Cache hits/misses  : 0/0
2026-09-18 06:31:43 | INFO |   Signals generated  : 0
2026-09-18 06:31:43 | INFO |   Signals rejected   : 0
2026-09-18 06:31:43 | INFO | ============================================================
2026-09-18 06:31:43 | INFO | [MAIN] Cycle done in 53.33s
2026-09-18 06:32:50 | INFO | 
[2026-09-18 06:32:50] Cycle start
2026-09-18 06:32:50 | INFO | [FETCH] due pairs: 42/84
2026-09-18 06:32:52 | INFO | [✓] BTC-SWAP-USDT 15m  →  +1 candles
2026-09-18 06:32:52 | INFO | [✓] ETH-SWAP-USDT 15m  →  +1 candles
2026-09-18 06:32:52 | INFO | [✓] SOL-SWAP-USDT 15m  →  +1 candles
2026-09-18 06:32:52 | INFO | [✓] BNB-SWAP-USDT 15m  →  +1 candles
2026-09-18 06:32:52 | INFO | [✓] XRP-SWAP-USDT 15m  →  +1 candles
2026-09-18 06:32:52 | INFO | [✓] DOGE-SWAP-USDT 15m  →  +1 candles
2026-09-18 06:32:52 | INFO | [✓] ADA-SWAP-USDT 15m  →  +1 candles
2026-09-18 06:32:53 | INFO | [✓] AVAX-SWAP-USDT 15m  →  +1 candles
2026-09-18 06:32:53 | INFO | [✓] DOT-SWAP-USDT 15m  →  +1 candles
2026-09-18 06:32:53 | INFO | [✓] RATSUSDT 15m  →  +1 candles
2026-09-18 06:32:53 | INFO | [✓] LINK-SWAP-USDT 15m  →  +1 candles
2026-09-18 06:32:53 | INFO | [✓] UNI-SWAP-USDT 15m  →  +1 candles
2026-09-18 06:32:53 | INFO | [✓] ATOM-SWAP-USDT 15m  →  +1 candles
2026-09-18 06:32:53 | INFO | [✓] LTC-SWAP-USDT 15m  →  +1 candles
2026-09-18 06:32:53 | INFO | [✓] EDEN-SWAP-USDT 15m  →  +1 candles
2026-09-18 06:32:53 | INFO | [✓] ARB-SWAP-USDT 15m  →  +1 candles
2026-09-18 06:32:54 | INFO | [✓] OP-SWAP-USDT 15m  →  +1 candles
2026-09-18 06:32:54 | INFO | [✓] WLD-SWAP-USDT 15m  →  +1 candles
2026-09-18 06:32:54 | INFO | [✓] SHIBUSDT 15m  →  +1 candles
2026-09-18 06:32:54 | INFO | [✓] ACEUSDT 15m  →  +1 candles
2026-09-18 06:32:54 | INFO | [✓] OPN-SWAP-USDT 15m  →  +1 candles
2026-09-18 06:32:54 | INFO | LOG: Entering run_pipeline_parallel
2026-09-18 06:33:43 | INFO | [✓] BTC-SWAP-USDT -> no signal
2026-09-18 06:33:43 | INFO | [✓] ETH-SWAP-USDT -> no signal
2026-09-18 06:33:43 | INFO | [✓] SOL-SWAP-USDT -> no signal
2026-09-18 06:33:43 | INFO | [✓] BNB-SWAP-USDT -> no signal
2026-09-18 06:33:43 | INFO | [✓] XRP-SWAP-USDT -> no signal
2026-09-18 06:33:43 | INFO | [✓] DOGE-SWAP-USDT -> no signal
2026-09-18 06:33:43 | INFO | [✓] ADA-SWAP-USDT -> no signal
2026-09-18 06:33:43 | INFO | [✓] AVAX-SWAP-USDT -> no signal
2026-09-18 06:33:43 | INFO | [✓] DOT-SWAP-USDT -> no signal
2026-09-18 06:33:43 | INFO | [✓] RATSUSDT -> no signal
2026-09-18 06:33:43 | INFO | [✓] LINK-SWAP-USDT -> no signal
2026-09-18 06:33:43 | INFO | [✓] UNI-SWAP-USDT -> no signal
2026-09-18 06:33:43 | INFO | [✓] ATOM-SWAP-USDT -> no signal
2026-09-18 06:33:43 | INFO | [✓] LTC-SWAP-USDT -> no signal
2026-09-18 06:33:43 | INFO | [✓] EDEN-SWAP-USDT -> no signal
2026-09-18 06:33:43 | INFO | [✓] ARB-SWAP-USDT -> no signal
2026-09-18 06:33:43 | INFO | [✓] OP-SWAP-USDT -> no signal
2026-09-18 06:33:43 | INFO | [✓] WLD-SWAP-USDT -> no signal
2026-09-18 06:33:43 | INFO | [✓] SHIBUSDT -> no signal
2026-09-18 06:33:43 | INFO | [✓] ACEUSDT -> no signal
2026-09-18 06:33:43 | INFO | [✓] OPN-SWAP-USDT -> no signal
2026-09-18 06:33:43 | INFO | LOG: run_pipeline_parallel returned 0 signals
2026-09-18 06:33:43 | INFO | LOG: Entering notifier.deliver
2026-09-18 06:33:43 | INFO | [MAIN] No active signal.
2026-09-18 06:33:43 | INFO | LOG: Entering tracker.evaluate_open_signals
2026-09-18 06:33:43 | ERROR | [MAIN] tracker error: 'exit_reason'
2026-09-18 06:33:43 | INFO | 
2026-09-18 06:33:43 | INFO | ============================================================
2026-09-18 06:33:43 | INFO | 📊 CYCLE METRICS
2026-09-18 06:33:43 | INFO | ============================================================
2026-09-18 06:33:43 | INFO |   Total cycle time : 53179.9 ms
2026-09-18 06:33:43 | INFO |   Fetch            : 0.0 ms (0.0%)
2026-09-18 06:33:43 | INFO |   Cache            : 0.0 ms (0.0%)
2026-09-18 06:33:43 | INFO |   Phase 2 (indicators) : 2765.5 ms
2026-09-18 06:33:43 | INFO |   Phase 3 (structure)  : 2857.1 ms
2026-09-18 06:33:43 | INFO |   Phase 4 (FVG/OB)     : 1214.3 ms
2026-09-18 06:33:43 | INFO |   Phase 5 (patterns)   : 4094.2 ms
2026-09-18 06:33:43 | INFO |   Phase 6 (volume)     : 382.6 ms
2026-09-18 06:33:43 | INFO |   Phase 7 (scoring)    : 2012.8 ms
2026-09-18 06:33:43 | INFO |   Tracker            : 0.0 ms
2026-09-18 06:33:43 | INFO |   API requests       : 0
2026-09-18 06:33:43 | INFO |   Candles downloaded : 21
2026-09-18 06:33:43 | INFO |   Cache hits/misses  : 0/0
2026-09-18 06:33:43 | INFO |   Signals generated  : 0
2026-09-18 06:33:43 | INFO |   Signals rejected   : 0
2026-09-18 06:33:43 | INFO | ============================================================
2026-09-18 06:33:43 | INFO | [MAIN] Cycle done in 53.17s
2026-09-18 06:34:50 | INFO | 
[2026-09-18 06:34:50] Cycle start
2026-09-18 06:34:50 | INFO | [FETCH] due pairs: 21/84
2026-09-18 06:34:54 | INFO | [MAIN] No new data, skipping pipeline...
2026-09-18 06:34:54 | INFO | [MAIN] Cycle done in 4.15s
2026-09-18 06:36:50 | INFO | 
[2026-09-18 06:36:50] Cycle start
2026-09-18 06:36:50 | INFO | [FETCH] due pairs: 21/84
2026-09-18 06:36:52 | INFO | [✓] BTC-SWAP-USDT 5m  →  +1 candles
2026-09-18 06:36:52 | INFO | [✓] ETH-SWAP-USDT 5m  →  +1 candles
2026-09-18 06:36:52 | INFO | [✓] SOL-SWAP-USDT 5m  →  +1 candles
2026-09-18 06:36:52 | INFO | [✓] BNB-SWAP-USDT 5m  →  +1 candles
2026-09-18 06:36:52 | INFO | [✓] XRP-SWAP-USDT 5m  →  +1 candles
2026-09-18 06:36:52 | INFO | [✓] DOGE-SWAP-USDT 5m  →  +1 candles
2026-09-18 06:36:52 | INFO | [✓] ADA-SWAP-USDT 5m  →  +1 candles
2026-09-18 06:36:52 | INFO | [✓] AVAX-SWAP-USDT 5m  →  +1 candles
2026-09-18 06:36:52 | INFO | [✓] DOT-SWAP-USDT 5m  →  +1 candles
2026-09-18 06:36:53 | INFO | [✓] RATSUSDT 5m  →  +1 candles
2026-09-18 06:36:53 | INFO | [✓] LINK-SWAP-USDT 5m  →  +1 candles
2026-09-18 06:36:53 | INFO | [✓] UNI-SWAP-USDT 5m  →  +1 candles
2026-09-18 06:36:53 | INFO | [✓] ATOM-SWAP-USDT 5m  →  +1 candles
2026-09-18 06:36:53 | INFO | [✓] LTC-SWAP-USDT 5m  →  +1 candles
2026-09-18 06:36:53 | INFO | [✓] EDEN-SWAP-USDT 5m  →  +1 candles
2026-09-18 06:36:53 | INFO | [✓] ARB-SWAP-USDT 5m  →  +1 candles
2026-09-18 06:36:53 | INFO | [✓] OP-SWAP-USDT 5m  →  +1 candles
2026-09-18 06:36:53 | INFO | [✓] WLD-SWAP-USDT 5m  →  +1 candles
2026-09-18 06:36:53 | INFO | [✓] SHIBUSDT 5m  →  +1 candles
2026-09-18 06:36:53 | INFO | [✓] ACEUSDT 5m  →  +1 candles
2026-09-18 06:36:53 | INFO | [✓] OPN-SWAP-USDT 5m  →  +1 candles
2026-09-18 06:36:53 | INFO | LOG: Entering run_pipeline_parallel
2026-09-18 06:37:40 | INFO | [✓] BTC-SWAP-USDT -> no signal
2026-09-18 06:37:40 | INFO | [✓] ETH-SWAP-USDT -> no signal
2026-09-18 06:37:40 | INFO | [✓] SOL-SWAP-USDT -> no signal
2026-09-18 06:37:40 | INFO | [✓] BNB-SWAP-USDT -> no signal
2026-09-18 06:37:40 | INFO | [✓] XRP-SWAP-USDT -> no signal
2026-09-18 06:37:40 | INFO | [✓] DOGE-SWAP-USDT -> no signal
2026-09-18 06:37:40 | INFO | [✓] ADA-SWAP-USDT -> no signal
2026-09-18 06:37:40 | INFO | [✓] AVAX-SWAP-USDT -> no signal
2026-09-18 06:37:40 | INFO | [✓] DOT-SWAP-USDT -> no signal
2026-09-18 06:37:40 | INFO | [✓] RATSUSDT -> no signal
2026-09-18 06:37:40 | INFO | [✓] LINK-SWAP-USDT -> no signal
2026-09-18 06:37:40 | INFO | [✓] UNI-SWAP-USDT -> no signal
2026-09-18 06:37:40 | INFO | [✓] ATOM-SWAP-USDT -> no signal
2026-09-18 06:37:40 | INFO | [✓] LTC-SWAP-USDT -> no signal
2026-09-18 06:37:40 | INFO | [✓] EDEN-SWAP-USDT -> no signal
2026-09-18 06:37:40 | INFO | [✓] ARB-SWAP-USDT -> no signal
2026-09-18 06:37:40 | INFO | [✓] OP-SWAP-USDT -> no signal
2026-09-18 06:37:40 | INFO | [✓] WLD-SWAP-USDT -> no signal
2026-09-18 06:37:40 | INFO | [✓] SHIBUSDT -> no signal
2026-09-18 06:37:40 | INFO | [✓] ACEUSDT -> no signal
2026-09-18 06:37:40 | INFO | [✓] OPN-SWAP-USDT -> no signal
2026-09-18 06:37:40 | INFO | LOG: run_pipeline_parallel returned 0 signals
2026-09-18 06:37:40 | INFO | LOG: Entering notifier.deliver
2026-09-18 06:37:40 | INFO | [MAIN] No active signal.
2026-09-18 06:37:40 | INFO | LOG: Entering tracker.evaluate_open_signals
2026-09-18 06:37:40 | ERROR | [MAIN] tracker error: 'exit_reason'
2026-09-18 06:37:40 | INFO | 
2026-09-18 06:37:40 | INFO | ============================================================
2026-09-18 06:37:40 | INFO | 📊 CYCLE METRICS
2026-09-18 06:37:40 | INFO | ============================================================
2026-09-18 06:37:40 | INFO |   Total cycle time : 49759.0 ms
2026-09-18 06:37:40 | INFO |   Fetch            : 0.0 ms (0.0%)
2026-09-18 06:37:40 | INFO |   Cache            : 0.0 ms (0.0%)
2026-09-18 06:37:40 | INFO |   Phase 2 (indicators) : 2889.3 ms
2026-09-18 06:37:40 | INFO |   Phase 3 (structure)  : 2852.4 ms
2026-09-18 06:37:40 | INFO |   Phase 4 (FVG/OB)     : 1244.2 ms
2026-09-18 06:37:40 | INFO |   Phase 5 (patterns)   : 4085.6 ms
2026-09-18 06:37:40 | INFO |   Phase 6 (volume)     : 392.2 ms
2026-09-18 06:37:40 | INFO |   Phase 7 (scoring)    : 2067.2 ms
2026-09-18 06:37:40 | INFO |   Tracker            : 0.0 ms
2026-09-18 06:37:40 | INFO |   API requests       : 0
2026-09-18 06:37:40 | INFO |   Candles downloaded : 21
2026-09-18 06:37:40 | INFO |   Cache hits/misses  : 0/0
2026-09-18 06:37:40 | INFO |   Signals generated  : 0
2026-09-18 06:37:40 | INFO |   Signals rejected   : 0
2026-09-18 06:37:40 | INFO | ============================================================
2026-09-18 06:37:40 | INFO | [MAIN] Cycle done in 49.74s
2026-09-18 06:38:50 | INFO | 
[2026-09-18 06:38:50] Cycle start
2026-09-18 06:38:50 | INFO | [FETCH] due pairs: 21/84
2026-09-18 06:38:53 | INFO | [MAIN] No new data, skipping pipeline...
2026-09-18 06:38:53 | INFO | [MAIN] Cycle done in 3.50s
2026-09-18 06:40:50 | INFO | 
[2026-09-18 06:40:50] Cycle start
2026-09-18 06:40:50 | INFO | [FETCH] due pairs: 42/84
2026-09-18 06:40:54 | INFO | [✓] BTC-SWAP-USDT 5m  →  +1 candles
2026-09-18 06:40:54 | INFO | [✓] ETH-SWAP-USDT 5m  →  +1 candles
2026-09-18 06:40:54 | INFO | [✓] SOL-SWAP-USDT 5m  →  +1 candles
2026-09-18 06:40:54 | INFO | [✓] BNB-SWAP-USDT 5m  →  +1 candles
2026-09-18 06:40:54 | INFO | [✓] XRP-SWAP-USDT 5m  →  +1 candles
2026-09-18 06:40:54 | INFO | [✓] DOGE-SWAP-USDT 5m  →  +1 candles
2026-09-18 06:40:55 | INFO | [✓] ADA-SWAP-USDT 5m  →  +1 candles
2026-09-18 06:40:55 | INFO | [✓] AVAX-SWAP-USDT 5m  →  +1 candles
2026-09-18 06:40:55 | INFO | [✓] DOT-SWAP-USDT 5m  →  +1 candles
2026-09-18 06:40:55 | INFO | [✓] RATSUSDT 5m  →  +1 candles
2026-09-18 06:40:55 | INFO | [✓] LINK-SWAP-USDT 5m  →  +1 candles
2026-09-18 06:40:55 | INFO | [✓] UNI-SWAP-USDT 5m  →  +1 candles
2026-09-18 06:40:55 | INFO | [✓] ATOM-SWAP-USDT 5m  →  +1 candles
2026-09-18 06:40:55 | INFO | [✓] LTC-SWAP-USDT 5m  →  +1 candles
2026-09-18 06:40:55 | INFO | [✓] EDEN-SWAP-USDT 5m  →  +1 candles
2026-09-18 06:40:56 | INFO | [✓] ARB-SWAP-USDT 5m  →  +1 candles
2026-09-18 06:40:56 | INFO | [✓] OP-SWAP-USDT 5m  →  +1 candles
2026-09-18 06:40:56 | INFO | [✓] WLD-SWAP-USDT 5m  →  +1 candles
2026-09-18 06:40:56 | INFO | [✓] SHIBUSDT 5m  →  +1 candles
2026-09-18 06:40:56 | INFO | [✓] ACEUSDT 5m  →  +1 candles
2026-09-18 06:40:56 | INFO | [✓] OPN-SWAP-USDT 5m  →  +1 candles
2026-09-18 06:40:56 | INFO | LOG: Entering run_pipeline_parallel
